# File exported by ZBrush version 2023
# www.zbrush.com
#Vertex Count 7503
#Face Count 7501
#Auto scale x=1.000000 y=1.000000 z=1.000000
#Auto offset x=0.000000 y=0.000000 z=0.000000
v 0.33027744 23.45266532 -6.79658222
v -1.10670959 10.41801357 -7.03349828
v -0.78658676 10.43009853 -7.4518547
v 0.68039608 10.51666736 -7.68092918
v 0.33649444 23.4519577 -8.01387596
v 1.60705924 10.5714817 -7.87774181
v 1.36469817 23.31257629 -8.19470405
v -0.28374528 23.53626823 -8.86061573
v -1.14311468 10.42445087 -8.72467231
v -1.17598974 10.47918605 -8.71416473
v -1.16843998 10.46181392 -8.74357986
v 0.2091546 10.48897838 -9.7410345
v 0.26260662 23.46169281 -6.81548118
v 0.23088121 23.46586608 -6.70699214
v 0.31862831 23.45422172 -6.69414758
v 0.39669466 23.44381141 -6.80490016
v 0.33635139 23.45183181 -6.89570713
v 0.40578603 23.44273185 -6.68671417
v -1.15014135 10.50999164 -7.02134418
v -1.16750824 10.50062084 -7.06900787
v -1.16001427 10.45542526 -7.03559494
v -1.11751949 10.49678421 -6.98397159
v -1.17822182 10.45539474 -7.10406875
v -1.27198922 10.42703342 -7.22465467
v -1.21459364 10.40402126 -7.21667289
v -1.14026606 10.40836715 -7.22719621
v -0.99982404 10.41822052 -7.06493473
v -1.03050994 10.44724559 -6.94370842
v -0.90239334 10.4231491 -7.37377834
v -0.96145916 10.41969394 -7.50612545
v -0.80715036 10.42890358 -7.54141998
v -0.68002271 10.43643569 -7.52346706
v -0.71325302 10.43445682 -7.39833164
v -0.81152534 10.42865562 -7.26693153
v 0.70088672 10.51784229 -7.59998893
v 0.60954189 10.51244258 -7.59195041
v 0.61226654 10.51265335 -7.70238542
v 0.64465522 10.5145998 -7.78608608
v 0.72303676 10.51920795 -7.72877502
v 0.7787075 10.52245807 -7.63132
v 0.28603267 23.45879745 -8.0022335
v 0.30821895 23.45578002 -7.9508562
v 0.36595535 23.44795799 -7.98305606
v 0.39474535 23.444067 -8.03868579
v 0.34425926 23.45091438 -8.06233787
v 0.2800827 23.4596157 -8.06352424
v 1.56440901 10.56891536 -7.82615757
v 1.50951457 10.56574153 -7.89631605
v 1.58152174 10.57005214 -7.94240665
v 1.70409655 10.57716083 -7.85003995
v 1.66955041 10.57492065 -7.75702238
v 1.70524573 10.57746124 -7.94820404
v 1.3484714 23.3147583 -8.13270092
v 1.50014948 23.29415321 -8.13879966
v 1.49030852 23.29551506 -8.22296524
v 1.48022437 23.29693412 -8.31059646
v 1.34274077 23.31558036 -8.25438499
v 1.24587512 23.32869339 -8.16734218
v -0.32738971 23.54216766 -8.79945087
v -0.19768047 23.52455329 -8.76759815
v -0.22536087 23.52835464 -8.89798736
v -0.30875015 23.53972625 -9.01972103
v -0.37390756 23.54855346 -8.95471191
v -1.16902601 10.42399025 -8.51461029
v -1.18684256 10.47616672 -8.49220562
v -1.16784393 10.48010444 -8.63721466
v -1.04765427 10.41510868 -8.72898101
v -1.10727083 10.41481971 -8.52440071
v -1.17824041 10.5248661 -8.71611309
v -1.17968332 10.51953029 -8.75414085
v -1.17281162 10.46848583 -8.69235992
v -1.17272436 10.5321083 -8.67297649
v 0.1559453 10.48593044 -9.70324039
v 0.11141538 10.48334312 -9.77588176
v 0.18962049 10.48779487 -9.81143379
v 0.28030204 10.49317359 -9.73945522
v 0.2304368 10.49025249 -9.65449237
v 0.28450012 10.49344444 -9.83658409
v 0.17208528 10.48686027 -9.87325859
v 0.28076267 10.49340057 -9.90174102
v 0.40465688 10.50093269 -9.91111373
v 0.38952541 10.49971962 -9.84144878
v 0.36732864 10.49830341 -9.75230407
v 0.51132917 10.50672531 -9.83466339
v 0.47758817 10.50469684 -9.75074672
v 0.41912889 10.50129604 -9.63884544
v 0.31798934 10.49538421 -9.64605522
v 0.34377384 10.49690437 -9.5479412
v 0.2493782 10.49137687 -9.57540035
v 0.16459417 10.48643112 -9.61647605
v 0.0937972 10.48242282 -9.67602634
v 0.16010522 10.48614978 -9.51678085
v 0.07279062 10.48111343 -9.57912826
v 0.01189565 10.47780227 -9.63453388
v -0.09008407 10.47168731 -9.57891845
v -0.1254282 10.46982288 -9.61551952
v -0.02740907 10.47593021 -9.6748085
v 0.04845571 10.47994232 -9.72977733
v -0.03847742 10.47455024 -9.52966976
v 0.04680109 10.47947311 -9.45854663
v -0.07979965 10.47189331 -9.39037132
v -0.15988445 10.46714401 -9.4631195
v -0.20657539 10.46446228 -9.50949859
v -0.32860374 10.45650482 -9.41734409
v -0.36490392 10.45400619 -9.4536724
v -0.24022245 10.46264457 -9.54572582
v -0.28501844 10.45933818 -9.3761444
v -0.20888423 10.46408557 -9.30632305
v -0.33550643 10.45666503 -9.19735908
v -0.41224288 10.45190429 -9.26428604
v -0.45665597 10.44910049 -9.30350399
v -0.4940629 10.44663238 -9.33772277
v -0.53778696 10.44515514 -9.13406753
v -0.58659601 10.44244766 -9.17390441
v -0.62998724 10.44018745 -9.20954799
v -0.66982889 10.43857193 -9.24169445
v -0.53053617 10.44414901 -9.37098503
v -0.72033977 10.43474197 -9.03446769
v -0.76597213 10.4323492 -9.06766891
v -0.80878591 10.43044185 -9.09797191
v -0.85349845 10.42989635 -9.12826252
v -0.7073307 10.43826007 -9.27273845
v -0.89194679 10.42455673 -8.90223693
v -0.9383049 10.42283821 -8.92738914
v -0.98842334 10.42402362 -8.94701194
v -1.00720357 10.43775653 -8.98981189
v -0.8851118 10.44560337 -9.15354347
v -1.10818302 10.42589378 -8.8534708
v -1.00576925 10.48367404 -9.00039386
v -0.89082813 10.49066543 -9.15391445
v -0.7425847 10.49927711 -9.29345035
v -0.73460674 10.45454025 -9.29458618
v -0.59932851 10.50451946 -9.42753601
v -0.59391832 10.45788574 -9.42877388
v -0.5663762 10.44168567 -9.40370655
v -0.46667528 10.46299266 -9.55739593
v -0.43574667 10.44889164 -9.52598571
v -0.39988231 10.45147609 -9.48972034
v -0.30804538 10.46032714 -9.62424087
v -0.27362966 10.46099853 -9.58423328
v -0.19030475 10.46863937 -9.69234657
v -0.16070461 10.46848678 -9.65326309
v -0.0909233 10.4753952 -9.74716949
v -0.06191968 10.47475719 -9.71273136
v -0.01722288 10.47839546 -9.81193351
v 0.01484727 10.47853756 -9.77254867
v 0.05715608 10.48132515 -9.88330936
v 0.08524751 10.48193359 -9.82945346
v 0.15316915 10.48623657 -9.93363761
v 0.02829694 10.48395919 -9.93392372
v 0.13989114 10.48748779 -9.99129867
v 0.27799224 10.49554157 -10.01712322
v 0.27800369 10.49377727 -9.96320056
v 0.43174409 10.50811004 -10.02244186
v 0.4177556 10.50265407 -9.97029399
v 0.58402919 10.51555824 -10.01328563
v 0.55978059 10.51106834 -9.9591732
v 0.53592252 10.50846099 -9.89942741
v 0.69879055 10.51796054 -9.91631794
v 0.66663456 10.51557922 -9.86032581
v 0.6337347 10.51362896 -9.80361747
v 0.79942798 10.52312564 -9.79109573
v 0.7573862 10.52073478 -9.73824691
v 0.70846557 10.51800537 -9.67694759
v 0.58814048 10.51104641 -9.72772407
v 0.64108276 10.51421356 -9.59195804
v 0.52769136 10.50760555 -9.62423706
v 0.56085825 10.50963401 -9.49100589
v 0.44799757 10.50300788 -9.52296257
v 0.45908403 10.50370979 -9.38615131
v 0.35129451 10.49736499 -9.4294548
v 0.25221061 10.491539 -9.47112751
v 0.2356925 10.4905672 -9.34133434
v 0.1370635 10.4847536 -9.39657783
v 0.10988283 10.48313427 -9.25188064
v 0.00967359 10.47719383 -9.32086181
v -0.01917409 10.47548294 -9.15731811
v -0.11998844 10.46946144 -9.23241996
v -0.14434623 10.46809959 -9.05086326
v -0.24707651 10.46197891 -9.12664413
v -0.26442861 10.46107482 -8.93224716
v -0.37052869 10.45483017 -9.00547885
v -0.46190214 10.44949817 -9.07291126
v -0.48469972 10.44819068 -8.87134361
v -0.58192968 10.44255733 -8.93546772
v -0.66436147 10.43784904 -8.99413299
v -0.69013166 10.43607139 -8.78635597
v -0.78243207 10.43065452 -8.83950138
v -0.84342956 10.42714214 -8.87296199
v -0.87368488 10.42504406 -8.66696262
v -0.93916034 10.42109012 -8.69460678
v -0.99219608 10.41792964 -8.71629142
v -0.9957757 10.41811752 -8.50666427
v -1.05005705 10.41555118 -8.51901531
v -1.04536354 10.4157772 -8.30595684
v -1.10301363 10.41264534 -8.31685733
v -1.16305553 10.40922164 -8.32490348
v -1.2292478 10.40488338 -8.14311313
v -1.27981412 10.41061687 -8.14889431
v -1.21786141 10.41854286 -8.32639694
v -1.17040693 10.40822982 -8.13337516
v -1.23093056 10.40337657 -7.95557498
v -1.29154431 10.39944553 -7.96074104
v -1.11050522 10.41177558 -8.12193775
v -1.1666795 10.40754795 -7.95015716
v -1.20278286 10.40554332 -7.77602863
v -1.26672971 10.40175056 -7.77417802
v -1.04351103 10.41564559 -8.10947036
v -1.0931946 10.41215705 -7.94416904
v -1.12219727 10.41034603 -7.7775855
v -1.12304985 10.41028308 -7.61924362
v -1.20659089 10.40543556 -7.60483598
v -0.97786665 10.41910457 -7.92923879
v -0.99889898 10.41769027 -7.77712917
v -0.99312686 10.41793823 -7.63741445
v -1.09092485 10.4118967 -7.46492099
v -0.85724926 10.42607784 -7.77191591
v -0.84266614 10.42685699 -7.64739322
v -0.7096591 10.43477726 -7.74981975
v -0.69353723 10.43567085 -7.63001298
v -0.57759237 10.44254589 -7.71174526
v -0.58126592 10.44229221 -7.59039402
v -0.59410142 10.44150924 -7.47227287
v -0.49927949 10.44709777 -7.40129947
v -0.53940248 10.44474601 -7.25527572
v -0.6377263 10.43893432 -7.31861686
v -0.47581434 10.44850063 -7.5349493
v -0.4598279 10.44947242 -7.66278457
v -0.34394836 10.45628356 -7.60683155
v -0.366714 10.45491504 -7.47156429
v -0.39412736 10.45328426 -7.33491897
v -0.27895975 10.46004009 -7.27568054
v -0.30606269 10.45843315 -7.15070676
v -0.42660331 10.45137214 -7.20123767
v -0.25271749 10.46160793 -7.40883731
v -0.13292217 10.46863079 -7.35037136
v -0.15558147 10.46726226 -7.21995353
v -0.22757482 10.4631195 -7.54948091
v -0.10905361 10.4700756 -7.49378538
v 0.01191949 10.47717094 -7.44383621
v -0.00786447 10.475955 -7.29965972
v -0.20304775 10.46459865 -7.68903732
v -0.08428287 10.47157383 -7.63667392
v 0.03442907 10.47854328 -7.58851528
v -0.05662488 10.4732418 -7.77662372
v 0.0606513 10.4801321 -7.72844314
v 0.17644357 10.48693752 -7.68576717
v 0.15289545 10.48550128 -7.54687261
v 0.13411665 10.48433971 -7.40308904
v 0.25789642 10.49160671 -7.37268257
v 0.24926757 10.49102687 -7.2347908
v 0.11977434 10.48343277 -7.26077175
v 0.27131557 10.49245929 -7.51335334
v 0.38856315 10.49935627 -7.4877901
v 0.38201522 10.49890232 -7.35254287
v 0.29043865 10.4936428 -7.64947986
v 0.40109682 10.50015449 -7.62063503
v 0.31631183 10.49521637 -7.78113365
v 0.42234563 10.50145912 -7.7483015
v 0.5229516 10.50738716 -7.72185516
v 0.50776815 10.50643825 -7.6004076
v 0.50432157 10.50617408 -7.47273492
v 0.61798763 10.51288127 -7.47026252
v 0.63395214 10.51375484 -7.34669065
v 0.5080657 10.50632381 -7.34329986
v 0.6533308 10.51481914 -7.22904682
v 0.51655149 10.50674629 -7.22043132
v 0.3806324 10.49874496 -7.22137451
v 0.52802991 10.50733184 -7.10476064
v 0.38244247 10.49877452 -7.09934997
v 0.24435758 10.49066448 -7.10765743
v 0.38905048 10.49909305 -6.98466682
v 0.24319315 10.49050903 -6.98806476
v 0.0995984 10.48210334 -7.01086044
v 0.10883188 10.48272228 -7.13094902
v -0.04243993 10.47381496 -7.05220699
v -0.02505922 10.47488975 -7.16938161
v -0.17846202 10.46588802 -7.10171365
v -0.06144952 10.47263908 -6.94607353
v -0.20353317 10.46441078 -6.99139356
v -0.33323574 10.45686435 -7.03405189
v -0.22075557 10.46349906 -6.92666149
v -0.3507843 10.45599556 -6.96259832
v -0.47970247 10.44828319 -6.98783779
v -0.45841169 10.4495182 -7.07752084
v -0.61464834 10.44042015 -7.02003479
v -0.58263063 10.44224739 -7.12443637
v -0.75250434 10.43239593 -7.07830715
v -0.70282125 10.43517875 -7.18272447
v -0.88941621 10.42410278 -7.16805744
v -0.78254652 10.43086814 -7.00829315
v -0.94370365 10.42106628 -7.10765171
v -1.07715237 10.41233348 -7.25666046
v -1.00911426 10.41662025 -7.30128049
v -1.16746866 10.40715694 -7.43677759
v -1.2318995 10.40299034 -7.41685247
v -1.27028977 10.40185546 -7.59344911
v -1.29780948 10.39884948 -7.40648365
v -1.33370256 10.39876079 -7.58590507
v -1.32557964 10.39856338 -7.77171897
v -1.38698577 10.3973484 -7.58116293
v -1.37619686 10.39715004 -7.76734876
v -1.34031438 10.39713287 -7.96478271
v -1.3906269 10.44753646 -7.75797271
v -1.37413263 10.44820594 -7.96399784
v -1.28657424 10.4605236 -8.14017581
v -1.37841892 10.50647831 -7.95547533
v -1.28569781 10.51730632 -8.12586975
v -1.24039435 10.5290842 -8.30113697
v -1.23200726 10.47221374 -8.31449317
v -1.19346821 10.53442764 -8.47156047
v -1.24832177 10.58988857 -8.28793335
v -1.20166945 10.593544 -8.45230007
v -1.16717779 10.59694671 -8.57868194
v -1.1691972 10.53651237 -8.60391521
v -1.16741764 10.59286308 -8.66238784
v -1.16541683 10.67407417 -8.55192184
v -1.15873301 10.6804142 -8.64795303
v -1.17818749 10.68696498 -8.71679973
v -1.18027842 10.59230995 -8.71872234
v -1.17762672 10.68989086 -8.7823286
v -1.18450129 10.59282016 -8.77078533
v -1.14804279 10.68776321 -8.85315704
v -1.15973913 10.59449958 -8.83620166
v -1.16930878 10.51759719 -8.80332279
v -1.08568441 10.59512996 -8.90394401
v -1.09926378 10.52364826 -8.8910284
v -1.11235058 10.46992874 -8.87711143
v -1.16500532 10.46395015 -8.76585483
v -1.00028133 10.59811115 -9.00906944
v -1.00213432 10.53617286 -9.00434303
v -0.8929758 10.60154056 -9.14572525
v -0.89181995 10.54342079 -9.15002632
v -0.75303888 10.60577774 -9.28392791
v -0.74693679 10.55003166 -9.28883361
v -0.60833883 10.60893535 -9.42064857
v -0.6032567 10.55535697 -9.42397785
v -0.47662973 10.61074543 -9.55068969
v -0.47506666 10.55833149 -9.55418205
v -0.47249937 10.50821685 -9.55779743
v -0.35394144 10.56008625 -9.66371059
v -0.35308313 10.50925731 -9.66817474
v -0.34064674 10.46696853 -9.65623855
v -0.23350191 10.51049709 -9.74112415
v -0.21726894 10.47190189 -9.729043
v -0.12360477 10.51299476 -9.78821659
v -0.11817646 10.47957134 -9.78204727
v -0.05304193 10.51369476 -9.86610031
v -0.04731035 10.48204708 -9.84880256
v 0.00956869 10.51365089 -9.96725845
v -0.04961919 10.56035804 -9.87246418
v 0.01346063 10.56074237 -9.97026634
v 0.13367033 10.57094955 -10.02739143
v 0.13367986 10.51782131 -10.02798748
v 0.29265022 10.58309936 -10.04217624
v 0.2813425 10.52854251 -10.0469799
v 0.46237039 10.59050941 -10.0274477
v 0.44531774 10.53602886 -10.03686046
v 0.6184597 10.6080141 -10.03482437
v 0.60764694 10.55344009 -10.05298328
v 0.74123668 10.6127758 -9.95591449
v 0.74361515 10.55737018 -9.98074054
v 0.72985267 10.52182769 -9.96400737
v 0.88337135 10.56811142 -9.89083957
v 0.87360954 10.52991581 -9.87833023
v 0.8378067 10.52561473 -9.83697986
v 1.0078783 10.53636932 -9.77575492
v 0.96851062 10.53308582 -9.73718547
v 0.92552089 10.5305109 -9.69702911
v 1.07582402 10.53850936 -9.619524
v 1.03185391 10.53681469 -9.58450412
v 0.98397922 10.53434371 -9.54702091
v 0.87828159 10.5278759 -9.65302562
v 0.93336486 10.5314989 -9.50700187
v 0.8256483 10.52493286 -9.60190773
v 0.85902881 10.52722263 -9.44268417
v 0.75609779 10.52100086 -9.53048133
v 0.76949977 10.5220375 -9.35601615
v 0.6685152 10.51598739 -9.43500232
v 0.67204284 10.5163412 -9.259902
v 0.56849622 10.51018047 -9.33133125
v 0.56050634 10.50978565 -9.15298938
v 0.45321416 10.50341701 -9.2223978
v 0.34307289 10.49690341 -9.28426361
v 0.32967758 10.49614048 -9.11351299
v 0.21747064 10.48950004 -9.1834774
v 0.20614671 10.48885059 -9.00527954
v 0.09171915 10.48206996 -9.08076572
v 0.08794355 10.48187351 -8.89435958
v -0.03034353 10.47486782 -8.97209167
v -0.0227561 10.47534942 -8.77705192
v -0.14547538 10.46810245 -8.85442829
v -0.12431049 10.4693737 -8.65251541
v -0.25053548 10.46193599 -8.72767829
v -0.37468385 10.45463275 -8.80256748
v -0.34179019 10.45657444 -8.59239292
v -0.46835851 10.44912719 -8.66279029
v -0.58305597 10.44237899 -8.72624778
v -0.54447507 10.44464683 -8.51338672
v -0.66244459 10.43768024 -8.57245063
v -0.77532672 10.43096065 -8.62507629
v -0.72437763 10.43410587 -8.40655231
v -0.83726215 10.42744541 -8.45272445
v -0.93406438 10.42168617 -8.48664474
v -0.89073181 10.42452716 -8.26415729
v -0.98624706 10.41907978 -8.2920866
v -0.93905878 10.42164421 -8.08776187
v -0.775527 10.4311819 -8.22889709
v -0.81734609 10.42867851 -8.0614376
v -0.84570932 10.4268856 -7.90997171
v -0.68884801 10.43615722 -8.027956
v -0.70803928 10.43495273 -7.88160705
v -0.55509042 10.44398021 -7.9848957
v -0.57228899 10.44291496 -7.84216165
v -0.42302608 10.45172309 -7.93523073
v -0.44437646 10.45042324 -7.79463005
v -0.29697752 10.45912265 -7.88226747
v -0.32232284 10.45759201 -7.74265098
v -0.17556095 10.46625328 -7.82874107
v -0.26409006 10.46109294 -8.02604579
v -0.14191246 10.46827125 -7.96981811
v -0.02343893 10.47523498 -7.91550159
v -0.09833812 10.47086811 -8.11124897
v 0.01942396 10.47779369 -8.05308055
v 0.13259553 10.48445224 -7.9995718
v 0.09240675 10.48204517 -7.86565113
v 0.24315977 10.49095916 -7.95112896
v 0.20587015 10.48871707 -7.82057571
v 0.35109424 10.49731349 -7.90826988
v 0.29302978 10.49393558 -8.0773735
v 0.39848852 10.50014686 -8.02683067
v 0.50056982 10.50615882 -7.97465801
v 0.45434904 10.50339412 -7.86862373
v 0.59847354 10.51192188 -7.91829824
v 0.55305337 10.50920677 -7.82997798
v 0.68976879 10.51729393 -7.85598182
v 0.65782451 10.51545906 -8.00472354
v 0.7484312 10.52078914 -7.92805004
v 0.83517551 10.52588081 -7.840209
v 0.77570247 10.52234077 -7.7793951
v 0.91453838 10.53052997 -7.73864078
v 0.84678459 10.5265007 -7.67862653
v 0.9859209 10.53471088 -7.63078212
v 0.90744686 10.53004646 -7.56762981
v 0.82301425 10.52503109 -7.51887416
v 0.96275234 10.53328418 -7.45690536
v 0.86649894 10.52755832 -7.40263366
v 0.75632381 10.52100563 -7.36540699
v 0.72585201 10.51926517 -7.48539447
v 0.90999794 10.53009605 -7.29263591
v 0.78847599 10.52284145 -7.25463581
v 0.95189094 10.53255558 -7.19047641
v 0.82241916 10.52474498 -7.14905929
v 0.67768669 10.51614761 -7.12145614
v 0.85887146 10.52675151 -7.04494094
v 0.7046318 10.51757335 -7.01625204
v 0.54498529 10.50824832 -6.99695682
v 0.72446441 10.5185728 -6.94194507
v 0.56364202 10.50929641 -6.91267013
v 0.40192651 10.49982833 -6.88480711
v 0.57700681 10.5101118 -6.86047172
v 0.41367864 10.50059032 -6.8220644
v 0.24459409 10.49030494 -6.80162334
v 0.24547338 10.4905138 -6.87743473
v 0.0802617 10.48078727 -6.822052
v 0.08963632 10.48142051 -6.90037632
v -0.07855606 10.47160244 -6.87271356
v 0.07149839 10.48025417 -6.76293754
v -0.09299373 10.47076511 -6.82142305
v -0.23638963 10.46281433 -6.8716793
v -0.10958671 10.47007274 -6.76869869
v -0.25201368 10.46273517 -6.81961536
v -0.3803811 10.45648765 -6.84701871
v -0.36589002 10.45562076 -6.90112924
v -0.50635004 10.44682788 -6.86625433
v -0.493546 10.44745826 -6.92463588
v -0.6432147 10.43927002 -6.89313077
v -0.63055658 10.4395256 -6.95338916
v -0.81128788 10.42977809 -6.95178127
v -0.6569724 10.44097137 -6.83937215
v -0.8475728 10.42956829 -6.90471601
v -0.6643157 10.4635086 -6.79445838
v -0.84018802 10.44955921 -6.83912181
v -0.6633315 10.51626873 -6.78869867
v -0.82914018 10.50193119 -6.83108425
v -0.9914174 10.49392986 -6.91809177
v -0.82225894 10.56169414 -6.82934904
v -0.97748184 10.54937362 -6.91429042
v -1.09345352 10.54978275 -6.97295665
v -0.96390724 10.61471366 -6.91306591
v -1.07764875 10.6124773 -6.96833562
v -1.13404476 10.61336708 -7.02760791
v -1.14440596 10.55109977 -7.02589273
v -1.16011059 10.61192989 -7.09504509
v -1.1658703 10.55058956 -7.08295536
v -1.20008635 10.60292911 -7.19287443
v -1.19879603 10.5432415 -7.16418504
v -1.19175779 10.49443626 -7.1363902
v -1.29251229 10.53147411 -7.28885459
v -1.28830897 10.4763174 -7.25435304
v -1.36892509 10.51540279 -7.43757963
v -1.3703947 10.45279693 -7.42005682
v -1.35134029 10.39683151 -7.4057846
v -1.40988779 10.44792175 -7.57925844
v -1.40901565 10.50987052 -7.57958221
v -1.38918638 10.50774288 -7.74886417
v -1.40796709 10.57691192 -7.58648347
v -1.38534832 10.57082843 -7.74422073
v -1.38341856 10.56697082 -7.94717884
v -1.38445282 10.66230297 -7.74787712
v -1.39039802 10.65417003 -7.93876314
v -1.28989684 10.65641593 -8.09150314
v -1.2872051 10.57701873 -8.10858726
v -1.25559878 10.6651287 -8.27049541
v -1.29713761 10.7894392 -8.07151126
v -1.26282012 10.80082798 -8.2376852
v -1.227391 10.80800724 -8.38787651
v -1.21201443 10.66990947 -8.42838192
v -1.17776262 10.80803299 -8.51589107
v -1.25207352 10.97198772 -8.33627891
v -1.20459199 10.97227382 -8.46799755
v -1.15712034 10.97249412 -8.57844638
v -1.15239203 10.81276702 -8.62054348
v -1.16844141 10.97255134 -8.67215633
v -1.17240679 10.81503963 -8.70317649
v -1.17154705 10.97133731 -8.75783252
v -1.1747595 10.81672287 -8.78017616
v -1.1332103 10.96720218 -8.83961582
v -1.14052307 10.81418037 -8.85727596
v -1.06455242 10.95989227 -8.90417575
v -1.06524431 10.80621433 -8.91066646
v -1.07378208 10.67960453 -8.91146946
v -0.99328756 10.79659462 -9.00935554
v -0.9983592 10.67112541 -9.0123434
v -0.89123725 10.7847433 -9.13671398
v -0.89391231 10.66658306 -9.14138698
v -0.76762485 10.77490711 -9.27710151
v -0.75835657 10.66579246 -9.28003597
v -0.62423181 10.76784324 -9.40814685
v -0.61343622 10.66434192 -9.41649818
v -0.48239088 10.76285362 -9.54014682
v -0.47870588 10.6652317 -9.54663276
v -0.3496685 10.76393604 -9.64620208
v -0.35116958 10.66797256 -9.65278911
v -0.35297441 10.61202526 -9.65861034
v -0.22327613 10.66864109 -9.72337055
v -0.22928857 10.61268234 -9.73007774
v -0.23279714 10.56127357 -9.73597812
v -0.11211967 10.61209487 -9.78046798
v -0.12017154 10.56075859 -9.78477859
v -0.04649686 10.61184501 -9.87890148
v -0.10511398 10.67020797 -9.78321933
v -0.04880476 10.68021869 -9.88514995
v 0.02172613 10.69511604 -9.97263336
v 0.01691293 10.61752414 -9.97379207
v 0.14551115 10.7037754 -10.01112556
v 0.13636636 10.62895393 -10.02087116
v 0.31215572 10.70957946 -10.02244281
v 0.30306053 10.63690567 -10.03345108
v 0.48495435 10.72494506 -10.00412654
v 0.47726011 10.64841651 -10.01623153
v 0.63444328 10.74818038 -9.977458
v 0.63022899 10.67066764 -10.00992202
v 0.74378871 10.74748039 -9.89115619
v 0.74152374 10.67345142 -9.92693805
v 0.86473751 10.74921226 -9.81583976
v 0.87074661 10.68031215 -9.84633922
v 0.87639141 10.62381649 -9.87236976
v 0.98258972 10.68201255 -9.76085472
v 0.99724102 10.62845325 -9.77113819
v 1.01334595 10.57732105 -9.78591346
v 1.09073877 10.63518333 -9.65490913
v 1.11386442 10.58348941 -9.65868282
v 1.1166377 10.54054927 -9.64911651
v 1.19601488 10.59816646 -9.51134204
v 1.19972086 10.55011749 -9.49955749
v 1.16111993 10.54667758 -9.47604274
v 1.2622621 10.57816791 -9.36142635
v 1.23381304 10.55689144 -9.34182643
v 1.19130373 10.54881668 -9.3143301
v 1.11570692 10.54296779 -9.44793033
v 1.14967966 10.54516506 -9.28754997
v 1.06841683 10.53996086 -9.41833496
v 1.10779619 10.54248428 -9.2598896
v 1.02110695 10.53707027 -9.38635158
v 1.05055928 10.53898048 -9.22009086
v 0.95552349 10.53316021 -9.33786201
v 0.96990776 10.53415203 -9.15768146
v 0.86819076 10.52799797 -9.26278972
v 0.8765316 10.52859973 -9.0786066
v 0.77311611 10.52239513 -9.17403411
v 0.77383613 10.52250099 -8.98841285
v 0.66692447 10.51612091 -9.0749073
v 0.65724659 10.5155878 -8.88474273
v 0.54889822 10.50914382 -8.96591186
v 0.43980169 10.50266647 -9.04167652
v 0.43096303 10.50216865 -8.85575103
v 0.31933212 10.49555397 -8.93095016
v 0.31806469 10.49549007 -8.74455547
v 0.20461225 10.48877716 -8.81899356
v 0.21240186 10.4892416 -8.6300106
v 0.0970292 10.48242473 -8.70245552
v 0.11587381 10.48353958 -8.50927829
v -0.00114202 10.47663593 -8.57940292
v 0.03082895 10.47851467 -8.38247871
v -0.08792972 10.47151851 -8.45003891
v -0.21280288 10.46416664 -8.52039718
v -0.16082668 10.46721553 -8.31400203
v -0.28695344 10.45979785 -8.38080596
v -0.41773414 10.45210552 -8.44884109
v -0.34646987 10.45628547 -8.23353195
v -0.477921 10.44856834 -8.29595851
v -0.60593938 10.44105529 -8.35436248
v -0.52393579 10.44585132 -8.13800907
v -0.65469312 10.43820953 -8.18783092
v -0.39130449 10.45362472 -8.08294391
v -0.21970176 10.46373367 -8.17163467
v -0.04082059 10.47427845 -8.2496767
v 0.14421987 10.48519706 -8.31761169
v 0.07474851 10.481081 -8.18793869
v 0.2525835 10.49158287 -8.25601577
v 0.18524313 10.48758697 -8.13084411
v 0.35794925 10.49779415 -8.19608402
v 0.33514785 10.49647808 -8.37413597
v 0.43857526 10.50258159 -8.30765342
v 0.54013586 10.50857162 -8.23890781
v 0.46176862 10.50391387 -8.13587093
v 0.63793754 10.51433467 -8.1666069
v 0.56226873 10.50983524 -8.07280349
v 0.73036098 10.51977825 -8.08764171
v 0.72555351 10.51954746 -8.25556945
v 0.81444644 10.52478218 -8.16995811
v 0.89801693 10.52969169 -8.07930755
v 0.81808662 10.52493381 -8.00226974
v 0.97842788 10.53440856 -7.98345279
v 0.90270233 10.52989864 -7.9089756
v 1.05655217 10.53897953 -7.88196468
v 0.98425102 10.5346775 -7.80779838
v 1.13169908 10.5433731 -7.78044414
v 1.05970883 10.53909301 -7.70354175
v 1.20233011 10.54750061 -7.68529605
v 1.12867689 10.54313087 -7.6044197
v 1.0499165 10.53845977 -7.52610302
v 1.19376707 10.54694366 -7.50983285
v 1.1089406 10.54193115 -7.42686939
v 1.01458764 10.53633976 -7.35092544
v 1.16602087 10.54532241 -7.33583068
v 1.06453251 10.53932094 -7.25514698
v 1.22387456 10.54883003 -7.25303936
v 1.11752462 10.54255962 -7.16738128
v 0.99723529 10.53523063 -7.09435844
v 1.16359376 10.54550266 -7.09730625
v 1.0355246 10.53752136 -7.01583242
v 0.88543415 10.5281372 -6.96818161
v 1.06091332 10.53906631 -6.96430587
v 0.90349292 10.52909851 -6.91614723
v 0.73865985 10.51938819 -6.88964414
v 0.92002582 10.53010845 -6.86643219
v 0.75173854 10.52055358 -6.84109306
v 0.58972549 10.51117897 -6.81041145
v 0.76349544 10.52305412 -6.79592323
v 0.60181236 10.51323318 -6.76189708
v 0.43614721 10.50298976 -6.71870422
v 0.4249835 10.50158691 -6.77010726
v 0.2491045 10.49036026 -6.68786811
v 0.24581575 10.49021053 -6.74191474
v 0.0635724 10.47989082 -6.70844316
v 0.2513895 10.49075222 -6.63259935
v 0.05316686 10.47988796 -6.65628242
v -0.12413597 10.47075748 -6.7203865
v 0.04365015 10.48751449 -6.60099363
v -0.13564491 10.48984813 -6.68481874
v -0.28304052 10.48965644 -6.73659706
v -0.26846075 10.46431922 -6.77176713
v -0.40867424 10.48819351 -6.76580429
v -0.39430666 10.46461105 -6.79731035
v -0.5319333 10.46785354 -6.75399255
v -0.51811933 10.44752502 -6.80976772
v -0.41771411 10.53309059 -6.75778436
v -0.5400567 10.5222311 -6.74005174
v -0.42229938 10.5860567 -6.75316238
v -0.54509401 10.58177471 -6.73988199
v -0.66094636 10.57372665 -6.79167938
v -0.54572153 10.64499855 -6.7396121
v -0.65770864 10.63904666 -6.79492044
v -0.81795167 10.62734985 -6.82959604
v -0.6494317 10.72775173 -6.79407215
v -0.80441618 10.71843147 -6.82818031
v -0.94061613 10.71237182 -6.90480804
v -0.77105808 10.86921882 -6.82496357
v -0.90628624 10.86139679 -6.88356685
v -1.01008844 10.85563278 -6.94908094
v -1.0479294 10.71404361 -6.95452404
v -1.10536682 10.84896373 -7.00221824
v -1.11683332 10.71400451 -7.01778793
v -1.14272749 10.84182167 -7.10094451
v -1.14829695 10.70865154 -7.10245609
v -1.19347679 10.83383369 -7.2267785
v -1.19276106 10.6980648 -7.21605634
v -1.28878009 10.82073783 -7.37397718
v -1.28791797 10.68619728 -7.35720109
v -1.29508197 10.59301948 -7.32037735
v -1.38027095 10.67743587 -7.47910213
v -1.37109565 10.58497428 -7.45679903
v -1.40454244 10.66988754 -7.60334634
v -1.37830734 10.80789947 -7.4976654
v -1.39827108 10.7960329 -7.62167644
v -1.38942623 10.78683662 -7.76111602
v -1.39783 10.95337104 -7.63154125
v -1.39243888 10.94746971 -7.76903295
v -1.39646053 10.94852829 -7.91991186
v -1.39610815 10.78426647 -7.93169975
v -1.30165946 10.95207977 -8.04633617
v -1.39637947 11.12603759 -7.90641641
v -1.3061794 11.13368129 -8.02732563
v -1.268103 11.14482975 -8.17063617
v -1.26489198 10.96561241 -8.19893646
v -1.28631055 11.14199447 -8.29780197
v -1.27893054 11.32047843 -8.15619182
v -1.29724824 11.32210159 -8.26952266
v -1.25796151 11.32000541 -8.37069129
v -1.23391413 11.14416503 -8.41013908
v -1.19759714 11.31825637 -8.47666454
v -1.17379009 11.14560604 -8.52212238
v -1.17355072 11.31502533 -8.60071945
v -1.16857111 11.14299106 -8.63535213
v -1.19879412 11.30807781 -8.70757579
v -1.18475067 11.13632583 -8.73361206
v -1.16726791 11.30072498 -8.81151771
v -1.14706146 11.13152599 -8.82529258
v -1.096511 11.29510402 -8.89262867
v -1.07877361 11.12579631 -8.89828872
v -1.01030302 11.28981113 -8.99096107
v -0.9996705 11.11891365 -8.99615764
v -0.99275827 10.95116615 -9.00158596
v -0.89535141 11.11005592 -9.11838817
v -0.89107656 10.94029426 -9.12802028
v -0.78722095 11.0989542 -9.25987625
v -0.77972602 10.92956447 -9.27177047
v -0.64750337 11.08678913 -9.3774929
v -0.63812875 10.91904926 -9.39714908
v -0.51389741 11.0794239 -9.50812244
v -0.49717855 10.91237449 -9.52599334
v -0.37620019 11.07909011 -9.62312221
v -0.36125707 10.91299152 -9.63973903
v -0.232409 11.09000492 -9.69239902
v -0.22162532 10.92084026 -9.70383262
v -0.22091102 10.77023792 -9.71379661
v -0.10870838 10.9348011 -9.78429889
v -0.10459518 10.78200912 -9.78523445
v -0.06018018 10.95033264 -9.8954277
v -0.05693578 10.79304027 -9.89248657
v 0.03400945 10.96187591 -9.96369648
v 0.02982664 10.80673503 -9.96782016
v 0.16124582 10.96668243 -9.99926376
v 0.15718889 10.81326675 -10.00218105
v 0.3279581 10.971138 -10.01023864
v 0.31958675 10.82290935 -10.01482009
v 0.49640607 10.98986816 -9.97105312
v 0.49049615 10.84518146 -9.99197578
v 0.64312553 11.00660133 -9.88229179
v 0.63816833 10.86179733 -9.93281173
v 0.74923706 11.0012865 -9.77055072
v 0.74948597 10.85416221 -9.83489036
v 0.85111045 11.0039711 -9.73312377
v 0.86172294 10.85484123 -9.7743349
v 0.92574787 11.00582313 -9.70806312
v 0.9467144 10.85646438 -9.72685432
v 0.96682834 10.74935054 -9.74765777
v 0.99833583 10.85159301 -9.64880847
v 1.03655743 10.74785232 -9.65227222
v 1.06515908 10.68748378 -9.65224838
v 1.11339616 10.75073623 -9.51900863
v 1.14280366 10.69760322 -9.51602745
v 1.17102384 10.64820289 -9.5148735
v 1.24176287 10.71280288 -9.37426948
v 1.25180411 10.6645689 -9.37110328
v 1.26011252 10.61904716 -9.36785697
v 1.34588694 10.67133808 -9.24620437
v 1.3457582 10.62730693 -9.25005531
v 1.34208178 10.58608818 -9.2503004
v 1.45702719 10.62756633 -9.17105007
v 1.44006323 10.59119796 -9.16421222
v 1.41503429 10.56849765 -9.14690494
v 1.31490111 10.56243991 -9.23109912
v 1.38577842 10.56105327 -9.11841964
v 1.27809023 10.55472374 -9.20306587
v 1.35138106 10.55771923 -9.08511352
v 1.24161315 10.5509386 -9.17498779
v 1.31220603 10.55496501 -9.04983806
v 1.20169401 10.5481987 -9.14444351
v 1.27078223 10.55233287 -9.01351356
v 1.15352106 10.54523372 -9.10780715
v 1.187325 10.54723739 -8.94736862
v 1.07734322 10.54063034 -9.0496664
v 1.08654809 10.54117584 -8.87534713
v 0.98185634 10.53491401 -8.97694301
v 0.98132991 10.53487777 -8.79820728
v 0.87942218 10.52880382 -8.8948965
v 0.8646593 10.52791404 -8.70757293
v 0.76334285 10.52189731 -8.79823207
v 0.7481842 10.52097606 -8.61157321
v 0.64651584 10.5149517 -8.69654846
v 0.54037904 10.5086584 -8.77789974
v 0.53488969 10.50832366 -8.59268856
v 0.42833662 10.50201702 -8.66955947
v 0.4306426 10.50213813 -8.48633003
v 0.32376575 10.4958229 -8.55815696
v 0.22771501 10.4901371 -8.44120788
v 0.63704299 10.51436805 -8.5131483
v 0.53328084 10.50820255 -8.41300392
v 0.73332309 10.52005577 -8.43023777
v 0.63186645 10.51402282 -8.33627605
v 0.82348346 10.52537536 -8.34377574
v 0.8431673 10.52659797 -8.52337932
v 0.93078327 10.5317707 -8.43219566
v 1.011204 10.53650283 -8.33733177
v 0.90747356 10.53032016 -8.25289154
v 1.08540463 10.54085636 -8.23869609
v 0.98668766 10.53497314 -8.15843582
v 1.15403699 10.54486751 -8.1364355
v 1.06185174 10.53937435 -8.06012916
v 1.21890592 10.54864978 -8.03342247
v 1.13435506 10.54361152 -7.95863246
v 1.28101611 10.55226612 -7.93351602
v 1.20395326 10.54767417 -7.85863781
v 1.34216761 10.55582332 -7.84130096
v 1.27263617 10.55168056 -7.76461887
v 1.40746212 10.55961608 -7.75515937
v 1.34265208 10.55576133 -7.67635583
v 1.27216315 10.55157852 -7.59453582
v 1.41390705 10.55991363 -7.5949831
v 1.33996653 10.55554485 -7.51067924
v 1.25721144 10.55068016 -7.42153787
v 1.40515995 10.5593872 -7.43490219
v 1.31787753 10.554286 -7.34469413
v 1.4437673 10.56171989 -7.39148426
v 1.35409712 10.55652999 -7.30069541
v 1.26733183 10.55157947 -7.19699955
v 1.38777732 10.55880165 -7.26165199
v 1.30164408 10.55395412 -7.15622901
v 1.19664144 10.54780197 -7.05035495
v 1.33575892 10.55648613 -7.11693334
v 1.22775793 10.55046176 -7.00798177
v 1.08466363 10.54055309 -6.91576862
v 1.25890421 10.55472755 -6.96566963
v 1.10844469 10.54215908 -6.86745405
v 0.934803 10.53142261 -6.81807613
v 1.13065958 10.54382991 -6.82155561
v 0.94737243 10.53499984 -6.77128267
v 0.77390956 10.53139686 -6.75530052
v 0.95611381 10.56781768 -6.74440383
v 0.77944278 10.56560516 -6.74731874
v 0.62103557 10.55727481 -6.69053363
v 0.6145811 10.52099227 -6.71467399
v 0.44998979 10.53936958 -6.63872957
v 0.44809198 10.5055952 -6.66727638
v 0.25242042 10.51230812 -6.58848285
v 0.44470071 10.59111309 -6.63442421
v 0.2476325 10.56223011 -6.58491325
v 0.04137563 10.54372119 -6.59634828
v 0.24342107 10.61449813 -6.58189201
v 0.04183626 10.59516239 -6.59551477
v -0.1371212 10.58977031 -6.68669366
v -0.13739967 10.53796958 -6.68379259
v -0.29018831 10.58792305 -6.74208927
v -0.28704023 10.53707885 -6.73735094
v -0.13138008 10.6483345 -6.68756818
v -0.29137373 10.64466476 -6.74575662
v -0.42522716 10.64625835 -6.74925184
v -0.28715372 10.71791553 -6.74371528
v -0.42251396 10.72423172 -6.74552917
v -0.54013299 10.73062896 -6.73985338
v -0.40504646 10.85887527 -6.738873
v -0.51904916 10.86903095 -6.74088764
v -0.62600469 10.87228584 -6.79432392
v -0.49054288 11.03182983 -6.74328851
v -0.5944705 11.03455066 -6.79435586
v -0.73263788 11.03454208 -6.82894706
v -0.56151247 11.19812965 -6.78474712
v -0.68234205 11.20051002 -6.82410621
v -0.83827543 11.19869327 -6.83924913
v -0.87868118 11.02951812 -6.85765647
v -0.95416784 11.18852424 -6.93844652
v -0.97946548 11.02039432 -6.94189071
v -1.07388651 11.17973518 -6.98715829
v -1.08860123 11.01183033 -6.99187326
v -1.14937651 11.16758346 -7.08294916
v -1.14265072 10.9994812 -7.09223461
v -1.19355738 11.15573883 -7.21623849
v -1.19403326 10.98839473 -7.22203111
v -1.28235375 11.14449501 -7.36524438
v -1.28157365 10.97504901 -7.37905836
v -1.3751254 11.1338644 -7.49587583
v -1.37924718 10.96369648 -7.5028634
v -1.40319776 11.12423324 -7.62978553
v -1.36480617 11.31168842 -7.48577308
v -1.40956258 11.3038187 -7.6160984
v -1.3951888 11.30113506 -7.75362253
v -1.39198207 11.12251377 -7.76588726
v -1.38666439 11.30842971 -7.89064598
v -1.38368749 11.48372554 -7.73709917
v -1.3696208 11.49082374 -7.8807125
v -1.28701436 11.49074077 -8.01226329
v -1.3048228 11.31182766 -8.00953006
v -1.27301681 11.49480342 -8.15850353
v -1.2598989 11.66259288 -8.01137447
v -1.25503993 11.66722774 -8.15707874
v -1.28541266 11.67023944 -8.25386142
v -1.29500043 11.49544239 -8.25560379
v -1.26118552 11.66745758 -8.34091568
v -1.26437079 11.49301052 -8.34660816
v -1.20394539 11.66401958 -8.43219947
v -1.20646691 11.49086475 -8.44568634
v -1.15431225 11.66094875 -8.55358505
v -1.16295921 11.48757076 -8.57146263
v -1.1825 11.66105461 -8.67939376
v -1.19296705 11.48464584 -8.69089222
v -1.17378771 11.65646743 -8.7958002
v -1.17497932 11.47547435 -8.80338096
v -1.10673773 11.64799118 -8.8833456
v -1.10773527 11.46918869 -8.88924789
v -1.01150226 11.63479614 -8.97979545
v -1.01403284 11.46236515 -8.98503971
v -0.89561796 11.6183443 -9.09634494
v -0.89885044 11.45004081 -9.10233497
v -0.90291833 11.28013134 -9.1130743
v -0.80753612 11.43703174 -9.23425769
v -0.79693603 11.2686243 -9.24405956
v -0.67902135 11.42602348 -9.3432064
v -0.65854215 11.25674724 -9.35646343
v -0.5558114 11.41693496 -9.47327518
v -0.53215837 11.24942588 -9.48892974
v -0.42521476 11.41677761 -9.59531688
v -0.39780855 11.25002002 -9.60831165
v -0.29221963 11.42842674 -9.68457889
v -0.2550044 11.2614088 -9.68174362
v -0.18491554 11.44768333 -9.77066135
v -0.14999008 11.28011894 -9.77807807
v -0.12441825 11.10739517 -9.7841072
v -0.07072544 11.30550098 -9.87253475
v -0.06364679 11.12711715 -9.88824558
v 0.04266691 11.32586479 -9.92651176
v 0.04011583 11.14235687 -9.94632625
v 0.17857122 11.32886982 -9.97679519
v 0.1692748 11.14513778 -9.9892435
v 0.33993625 11.32230567 -9.97620487
v 0.33515358 11.1460514 -9.9883356
v 0.48672342 11.33046817 -9.93244361
v 0.49608945 11.15978527 -9.94622612
v 0.60265827 11.33944702 -9.8220396
v 0.63312149 11.16950607 -9.84228515
v 0.71315574 11.34499454 -9.71698856
v 0.73518562 11.17061138 -9.73011589
v 0.80951786 11.34948253 -9.68291568
v 0.82958126 11.177989 -9.7047863
v 0.87662696 11.34752655 -9.64818286
v 0.89638519 11.18205452 -9.67819118
v 0.9123907 11.34082031 -9.58116912
v 0.93094348 11.171772 -9.6122179
v 0.96075344 11.00070762 -9.63678932
v 1.00060176 11.16281509 -9.49631023
v 1.01674675 10.99415016 -9.51555156
v 1.06588864 10.84557342 -9.52161216
v 1.1765418 11.00554943 -9.38202285
v 1.20648908 10.86554527 -9.38135051
v 1.23083472 10.76644516 -9.37728595
v 1.33342528 10.87442207 -9.23097896
v 1.34212756 10.77350807 -9.23649311
v 1.34527754 10.71780681 -9.24089431
v 1.46909689 10.78131866 -9.15348911
v 1.46808028 10.72143077 -9.16221618
v 1.46357703 10.67264843 -9.16743469
v 1.59305167 10.71598529 -9.12060165
v 1.59183573 10.6667633 -9.12326526
v 1.59146952 10.62044429 -9.12548542
v 1.68222117 10.66679859 -8.99989891
v 1.68642783 10.62128448 -8.99625301
v 1.68291926 10.58395957 -8.9858427
v 1.57401061 10.57512283 -9.10924625
v 1.65303659 10.57728385 -8.96167659
v 1.54320979 10.56849002 -9.07616806
v 1.61015081 10.57297325 -8.92967796
v 1.50977397 10.56642723 -9.03870677
v 1.56694483 10.56999492 -8.89751148
v 1.46871161 10.56399726 -9.00284576
v 1.52347064 10.56734943 -8.86407089
v 1.4289217 10.56168746 -8.96686363
v 1.47061705 10.56417846 -8.82371616
v 1.37882423 10.55870914 -8.92441082
v 1.374053 10.55836486 -8.75532627
v 1.28878474 10.55330181 -8.85365867
v 1.26619219 10.55185508 -8.67940902
v 1.18297052 10.54692077 -8.77795982
v 1.15887117 10.54541015 -8.60359096
v 1.07462525 10.54042148 -8.7011156
v 1.0440123 10.53853321 -8.51947975
v 0.958395 10.53347015 -8.6147499
v 1.23372149 10.5498085 -8.50141716
v 1.12088823 10.54305362 -8.42040443
v 1.29961276 10.55364322 -8.39002418
v 1.1907649 10.54714107 -8.31627082
v 1.357023 10.55696106 -8.27432823
v 1.25374102 10.55080986 -8.20879173
v 1.40506839 10.55973529 -8.16235733
v 1.30930304 10.55403614 -8.10284805
v 1.44447016 10.56200981 -8.05880737
v 1.36150908 10.55706214 -8.0008316
v 1.4802339 10.56406688 -7.96827411
v 1.41105842 10.5599327 -7.91178512
v 1.46530222 10.56306743 -7.83284807
v 1.53046965 10.56684207 -7.75564956
v 1.47802615 10.56371593 -7.67662191
v 1.6197381 10.57197666 -7.67782259
v 1.55825495 10.56839942 -7.59855699
v 1.48499846 10.56408596 -7.51888942
v 1.609097 10.5714159 -7.55006647
v 1.52993559 10.56678485 -7.47140598
v 1.6471219 10.57370758 -7.51287937
v 1.56250453 10.56882476 -7.43713712
v 1.47457194 10.56364822 -7.35773563
v 1.59524798 10.57119083 -7.40298175
v 1.50452303 10.56587314 -7.32448005
v 1.41872119 10.56132412 -7.2268424
v 1.53283572 10.56922245 -7.29238843
v 1.45050787 10.56579875 -7.19370937
v 1.36974597 10.55975151 -7.07797622
v 1.48131442 10.57372093 -7.16324949
v 1.40461063 10.56554985 -7.04018592
v 1.28736376 10.56368637 -6.92531967
v 1.43512058 10.59788608 -7.00264024
v 1.29931521 10.59061622 -6.90270137
v 1.14475107 10.57386493 -6.78963089
v 1.29728388 10.63703537 -6.89761734
v 1.14643335 10.62443637 -6.78830671
v 0.95964813 10.61857414 -6.74573898
v 1.14498472 10.67781829 -6.78996372
v 0.96315002 10.67087554 -6.747231
v 0.78484535 10.66836643 -6.74715614
v 0.78268814 10.61592578 -6.74750518
v 0.62023925 10.66292476 -6.68178844
v 0.62112522 10.6090517 -6.68688869
v 0.43879842 10.64437484 -6.62975168
v 0.61954879 10.71883773 -6.67387008
v 0.43186521 10.7023344 -6.62491273
v 0.23755025 10.67382907 -6.58331632
v 0.42472791 10.77611351 -6.6221385
v 0.23138093 10.75603103 -6.59601736
v 0.04804372 10.73656463 -6.59633064
v 0.04393529 10.65374851 -6.59427928
v -0.12298297 10.71889114 -6.68977069
v 0.05462503 10.87202262 -6.60575532
v -0.10615539 10.85188102 -6.69498729
v -0.27049779 10.85208892 -6.73760652
v -0.08476066 11.02413272 -6.69413757
v -0.24818182 11.02044963 -6.73319053
v -0.37960577 11.02544403 -6.73421621
v -0.23710107 11.19988441 -6.73832416
v -0.37204504 11.19815826 -6.72877025
v -0.4760003 11.19563579 -6.73398304
v -0.37172079 11.36579132 -6.72704029
v -0.47112417 11.36073017 -6.71675157
v -0.53714418 11.36259746 -6.77234888
v -0.45754385 11.52959537 -6.71550226
v -0.5219264 11.52827072 -6.76414823
v -0.59692144 11.52859306 -6.8205142
v -0.63262224 11.36527633 -6.82378482
v -0.74418973 11.52984523 -6.85179615
v -0.78872489 11.36601448 -6.84041976
v -0.91963434 11.52497482 -6.91043472
v -0.93499136 11.35634326 -6.92322492
v -1.03719615 11.51931476 -6.99548912
v -1.05528223 11.34872341 -6.98951435
v -1.1435672 11.51671218 -7.06766653
v -1.14828169 11.33839988 -7.07296085
v -1.17592012 11.50256538 -7.20023393
v -1.18870699 11.32717895 -7.20517253
v -1.26406991 11.49234962 -7.33448171
v -1.27529466 11.31731987 -7.35247755
v -1.34245729 11.48957729 -7.47215843
v -1.25869536 11.66759872 -7.32047224
v -1.31857776 11.66554069 -7.45960092
v -1.38274669 11.66670417 -7.58719015
v -1.40207433 11.48619842 -7.60145664
v -1.36909914 11.66372776 -7.72377586
v -1.37365818 11.84298324 -7.56812429
v -1.35762357 11.83901596 -7.71113109
v -1.33601665 11.83807563 -7.86318445
v -1.35328817 11.66715526 -7.87678527
v -1.24977612 11.83337116 -8.00365543
v -1.32659196 12.00711345 -7.84504222
v -1.23207068 12.00084781 -7.98914146
v -1.23262143 12.00273895 -8.13716697
v -1.2437489 11.83651924 -8.14870262
v -1.25273299 12.00975894 -8.2489233
v -1.2750262 11.84319114 -8.2519226
v -1.21797871 12.01373481 -8.34256267
v -1.24672198 11.84396171 -8.3461914
v -1.15638983 12.01076412 -8.4332571
v -1.1843611 11.83867931 -8.43582153
v -1.1120783 12.00666904 -8.54712963
v -1.13581526 11.83502197 -8.5511074
v -1.14764893 12.01689052 -8.656991
v -1.16842663 11.83926677 -8.66650676
v -1.14085876 12.01611709 -8.78111648
v -1.16302645 11.83855533 -8.7870531
v -1.07260763 12.00169849 -8.8769617
v -1.09742271 11.82683944 -8.87929439
v -0.98437833 11.97846126 -8.9865036
v -1.00519704 11.80686759 -8.9796791
v -0.8865695 11.95902347 -9.11545467
v -0.89120817 11.78721523 -9.09884452
v -0.81177282 11.94667053 -9.24148941
v -0.81245708 11.7739706 -9.23346042
v -0.81177043 11.6037302 -9.2331562
v -0.70279407 11.7681961 -9.33763408
v -0.6960597 11.59437751 -9.34140873
v -0.59460306 11.76464176 -9.45210456
v -0.57985353 11.58848667 -9.45851993
v -0.47689867 11.76595592 -9.56400489
v -0.45614957 11.5888071 -9.58000946
v -0.35237503 11.77559185 -9.65874481
v -0.32767868 11.60089016 -9.67435073
v -0.24754667 11.79334545 -9.7500391
v -0.22354126 11.61957836 -9.76349639
v -0.13752746 11.8164196 -9.81736278
v -0.1216917 11.6484785 -9.84396362
v -0.09126472 11.47724342 -9.85987281
v 0.01289224 11.67814159 -9.88674545
v 0.03198003 11.5071659 -9.9112091
v 0.16581296 11.69062423 -9.93874263
v 0.17823934 11.51389884 -9.96752834
v 0.31994533 11.69089126 -9.95361518
v 0.33474063 11.50583553 -9.9692955
v 0.44798421 11.68958568 -9.91775035
v 0.46545743 11.50634384 -9.92919826
v 0.54388761 11.68150997 -9.80700302
v 0.57074022 11.5102415 -9.80668544
v 0.67136287 11.68577194 -9.70383167
v 0.68935585 11.51887798 -9.70637607
v 0.78943157 11.68638801 -9.66854572
v 0.79573345 11.52067279 -9.67271328
v 0.87582302 11.68117332 -9.63047027
v 0.87595272 11.51475334 -9.64129257
v 0.935256 11.67124748 -9.55616569
v 0.91394519 11.50754261 -9.56472778
v 1.05140423 11.65915203 -9.4738512
v 1.02123665 11.49939632 -9.47459316
v 1.00279712 11.33206367 -9.47928428
v 1.19433927 11.49458503 -9.34859943
v 1.17636728 11.33084869 -9.36044693
v 1.16590166 11.16414165 -9.37224006
v 1.34408927 11.33136844 -9.2121725
v 1.32369494 11.16775322 -9.22332954
v 1.32631182 11.01147651 -9.22756385
v 1.47194171 11.16624736 -9.12322521
v 1.46653723 11.01091098 -9.12743187
v 1.46610426 10.87444686 -9.13834571
v 1.59207701 11.00884056 -9.08173656
v 1.59438586 10.87536239 -9.0949068
v 1.59354853 10.77936744 -9.11264038
v 1.66587114 10.86735916 -8.98657608
v 1.66865301 10.77321815 -9.00014114
v 1.67544531 10.71363925 -9.0026865
v 1.75090766 10.78129386 -8.84991073
v 1.75743365 10.72836971 -8.84516716
v 1.76388049 10.68066883 -8.83861064
v 1.80303454 10.74819374 -8.66291332
v 1.80469298 10.69951248 -8.65668582
v 1.80493998 10.65276527 -8.65108013
v 1.76788973 10.63380432 -8.83205795
v 1.79749083 10.60772037 -8.64364719
v 1.7588365 10.58623123 -8.81913185
v 1.77361655 10.58489608 -8.63290786
v 1.72785162 10.58069801 -8.79921531
v 1.73008418 10.58040714 -8.61844921
v 1.68405127 10.57732963 -8.77776145
v 1.68470835 10.57716751 -8.60148811
v 1.63810586 10.57438373 -8.75573539
v 1.63899564 10.57417964 -8.58134079
v 1.58953642 10.57137298 -8.72999763
v 1.58805441 10.57101249 -8.55779647
v 1.53732371 10.56816673 -8.6975727
v 1.50257659 10.56581687 -8.51439857
v 1.44385981 10.56246852 -8.64247989
v 1.4023323 10.55979251 -8.45534515
v 1.33889651 10.5561285 -8.57385921
v 1.55747866 10.56886005 -8.38149642
v 1.45867705 10.56300735 -8.33236503
v 1.60627913 10.57161998 -8.25628852
v 1.50573802 10.56571006 -8.21409225
v 1.65090894 10.57430934 -8.14201736
v 1.54323077 10.56789112 -8.10664844
v 1.68459296 10.57632732 -8.04101467
v 1.56893134 10.56937694 -8.01525497
v 1.73140692 10.57908248 -8.16321182
v 1.76913619 10.58148574 -8.04939937
v 1.79209303 10.58267879 -7.93739748
v 1.8227241 10.58478927 -8.05168533
v 1.84793233 10.5860176 -7.92812156
v 1.8448472 10.58525657 -7.81070137
v 1.79304099 10.58229255 -7.82532215
v 1.80387759 10.58220863 -7.69691705
v 1.75464987 10.57963848 -7.71910333
v 1.72990012 10.57830238 -7.59632206
v 1.68705058 10.57583332 -7.62817573
v 1.84862566 10.58452129 -7.67444133
v 1.76905417 10.58058738 -7.565979
v 1.68317198 10.57595825 -7.47887754
v 1.80613589 10.58282089 -7.53669977
v 1.71824622 10.57839393 -7.44528055
v 1.62686491 10.57425117 -7.36982536
v 1.75382494 10.58214473 -7.41070032
v 1.65519762 10.5793724 -7.33691692
v 1.55848002 10.57717037 -7.26343441
v 1.67113947 10.60413742 -7.31696701
v 1.5684154 10.60293579 -7.2507658
v 1.49401545 10.60245609 -7.14657545
v 1.56603694 10.64691925 -7.24947786
v 1.49157214 10.64720249 -7.1382966
v 1.4278841 10.64438438 -6.99791288
v 1.48715186 10.69355487 -7.13051509
v 1.42227745 10.69394683 -6.99368286
v 1.29101157 10.68853473 -6.89838075
v 1.41304874 10.74887561 -6.98703289
v 1.28442454 10.74905967 -6.89994764
v 1.14606523 10.74133873 -6.79394149
v 1.27861571 10.83735847 -6.90369606
v 1.15241289 10.83252048 -6.79926824
v 0.97818946 10.81723976 -6.75501442
v 0.96896457 10.7284708 -6.74921226
v 0.78938674 10.80627536 -6.74511718
v 0.7872858 10.72561454 -6.74505567
v 0.61612987 10.79555034 -6.66605424
v 0.78793525 10.93756961 -6.74526929
v 0.61170959 10.91937828 -6.66616678
v 0.42220258 10.89560318 -6.6274786
v 0.61146736 11.06795787 -6.67158174
v 0.43183946 11.05142116 -6.63193798
v 0.2454667 11.04014205 -6.63623142
v 0.23221254 10.88157749 -6.62016153
v 0.07153654 11.03401565 -6.61779975
v 0.25924968 11.21209812 -6.63938045
v 0.09720468 11.20846176 -6.6202116
v -0.0655303 11.20324611 -6.68243932
v 0.11348962 11.38806438 -6.61946964
v -0.05863618 11.37892055 -6.68041276
v -0.23824262 11.37241268 -6.73633575
v -0.0578494 11.5534172 -6.68130064
v -0.24084711 11.54163456 -6.74297285
v -0.37308454 11.53393077 -6.73673343
v -0.22238922 11.71275615 -6.7467637
v -0.3627429 11.70310401 -6.74614191
v -0.4495387 11.69934558 -6.71723985
v -0.33941745 11.87576675 -6.75877428
v -0.42884445 11.87299919 -6.72552013
v -0.50241327 11.86942768 -6.74185752
v -0.51794958 11.69700717 -6.75035095
v -0.56226682 11.86330699 -6.79956674
v -0.57795763 11.69408702 -6.80835914
v -0.67921209 11.85997581 -6.84921264
v -0.71079111 11.69300746 -6.85459041
v -0.84941768 11.87016677 -6.88727474
v -0.8932929 11.69791412 -6.89512682
v -0.98325681 11.8791027 -6.98022508
v -1.015028 11.70032596 -6.98822212
v -1.10522854 11.87738037 -7.06226158
v -1.12532961 11.69581222 -7.06861352
v -1.15833628 11.85988521 -7.1961565
v -1.17005693 11.67934608 -7.19728517
v -1.24726414 11.84735298 -7.31477642
v -1.14794075 12.03777504 -7.19440794
v -1.23605752 12.02812004 -7.31581878
v -1.28728044 12.02621269 -7.44781971
v -1.30224931 11.84396457 -7.4497652
v -1.35956525 12.02593612 -7.56109333
v -1.2619642 12.20964622 -7.44808816
v -1.33528089 12.21045684 -7.55697774
v -1.33869504 12.19754505 -7.68535566
v -1.35149955 12.01518249 -7.69820642
v -1.3087306 12.17773819 -7.82131719
v -1.32131004 12.37671756 -7.68253326
v -1.2824825 12.35000133 -7.81436252
v -1.21404147 12.3278675 -7.97553539
v -1.22463536 12.16280365 -7.97698116
v -1.22481656 12.33325481 -8.13490009
v -1.22851109 12.16824436 -8.13193798
v -1.22507786 12.34134578 -8.24700832
v -1.24271702 12.17555332 -8.24378109
v -1.15965235 12.34087276 -8.33582687
v -1.19066298 12.17905807 -8.33520317
v -1.08391487 12.33633518 -8.42424583
v -1.1168133 12.1743412 -8.42156124
v -1.0619446 12.34213447 -8.54126358
v -1.07949316 12.17398166 -8.53922653
v -1.11602938 12.35036087 -8.64780426
v -1.12355959 12.18526649 -8.64728355
v -1.10536682 12.34826946 -8.78059768
v -1.11748802 12.18293857 -8.7800436
v -1.02619266 12.33316898 -8.89905357
v -1.05074894 12.16934108 -8.88755226
v -0.93327379 12.31345272 -9.02117061
v -0.9560976 12.14756107 -8.9972887
v -0.89781427 12.30266571 -9.16286373
v -0.89286088 12.12965488 -9.14080333
v -0.81555652 12.30523109 -9.25604152
v -0.80980539 12.12508297 -9.24951076
v -0.70095634 12.30986404 -9.35375785
v -0.69913673 12.1250267 -9.34515667
v -0.70170021 11.94363117 -9.33981609
v -0.59797811 12.1234045 -9.45634365
v -0.59929418 11.94231128 -9.44993591
v -0.50318098 12.12123489 -9.55568218
v -0.490561 11.94290542 -9.55544567
v -0.40345859 12.1234045 -9.64767932
v -0.37589788 11.94956016 -9.64891815
v -0.30509328 12.1349411 -9.73738861
v -0.27374219 11.96471023 -9.7441349
v -0.18116664 12.14887332 -9.81008529
v -0.15532016 11.98300075 -9.8085041
v -0.01172781 12.16719055 -9.8278799
v 0.0005536 12.00552845 -9.84258747
v 0.00353479 11.84140396 -9.86054039
v 0.13761091 12.02430439 -9.91769695
v 0.15269708 11.85808372 -9.92285442
v 0.27394008 12.03517818 -9.92730808
v 0.30004215 11.8642807 -9.93717289
v 0.39816808 12.0406866 -9.88531017
v 0.43157529 11.8697853 -9.90407943
v 0.50888872 12.03171062 -9.78804206
v 0.53073167 11.8585453 -9.79838657
v 0.64671802 12.02044582 -9.69886684
v 0.65753078 11.85201072 -9.70771312
v 0.76714897 12.01070594 -9.63525676
v 0.77647495 11.84813404 -9.65786552
v 0.87692356 12.00190544 -9.59336471
v 0.87873935 11.84155368 -9.61780929
v 0.95616149 11.98987579 -9.51304817
v 0.94876956 11.82881927 -9.53762817
v 1.09946298 11.98029899 -9.44686412
v 1.08279728 11.81780529 -9.46554851
v 1.2319467 11.97232723 -9.31926822
v 1.23206019 11.80994987 -9.32657814
v 1.21667146 11.65340423 -9.33548069
v 1.38826561 11.81237125 -9.19277381
v 1.38725185 11.65446853 -9.18424797
v 1.36926913 11.49378585 -9.19824886
v 1.52844882 11.65579223 -9.09293556
v 1.51542449 11.49118423 -9.10400867
v 1.4885509 11.32805728 -9.11133384
v 1.62118196 11.48477268 -9.07001495
v 1.60537695 11.32193946 -9.06943225
v 1.59984278 11.16199016 -9.07507324
v 1.6757152 11.31935787 -8.96074676
v 1.67181944 11.15835285 -8.95777416
v 1.66612386 11.00297832 -8.96951866
v 1.75328135 11.15656375 -8.82144069
v 1.74779582 10.9999485 -8.83665084
v 1.74528193 10.86354827 -8.85070037
v 1.79934763 11.00421905 -8.66583824
v 1.79564452 10.87237834 -8.67366313
v 1.79979968 10.79939365 -8.66782283
v 1.86183118 10.88644313 -8.51094722
v 1.85501146 10.80953025 -8.50694847
v 1.85097646 10.75757694 -8.50370025
v 1.92285776 10.81034183 -8.35539627
v 1.91980791 10.75769519 -8.35541343
v 1.91556692 10.70872592 -8.35593986
v 1.84711504 10.70950985 -8.50030231
v 1.91201067 10.66153049 -8.35647869
v 1.84234857 10.66167736 -8.49687957
v 1.90771436 10.61553573 -8.35571956
v 1.83445143 10.62065506 -8.49256992
v 1.87530946 10.58675098 -8.34640598
v 1.81613421 10.58945179 -8.48506927
v 1.83113741 10.58379268 -8.33309745
v 1.77673602 10.58245468 -8.47068023
v 1.78469252 10.58144569 -8.31853485
v 1.73281359 10.57914733 -8.45400619
v 1.73562789 10.57892799 -8.30229568
v 1.68574595 10.57635211 -8.43615722
v 1.68271517 10.57600307 -8.28437614
v 1.63340425 10.57330799 -8.41504669
v 1.78346324 10.58211994 -8.1749134
v 1.83345198 10.58490943 -8.18520546
v 1.87116575 10.58785057 -8.05316638
v 1.87972307 10.58724784 -8.19390392
v 1.91839933 10.59111309 -8.05449771
v 1.94187784 10.59190082 -7.91658115
v 1.89686727 10.58898067 -7.92227554
v 1.93812608 10.59048366 -7.78396797
v 1.89273119 10.58794307 -7.7971158
v 1.88878107 10.58669757 -7.65194416
v 1.98183369 10.592556 -7.7719078
v 1.9279704 10.58963489 -7.62940788
v 1.84235906 10.58556747 -7.50831556
v 1.95627045 10.60344886 -7.61484289
v 1.86195993 10.60766696 -7.49507331
v 1.78155016 10.60512065 -7.38611936
v 1.86460638 10.64937019 -7.49643278
v 1.78652262 10.64764118 -7.38334941
v 1.67483782 10.64724636 -7.31404113
v 1.78956866 10.69321823 -7.3825612
v 1.67862963 10.69272995 -7.31472206
v 1.56397891 10.69153404 -7.24725198
v 1.68130946 10.74396705 -7.3154807
v 1.56052756 10.73981666 -7.24459123
v 1.48200964 10.74577522 -7.12045574
v 1.55634665 10.81296443 -7.24185991
v 1.47811198 10.82234478 -7.10893154
v 1.40385532 10.83396625 -6.98415613
v 1.4834764 10.95614814 -7.10977792
v 1.40275287 10.96442127 -6.98573255
v 1.27456831 10.97000026 -6.90661573
v 1.3959093 11.11812782 -6.99947977
v 1.27047801 11.12214565 -6.91027736
v 1.14740705 11.12446212 -6.81414318
v 1.15207052 10.9712305 -6.80243539
v 0.9781599 11.1077528 -6.7659378
v 0.97998428 10.95392799 -6.76395177
v 0.78336334 11.08698177 -6.7428298
v 0.96391487 11.26795864 -6.76639556
v 0.77608013 11.24780845 -6.7390809
v 0.61321735 11.23208618 -6.67942333
v 0.76703929 11.41693496 -6.74226522
v 0.61300563 11.40601539 -6.68806934
v 0.45073175 11.39888668 -6.63568258
v 0.44072103 11.21950721 -6.63523674
v 0.27532959 11.39388465 -6.64059114
v 0.45626306 11.57818222 -6.65428876
v 0.2873764 11.5713396 -6.64807653
v 0.11748361 11.56425476 -6.62273502
v 0.29536724 11.74432373 -6.66334962
v 0.12640905 11.74016952 -6.63223505
v -0.04446458 11.72784996 -6.68385028
v 0.15827512 11.9156208 -6.6410427
v -0.01152372 11.90598106 -6.6726799
v -0.1875391 11.88883304 -6.74197006
v 0.02375268 12.08093643 -6.67299747
v -0.15145206 12.06311321 -6.73025894
v -0.30002069 12.04886436 -6.76413726
v -0.11877632 12.23273372 -6.72189235
v -0.25255537 12.22086906 -6.78135442
v -0.36837339 12.2167015 -6.75712537
v -0.40260219 12.04512691 -6.74171638
v -0.46331071 12.21438217 -6.74368715
v -0.48545694 12.04205989 -6.74560976
v -0.53966856 12.20874023 -6.79267549
v -0.54878091 12.03555679 -6.79941654
v -0.63618516 12.2056961 -6.84343862
v -0.65173387 12.03178405 -6.845438
v -0.77794599 12.20984172 -6.87296485
v -0.8026781 12.03948783 -6.87721204
v -0.90454626 12.22271919 -6.97235393
v -0.94144773 12.05370712 -6.97186231
v -1.03771877 12.23060989 -7.06688642
v -1.06868374 12.05541706 -7.06560659
v -1.13577234 12.22014617 -7.19038581
v -1.02151536 12.40986347 -7.07039451
v -1.1226412 12.41010665 -7.19031429
v -1.21270012 12.40353488 -7.30727434
v -1.21926522 12.2123003 -7.31251955
v -1.23755717 12.39218235 -7.44735002
v -1.18972885 12.59907817 -7.31100034
v -1.22065138 12.584342 -7.45266389
v -1.27578723 12.5727539 -7.56663799
v -1.30122697 12.38991832 -7.55748176
v -1.30944681 12.55294323 -7.688838
v -1.25007081 12.75320625 -7.59055566
v -1.28935754 12.72791671 -7.71386718
v -1.26024985 12.68072223 -7.84771442
v -1.27152335 12.51890182 -7.82159662
v -1.20516943 12.64839935 -8.0021305
v -1.20769238 12.49271297 -7.98765897
v -1.20347094 12.66462135 -8.15436363
v -1.21919369 12.49696731 -8.1476593
v -1.16541302 12.67488479 -8.27252388
v -1.19834625 12.50813198 -8.25836467
v -1.0824095 12.66764354 -8.35001373
v -1.12213337 12.50376224 -8.34163665
v -1.02118587 12.66035461 -8.43598461
v -1.05175793 12.4959917 -8.42753887
v -1.04391539 12.66996383 -8.53724861
v -1.05366003 12.5054264 -8.53962802
v -1.09440624 12.6858778 -8.64666461
v -1.10857689 12.51947116 -8.65085506
v -1.06872999 12.68074894 -8.78295612
v -1.08421719 12.51522445 -8.78311061
v -1.00165224 12.66328716 -8.92291069
v -1.00576543 12.49609565 -8.91600704
v -0.93765544 12.65248203 -9.06002616
v -0.93451261 12.48101425 -9.05162525
v -0.90703487 12.65153121 -9.18057155
v -0.90579843 12.47770881 -9.17745685
v -0.81416034 12.65625 -9.25344371
v -0.81609153 12.481678 -9.25594902
v -0.69925117 12.66063213 -9.35818576
v -0.69876432 12.48669147 -9.35400676
v -0.58213663 12.6611309 -9.4788866
v -0.58247137 12.48649883 -9.47271251
v -0.59407949 12.30790138 -9.46933651
v -0.49617338 12.48125171 -9.57339096
v -0.50292062 12.30265998 -9.55867958
v -0.43536424 12.47726345 -9.66657066
v -0.42009449 12.29863357 -9.64893817
v -0.34226131 12.48454475 -9.70072555
v -0.32196712 12.30508327 -9.71693325
v -0.24316644 12.49383449 -9.7607851
v -0.21535015 12.31909084 -9.79456138
v -0.07781124 12.50874137 -9.81061649
v -0.04710912 12.33737754 -9.82314205
v 0.06560277 12.52774524 -9.86003208
v 0.09311914 12.35788726 -9.8755989
v 0.11853551 12.1895523 -9.89698219
v 0.21385908 12.37833404 -9.91053295
v 0.24391984 12.2056179 -9.9183588
v 0.32890415 12.38525867 -9.86074066
v 0.35975742 12.21226978 -9.8711996
v 0.44196939 12.37340164 -9.76641464
v 0.47802019 12.20340919 -9.78011512
v 0.60263538 12.36321067 -9.71465015
v 0.63328361 12.18911647 -9.70186424
v 0.73033428 12.3506689 -9.6368227
v 0.75868606 12.17833614 -9.62994289
v 0.84611129 12.34267234 -9.58767318
v 0.87033939 12.17176914 -9.59013843
v 0.95136547 12.33288383 -9.50701904
v 0.95564365 12.16170692 -9.50852966
v 1.1043086 12.32462883 -9.42982673
v 1.10423898 12.15098476 -9.4387598
v 1.23555922 12.32173633 -9.33079242
v 1.22906947 12.14306736 -9.31875705
v 1.34289622 12.32107162 -9.27150917
v 1.35425829 12.14582634 -9.25705909
v 1.37447738 11.97434711 -9.22724819
v 1.43921256 12.15777111 -9.16067314
v 1.48000788 11.98684692 -9.13313293
v 1.51791548 11.82214546 -9.10216331
v 1.59424185 11.9992237 -9.08352565
v 1.62992239 11.82812213 -9.07464504
v 1.63525629 11.65487098 -9.06780719
v 1.68661856 11.82809162 -8.983078
v 1.68995642 11.65245437 -8.98040676
v 1.68113112 11.48367309 -8.97560691
v 1.73761344 11.65262222 -8.84871673
v 1.73884749 11.48359775 -8.83888816
v 1.74976611 11.31835651 -8.82207679
v 1.82225966 11.48103332 -8.66959285
v 1.82024931 11.31865596 -8.65605926
v 1.81027865 11.15664196 -8.65527916
v 1.89771509 11.31906032 -8.52496337
v 1.88678312 11.16023159 -8.52089977
v 1.87445211 11.01183414 -8.51794815
v 1.90537023 11.16952228 -8.35829162
v 1.91954851 11.02081489 -8.35797882
v 1.92456579 10.88982009 -8.35619354
v 1.97771573 11.02553272 -8.17335224
v 1.97905373 10.88807201 -8.17841434
v 1.97605633 10.80490779 -8.18976402
v 2.01132702 10.88597774 -8.00064659
v 2.00774407 10.79807376 -8.01086235
v 2.00604176 10.74203968 -8.02126789
v 1.97272992 10.75253391 -8.19444751
v 2.0040152 10.69647216 -8.03264999
v 1.96949887 10.70432663 -8.19858837
v 2.00173211 10.65353679 -8.04332828
v 1.96523022 10.65921211 -8.20294475
v 1.99146676 10.61427211 -8.05197525
v 1.9600861 10.61486911 -8.20663547
v 1.96206688 10.59512996 -8.05502891
v 1.92587423 10.58969593 -8.20240211
v 2.01673722 10.6099205 -7.90169
v 1.98756146 10.59547615 -7.91015005
v 2.01794362 10.59451389 -7.75932693
v 2.02524018 10.6474142 -7.88978099
v 2.03950619 10.63972377 -7.74656915
v 1.95762276 10.64238262 -7.6160798
v 2.03317856 10.68353557 -7.74393606
v 1.95484376 10.68847465 -7.61893844
v 1.86520433 10.69433975 -7.49772501
v 1.95279455 10.73863983 -7.62282371
v 1.86678075 10.74395942 -7.49886941
v 1.79180121 10.74485683 -7.38348817
v 1.86729955 10.81365585 -7.50173807
v 1.79518008 10.81265258 -7.3863368
v 1.68384146 10.80833053 -7.3172717
v 1.7948234 10.92309188 -7.39397287
v 1.68480086 10.92540168 -7.32463645
v 1.56040072 10.93986225 -7.24510717
v 1.68999743 11.07439994 -7.33883047
v 1.57238936 11.0884552 -7.25911092
v 1.49150919 11.10676384 -7.12217807
v 1.58872199 11.24850177 -7.29146528
v 1.50653624 11.26579284 -7.15425968
v 1.3995676 11.27893161 -7.02128124
v 1.51914382 11.42718124 -7.18710708
v 1.4154911 11.43770313 -7.04651546
v 1.27565932 11.44616699 -6.94126892
v 1.26690554 11.28602695 -6.92248678
v 1.127604 11.44915485 -6.8289628
v 1.13436269 11.28511333 -6.82714271
v 0.94398593 11.43371009 -6.7728362
v 1.12873888 11.61108779 -6.85081195
v 0.93788147 11.60082054 -6.7843666
v 0.76426982 11.58782768 -6.74994039
v 0.94431877 11.76770973 -6.8025279
v 0.77144622 11.76074695 -6.7613964
v 0.61732578 11.75373172 -6.72582721
v 0.61427974 11.58146953 -6.70652818
v 0.46354055 11.74905681 -6.67124319
v 0.6301918 11.92486763 -6.74067068
v 0.48155164 11.92241764 -6.67895984
v 0.31647968 11.9188137 -6.6681714
v 0.51561498 12.09608745 -6.6815443
v 0.3488121 12.09626674 -6.67142295
v 0.19138479 12.09248447 -6.6518774
v 0.3764677 12.27083301 -6.68474483
v 0.20978784 12.26348018 -6.67046785
v 0.04232549 12.24856185 -6.66559267
v 0.21732854 12.4306097 -6.69158744
v 0.05564165 12.41433239 -6.66370534
v -0.09060192 12.40318775 -6.70486879
v 0.07267427 12.58160686 -6.66516351
v -0.05684042 12.57201957 -6.69067573
v -0.16938304 12.56645488 -6.75878429
v -0.20798015 12.39516925 -6.77504539
v -0.28879594 12.56114673 -6.79683494
v -0.32917213 12.3897171 -6.78026437
v -0.39837408 12.55582809 -6.76409721
v -0.43162584 12.38609981 -6.75007534
v -0.50633192 12.5452032 -6.7735939
v -0.52629613 12.37854194 -6.78317213
v -0.60062551 12.53905582 -6.83583784
v -0.62096834 12.37465572 -6.84225177
v -0.73171567 12.54534816 -6.86805105
v -0.75501203 12.38148021 -6.87322616
v -0.86137104 12.56728553 -6.9707179
v -0.88235425 12.39551544 -6.97312641
v -0.99450302 12.59382343 -7.07827901
v -0.82286644 12.73336219 -6.95521593
v -0.94129276 12.77222156 -7.08414411
v -1.06469881 12.79441833 -7.20021629
v -1.10195505 12.60322856 -7.19207239
v -1.15666115 12.78832054 -7.32544708
v -1.0117526 12.95626545 -7.22026395
v -1.12712299 12.96678161 -7.34107971
v -1.15974676 12.9485979 -7.48829078
v -1.19761812 12.76970768 -7.46682357
v -1.21738839 12.92671012 -7.62465667
v -1.12179434 13.1225481 -7.5150175
v -1.18399107 13.09509944 -7.66686916
v -1.22879624 13.05850124 -7.79840993
v -1.26087832 12.89222908 -7.757164
v -1.22897744 13.02614116 -7.92600393
v -1.25272584 12.84754848 -7.89316844
v -1.18356239 13.00415134 -8.0463705
v -1.19801342 12.8229227 -8.02024555
v -1.17298519 12.99956417 -8.18410587
v -1.1964575 12.82833194 -8.16228103
v -1.10641014 12.99916744 -8.29653263
v -1.13732636 12.83700275 -8.28296566
v -1.02409505 13.00214862 -8.36727333
v -1.04434979 12.83227253 -8.35235023
v -0.98165893 13.00539302 -8.45433425
v -0.99036979 12.8299942 -8.44043445
v -1.0375843 13.00763893 -8.53770732
v -1.03311681 12.83803749 -8.53336906
v -1.07872116 13.01074409 -8.64756965
v -1.08367836 12.847373 -8.64199924
v -1.05258476 13.01212692 -8.77141761
v -1.05968201 12.84592247 -8.77507495
v -1.01085472 13.00664997 -8.90093708
v -1.00464439 12.83428096 -8.91199684
v -0.95378303 12.99893283 -9.03145504
v -0.94610166 12.82580184 -9.04920864
v -0.90869236 12.99880409 -9.16135978
v -0.90771102 12.8289709 -9.17655849
v -0.79329967 13.00453567 -9.25047969
v -0.80736827 12.83220577 -9.25483703
v -0.67175436 13.00926876 -9.36892986
v -0.69063901 12.8361845 -9.36578083
v -0.572474 13.01148128 -9.48671627
v -0.57147836 12.8373928 -9.47577095
v -0.50087022 13.01065444 -9.57489299
v -0.49216604 12.8359375 -9.56900215
v -0.49364805 12.65999603 -9.57388305
v -0.45160532 12.83386993 -9.6492033
v -0.44378137 12.66135501 -9.65892887
v -0.37118291 12.83957958 -9.67488098
v -0.354918 12.66357612 -9.6870203
v -0.26837492 12.8502531 -9.72132778
v -0.26238775 12.67189216 -9.73752403
v -0.11698818 12.86305809 -9.78781127
v -0.10694313 12.68649387 -9.8019514
v 0.01306772 12.87379741 -9.8513298
v 0.03696298 12.6995964 -9.85397815
v 0.12951517 12.88337802 -9.86092948
v 0.15356779 12.71333122 -9.86852264
v 0.18324708 12.54829978 -9.89165782
v 0.26539421 12.72141265 -9.82153511
v 0.29694461 12.5537281 -9.83828544
v 0.38174438 12.71494579 -9.75023078
v 0.40731668 12.54547691 -9.75265979
v 0.53410291 12.70739841 -9.72031021
v 0.56090116 12.53725242 -9.71729755
v 0.68608379 12.69460105 -9.66178798
v 0.69818878 12.52334976 -9.64469623
v 0.83471107 12.68138027 -9.58241558
v 0.83572101 12.51152038 -9.58742046
v 0.98912429 12.67126178 -9.50515079
v 0.96395492 12.5027647 -9.50121974
v 1.14588785 12.66678237 -9.42355632
v 1.12254762 12.49787235 -9.42795658
v 1.26598525 12.6738348 -9.34380912
v 1.25313067 12.50349998 -9.34233284
v 1.36828208 12.6715517 -9.26188564
v 1.35323786 12.50605011 -9.26948165
v 1.41696262 12.66396236 -9.14178085
v 1.41283989 12.49315166 -9.15923023
v 1.41987037 12.32474041 -9.1771059
v 1.52733206 12.48987865 -9.07481575
v 1.54654192 12.33579444 -9.10707473
v 1.56371569 12.1690216 -9.10456371
v 1.64282655 12.33859252 -8.97320461
v 1.65782499 12.17260456 -8.98337268
v 1.6706283 12.00206565 -8.98069477
v 1.73257422 12.16512966 -8.83515834
v 1.7391479 11.99727249 -8.84077644
v 1.7423532 11.82463073 -8.84975242
v 1.80681014 11.98970031 -8.68274211
v 1.81737208 11.82002162 -8.68114185
v 1.81760764 11.64918422 -8.67961025
v 1.90123891 11.81400585 -8.54052734
v 1.90361166 11.64535999 -8.53183174
v 1.89683103 11.48095321 -8.52395248
v 1.89654111 11.64864063 -8.35299205
v 1.89786291 11.48722553 -8.34541606
v 1.90030241 11.32584857 -8.35600757
v 1.97216916 11.5009756 -8.15967369
v 1.96977734 11.33630275 -8.16212463
v 1.97316765 11.17760944 -8.17070579
v 2.04376149 11.34468364 -8.00204563
v 2.02905392 11.18085575 -7.99395561
v 2.01855397 11.02605247 -7.99473047
v 2.05755138 11.19006538 -7.84842777
v 2.05965137 11.03045654 -7.85447454
v 2.04774856 10.89019489 -7.86150169
v 2.00661683 11.04625797 -7.72263431
v 2.01390862 10.90193557 -7.73511791
v 2.02032589 10.80252361 -7.74112463
v 2.03892445 10.7958002 -7.86288738
v 2.02677655 10.73360538 -7.74368143
v 2.03414082 10.73088169 -7.86989307
v 2.02931809 10.68617248 -7.87979078
v 1.94897031 10.80927085 -7.62313604
v 1.94157457 10.91464233 -7.61960697
v 1.86515569 10.9209156 -7.5037446
v 1.924088 11.06252098 -7.61270999
v 1.85481214 11.06970596 -7.50387954
v 1.79182887 11.07156848 -7.40147781
v 1.83434748 11.2333889 -7.50660371
v 1.78916239 11.23587703 -7.4144926
v 1.69906306 11.23850536 -7.36244392
v 1.78450274 11.4011774 -7.4343214
v 1.7041881 11.40151119 -7.39204978
v 1.59844946 11.40818405 -7.3307619
v 1.69390749 11.56223201 -7.41899681
v 1.59825015 11.56819343 -7.35938024
v 1.52257895 11.58618545 -7.21704387
v 1.59237265 11.73073005 -7.37027263
v 1.53168654 11.74839973 -7.23308992
v 1.44736266 11.75790119 -7.08099556
v 1.4295988 11.59417438 -7.06506633
v 1.30693888 11.76560497 -6.97819423
v 1.28776049 11.60338878 -6.96230268
v 1.13398981 11.77063846 -6.8809781
v 1.32397437 11.92540741 -6.98992967
v 1.14761686 11.93007087 -6.8980813
v 0.95992183 11.93056297 -6.8205471
v 1.16933488 12.09043884 -6.89646101
v 0.9814701 12.09437656 -6.8316102
v 0.80949306 12.09644031 -6.7808938
v 0.78824329 11.92771244 -6.77262067
v 0.65068912 12.09509849 -6.75621366
v 0.83597374 12.26424503 -6.78010797
v 0.66816425 12.26772689 -6.77301168
v 0.54244756 12.27191162 -6.69921159
v 0.70508384 12.44067382 -6.77931022
v 0.56852483 12.44420719 -6.7086749
v 0.39881849 12.44220352 -6.69263505
v 0.5835495 12.61019134 -6.71843862
v 0.41015005 12.60937404 -6.69717407
v 0.22164297 12.59886074 -6.71301507
v 0.41899156 12.77580642 -6.71018362
v 0.23786687 12.76402473 -6.73490619
v 0.09400034 12.75372409 -6.67755413
v 0.2508316 12.93561458 -6.757308
v 0.11100721 12.92685222 -6.70740652
v 0.00114393 12.91875171 -6.68424224
v -0.0261178 12.74266624 -6.6808629
v -0.09401321 12.90952873 -6.7375164
v -0.12674331 12.73536109 -6.75030517
v -0.20609569 12.90342712 -6.78913068
v -0.24579668 12.73046016 -6.7959876
v -0.33727169 12.89817047 -6.79245662
v -0.36819124 12.72621727 -6.78025436
v -0.45389699 12.89004516 -6.75793933
v -0.48259306 12.71558189 -6.7665739
v -0.56052064 12.88080596 -6.79368639
v -0.58154916 12.70474433 -6.81724357
v -0.66596555 12.87908363 -6.84831953
v -0.69610548 12.70419406 -6.86207246
v -0.78539562 12.89893245 -6.93244457
v -0.64376592 13.05780983 -6.84585142
v -0.76490926 13.0626955 -6.91463947
v -0.87205457 13.0829153 -7.05830049
v -0.89451122 12.93012046 -7.0745821
v -0.96856308 13.10808754 -7.22492694
v -0.85769796 13.23938274 -7.04321765
v -0.94040489 13.26233959 -7.21327161
v -1.03486299 13.29007148 -7.36323881
v -1.08748734 13.13727664 -7.35297393
v -1.07882463 13.28128719 -7.53745985
v -0.98501205 13.43576622 -7.3695116
v -1.03355836 13.43395614 -7.55620718
v -1.10592186 13.41709899 -7.73618316
v -1.14011108 13.2576704 -7.71034669
v -1.18414413 13.40000057 -7.86572694
v -1.20321631 13.22858619 -7.83862924
v -1.18784105 13.37490081 -7.98940515
v -1.20677447 13.2007389 -7.95469379
v -1.17606651 13.35454273 -8.11707687
v -1.17884028 13.17813205 -8.07861709
v -1.13299191 13.34404754 -8.246706
v -1.15307581 13.1690607 -8.21608448
v -1.06411373 13.34304809 -8.33698463
v -1.08280432 13.17043685 -8.31891536
v -0.9989233 13.34565734 -8.4115982
v -1.01194667 13.17544841 -8.39108562
v -0.99238634 13.3460102 -8.50476265
v -0.98228311 13.17683887 -8.48668098
v -1.04590237 13.34947681 -8.58055305
v -1.03960609 13.1775484 -8.56506633
v -1.0487796 13.35650539 -8.68416214
v -1.0670067 13.18154811 -8.66824245
v -1.0163083 13.36138629 -8.7924509
v -1.0387454 13.18586921 -8.77950382
v -0.97020816 13.3580532 -8.91300678
v -0.99675512 13.18288898 -8.9009161
v -0.95000648 13.35022068 -9.05086612
v -0.95298957 13.17431449 -9.03578186
v -0.90040683 13.3468523 -9.17381477
v -0.90710353 13.16933155 -9.16674804
v -0.78952264 13.34953594 -9.25595665
v -0.79458856 13.17456054 -9.25521183
v -0.66496133 13.35539245 -9.36523819
v -0.66769743 13.18140411 -9.36940288
v -0.57332372 13.36398029 -9.47815513
v -0.57688283 13.18655777 -9.48706817
v -0.51901102 13.3718996 -9.56938648
v -0.5177474 13.18963527 -9.57862567
v -0.45917367 13.37883853 -9.64188957
v -0.46828508 13.19376468 -9.64914798
v -0.46468114 13.01160907 -9.65132999
v -0.38497591 13.19829082 -9.66927909
v -0.38126897 13.01840114 -9.67372608
v -0.27501249 13.2029438 -9.71247291
v -0.27788972 13.02761936 -9.71487331
v -0.12329196 13.21034336 -9.77497291
v -0.12244129 13.03946971 -9.77709102
v -0.00252676 13.21818637 -9.83206272
v 0.00655794 13.04793548 -9.84106636
v 0.10543584 13.22587299 -9.85791778
v 0.11712312 13.05473327 -9.86182212
v 0.2058568 13.22872161 -9.80289363
v 0.22303152 13.05693435 -9.81039047
v 0.23748922 12.88796806 -9.81195735
v 0.34415817 13.05327224 -9.75433445
v 0.35865879 12.88411712 -9.75110721
v 0.50803232 13.04580402 -9.73014926
v 0.51638937 12.87624931 -9.72653579
v 0.68892383 13.03372573 -9.67463874
v 0.68571758 12.86403179 -9.66938114
v 0.85515213 13.02157974 -9.58581066
v 0.84322547 12.85096263 -9.58007812
v 1.0347979 13.00994586 -9.51320743
v 1.01371979 12.83948421 -9.5119934
v 1.17794179 13.00415229 -9.41109466
v 1.16476583 12.83608341 -9.41178131
v 1.28618407 13.0006752 -9.34760761
v 1.28082346 12.83367443 -9.34226036
v 1.37370872 12.99616146 -9.28360748
v 1.37325286 12.82971954 -9.26985359
v 1.4064846 12.99611091 -9.16790676
v 1.41092777 12.82969284 -9.15230274
v 1.49945235 12.99256134 -9.03713321
v 1.51173186 12.82617664 -9.0301361
v 1.52092433 12.6587553 -9.04231834
v 1.64479875 12.82100486 -8.90258216
v 1.64179563 12.65862941 -8.92050647
v 1.63531923 12.49692344 -8.94474887
v 1.70960211 12.65347194 -8.76980972
v 1.71517634 12.49152183 -8.79646492
v 1.72760462 12.33057689 -8.82894325
v 1.75629496 12.47957706 -8.65941238
v 1.76821303 12.31871128 -8.68056011
v 1.78473639 12.15534496 -8.68444728
v 1.84348249 12.3121252 -8.57059764
v 1.86452245 12.15137577 -8.56993103
v 1.8920989 11.98378467 -8.55736064
v 1.88053274 12.1403408 -8.41637516
v 1.8877902 11.97559356 -8.39668178
v 1.89421033 11.81132602 -8.3728199
v 1.95122289 11.98954105 -8.21921634
v 1.96349549 11.83090877 -8.19430923
v 1.96807694 11.66688633 -8.16907501
v 2.0407288 11.85925006 -8.0337181
v 2.04934978 11.68831253 -8.02575111
v 2.05476188 11.51546287 -8.01732635
v 1.99903798 11.70278835 -7.85520792
v 2.02966141 11.53479385 -7.85372209
v 2.04861545 11.36119175 -7.84958314
v 1.91433 11.54645729 -7.71189832
v 1.95735669 11.38117599 -7.70909118
v 1.98530125 11.21154022 -7.71275043
v 1.86161756 11.39235305 -7.60761833
v 1.88890409 11.22670364 -7.61052751
v 1.8210504 11.39815044 -7.51423883
v 1.8324964 11.55424022 -7.6041665
v 1.80612158 11.56039619 -7.52014064
v 1.76796221 11.56336402 -7.45218801
v 1.79124331 11.71649169 -7.51235294
v 1.74845957 11.7198925 -7.45429468
v 1.67498469 11.72212505 -7.43249559
v 1.72497248 11.88143062 -7.47010803
v 1.64752054 11.88216972 -7.44510126
v 1.57727217 11.89450454 -7.36139583
v 1.61232328 12.05030441 -7.43577957
v 1.57406306 12.06874465 -7.33191013
v 1.56633162 12.08416175 -7.19625282
v 1.55268359 11.91433429 -7.22236585
v 1.46300101 12.08952617 -7.09567689
v 1.46207308 11.92146682 -7.09069538
v 1.33666205 12.08866119 -6.99556732
v 1.4636724 12.25221157 -7.08854293
v 1.34418463 12.25078964 -6.98909759
v 1.18842172 12.25100231 -6.88582372
v 1.34691977 12.41367626 -6.9705224
v 1.20291662 12.41557216 -6.87393713
v 1.03862977 12.42584991 -6.84530258
v 1.00566864 12.25851535 -6.84287166
v 0.86967086 12.4337759 -6.78512048
v 1.06772923 12.59666729 -6.85045099
v 0.89326095 12.6039772 -6.78831768
v 0.71827983 12.60608768 -6.79256629
v 0.87894725 12.7679615 -6.80354213
v 0.7135868 12.76936912 -6.80956888
v 0.58977699 12.77726078 -6.72176742
v 0.70591354 12.93960285 -6.80785369
v 0.58624839 12.94074058 -6.72052526
v 0.42195367 12.94372463 -6.7187705
v 0.58205032 13.10276413 -6.71735048
v 0.43624162 13.10935974 -6.72806453
v 0.27785205 13.10929679 -6.76963043
v 0.45254945 13.27708435 -6.73958778
v 0.30389499 13.28081607 -6.78236055
v 0.15185403 13.27284908 -6.7638936
v 0.13271284 13.10297584 -6.73479747
v 0.03885412 13.2668724 -6.71976852
v 0.02267599 13.09997463 -6.69362068
v -0.06696176 13.25487422 -6.73908901
v -0.07367515 13.08777523 -6.7324686
v -0.17302894 13.24392318 -6.79216909
v -0.1803112 13.07644844 -6.78638124
v -0.30763053 13.23730754 -6.81861209
v -0.31608104 13.06958293 -6.80186557
v -0.42634296 13.23715019 -6.7773633
v -0.43517255 13.0653553 -6.76505661
v -0.53465318 13.23585224 -6.78926563
v -0.54546403 13.05993366 -6.78791046
v -0.63095426 13.23393917 -6.84814977
v -0.52622175 13.41121196 -6.79326009
v -0.62134122 13.40636634 -6.85372352
v -0.73602771 13.40226459 -6.91346263
v -0.74762105 13.23346519 -6.9148426
v -0.84361124 13.39857387 -7.03511953
v -0.73155403 13.57243919 -6.90998363
v -0.83892965 13.56786918 -7.02769231
v -0.92481327 13.57920265 -7.17778158
v -0.92997264 13.419137 -7.1967678
v -0.94517517 13.58440494 -7.36414957
v -0.91486835 13.73967552 -7.17083263
v -0.93271827 13.73902034 -7.35677671
v -0.98245477 13.73527813 -7.55446004
v -1.00198459 13.58490181 -7.55877447
v -1.05519926 13.73030757 -7.74977445
v -1.0797559 13.57496261 -7.74715375
v -1.11845552 13.72602939 -7.90802049
v -1.15638363 13.56542587 -7.89009285
v -1.13746416 13.71689415 -8.04384326
v -1.15745174 13.54704761 -8.01844692
v -1.14273035 13.7067871 -8.17691898
v -1.15442144 13.52957058 -8.15341949
v -1.09808456 13.70013809 -8.28271961
v -1.11420023 13.51991272 -8.27172374
v -1.03220367 13.69735336 -8.35542774
v -1.04825842 13.51816844 -8.34865284
v -0.97745227 13.69512748 -8.43121337
v -0.9894042 13.5190773 -8.42531299
v -0.99168634 13.69699478 -8.51882267
v -0.99438476 13.51920795 -8.51795291
v -1.02715063 13.70034885 -8.60036945
v -1.03972291 13.52236747 -8.59697723
v -1.00941085 13.70059776 -8.69764328
v -1.02756977 13.52893543 -8.69389629
v -0.97509098 13.70042514 -8.80612087
v -0.99067068 13.53137493 -8.80089473
v -0.93568992 13.70031738 -8.92936229
v -0.94346475 13.53010559 -8.92543411
v -0.92324686 13.70396709 -9.05650806
v -0.93759584 13.52875042 -9.06034565
v -0.87787723 13.70689296 -9.16830921
v -0.88990879 13.52787494 -9.17264938
v -0.7685461 13.70297336 -9.24128532
v -0.77759504 13.52720642 -9.2491846
v -0.64938402 13.70683193 -9.34351158
v -0.6564393 13.53160095 -9.35447788
v -0.56159544 13.71789646 -9.45183563
v -0.56648778 13.54115104 -9.46403884
v -0.51126623 13.73100185 -9.54685306
v -0.51604032 13.55286121 -9.56169891
v -0.43446302 13.7371397 -9.60546493
v -0.44900465 13.56048774 -9.6278572
v -0.34066486 13.73743534 -9.64258098
v -0.35482168 13.55829525 -9.65281581
v -0.37580823 13.37922477 -9.66219425
v -0.24954271 13.55771541 -9.69539356
v -0.26656103 13.37785816 -9.70616626
v -0.13736534 13.56266307 -9.76160335
v -0.12929248 13.38277053 -9.76748085
v -0.03738069 13.57280445 -9.82074928
v -0.01847314 13.39063739 -9.82572841
v 0.06614923 13.58040809 -9.83627414
v 0.08688879 13.39917182 -9.84907245
v 0.16791296 13.57702064 -9.78704929
v 0.18468236 13.40141582 -9.79269886
v 0.30729293 13.56725883 -9.73145675
v 0.31385803 13.39700603 -9.73998546
v 0.33109569 13.22535419 -9.74904346
v 0.49446439 13.38919544 -9.73647594
v 0.50137281 13.21744537 -9.73241329
v 0.68844413 13.37544822 -9.6767826
v 0.68893051 13.20514774 -9.6748867
v 0.87104129 13.36503601 -9.59752845
v 0.86824321 13.19341278 -9.59766292
v 1.04527211 13.35679054 -9.51142883
v 1.04585576 13.18290996 -9.51346397
v 1.18743276 13.34856891 -9.41466808
v 1.18300485 13.17504787 -9.41107749
v 1.29078459 13.34245491 -9.3528223
v 1.28476023 13.16925621 -9.34968948
v 1.37644481 13.33798408 -9.28755283
v 1.37838459 13.16592884 -9.29006385
v 1.4081707 13.33576297 -9.17410183
v 1.40748786 13.16422271 -9.17436409
v 1.48430323 13.32990646 -9.04816246
v 1.48947405 13.16018295 -9.04368686
v 1.60795354 13.31939888 -8.93612289
v 1.61965799 13.15123081 -8.92369079
v 1.63066816 12.98442077 -8.90586948
v 1.69383502 13.14250278 -8.78906631
v 1.69780516 12.97589016 -8.76534175
v 1.70777583 12.81244373 -8.75753974
v 1.70762324 12.97051811 -8.65561485
v 1.72346472 12.80755519 -8.64395046
v 1.74864363 12.64462757 -8.64964771
v 1.80805468 12.80506801 -8.56867694
v 1.82962298 12.63931846 -8.5643444
v 1.83456206 12.4718132 -8.56766986
v 1.8761115 12.62729835 -8.43178844
v 1.86448526 12.46094322 -8.42877292
v 1.86661672 12.30177307 -8.42624282
v 1.97082543 12.45598125 -8.27813625
v 1.95420289 12.29976463 -8.26596927
v 1.94511556 12.14744758 -8.24476814
v 1.97256684 12.32314395 -8.0550127
v 1.98460412 12.17370891 -8.0454998
v 2.01422524 12.02238559 -8.03620719
v 1.92343378 12.17762947 -7.84083223
v 1.94601678 12.02064418 -7.83528184
v 1.97665047 11.86462307 -7.84814834
v 1.83285307 12.01878738 -7.68291139
v 1.84473943 11.8627634 -7.69196319
v 1.8699212 11.70760536 -7.70443964
v 1.8023107 11.87208938 -7.57424497
v 1.80677771 11.71287345 -7.59041118
v 1.78327345 11.87897491 -7.50501108
v 1.79525637 12.03473472 -7.57822752
v 1.76361346 12.04841423 -7.51081085
v 1.68930029 12.0437107 -7.48451995
v 1.72082305 12.20694828 -7.53625011
v 1.64171552 12.21446895 -7.48816967
v 1.58623862 12.23106098 -7.401587
v 1.60640597 12.39474868 -7.48610067
v 1.58902812 12.41025161 -7.36337852
v 1.60778951 12.41108131 -7.25443458
v 1.59261965 12.2470684 -7.29278135
v 1.55308604 12.41321373 -7.15679836
v 1.56220793 12.25135231 -7.17221975
v 1.46068358 12.4152193 -7.07454347
v 1.55404067 12.57740402 -7.13789176
v 1.45507788 12.57919502 -7.04878854
v 1.33727812 12.5797739 -6.9510765
v 1.45023417 12.74916172 -7.03701162
v 1.33149313 12.75106906 -6.9356966
v 1.21839952 12.75491046 -6.85461235
v 1.21745443 12.58433437 -6.86193466
v 1.06194996 12.75807285 -6.85802602
v 1.20115709 12.9212408 -6.8594098
v 1.03926587 12.92163658 -6.8669424
v 0.86185073 12.93017768 -6.82177591
v 1.01261067 13.0863018 -6.8598175
v 0.84673404 13.09413623 -6.83850622
v 0.69666862 13.10045337 -6.80060577
v 0.82084178 13.2579689 -6.85144615
v 0.68542671 13.26760292 -6.79102706
v 0.58268451 13.27114677 -6.71348285
v 0.67198467 13.44317054 -6.79015922
v 0.57221555 13.44823265 -6.72379016
v 0.45547342 13.45112609 -6.74113273
v 0.57759046 13.62779998 -6.71948385
v 0.4645524 13.62823009 -6.74043417
v 0.32123184 13.62172126 -6.79495573
v 0.31652355 13.45153904 -6.79396104
v 0.15704965 13.59930992 -6.80715799
v 0.15806722 13.43645381 -6.7911992
v 0.04053258 13.59196662 -6.76221132
v 0.04206705 13.4286623 -6.73597097
v -0.06815815 13.58646488 -6.76782083
v -0.06961059 13.41985034 -6.74519443
v -0.17585563 13.57966327 -6.80997514
v -0.17513942 13.41016769 -6.80149507
v -0.30025911 13.5816679 -6.82635402
v -0.3044362 13.40876579 -6.83030462
v -0.41024017 13.58365249 -6.78971529
v -0.41652298 13.41141319 -6.78532648
v -0.5208764 13.58177471 -6.79923152
v -0.41390609 13.75360679 -6.79629421
v -0.52097463 13.75191211 -6.80604362
v -0.61178064 13.74754715 -6.86134815
v -0.61188459 13.57731723 -6.85965156
v -0.73283147 13.74476432 -6.90381193
v -0.61233854 13.92146968 -6.87020254
v -0.72954893 13.91810512 -6.91272544
v -0.82732772 13.90960407 -7.03317928
v -0.83082103 13.74160099 -7.02610254
v -0.91718673 13.89982605 -7.17302608
v -0.83505153 14.08029365 -7.03594589
v -0.92813825 14.06464576 -7.17483377
v -0.94860839 14.04749107 -7.34926843
v -0.93877315 13.89259815 -7.35294199
v -0.98658275 14.03855609 -7.54424142
v -0.97727632 13.88675212 -7.55156564
v -1.04542028 14.04088783 -7.73668813
v -1.04391062 13.88535785 -7.74623107
v -1.09002172 14.05296707 -7.91575431
v -1.09675133 13.88723564 -7.91711759
v -1.12175047 14.06383419 -8.05433273
v -1.12389814 13.88825893 -8.05665016
v -1.12072336 14.06676292 -8.17278766
v -1.13235199 13.88547325 -8.18457698
v -1.0806657 14.0630989 -8.27239513
v -1.08766901 13.88176822 -8.2831335
v -1.01344394 14.05920219 -8.34773063
v -1.02356147 13.87945365 -8.35665226
v -0.96531868 14.05930233 -8.4317379
v -0.97363233 13.8789606 -8.43573951
v -0.98787927 14.05897903 -8.52058601
v -0.98950672 13.87862491 -8.52029514
v -1.02233743 14.05744934 -8.60870075
v -1.0245819 13.87617588 -8.60606861
v -1.00706577 14.05608844 -8.70663166
v -1.01037693 13.87461185 -8.70495319
v -0.95704984 14.05335903 -8.80382537
v -0.96764278 13.87394046 -8.80761051
v -0.93158578 14.05000972 -8.92039108
v -0.93237876 13.8738842 -8.92515087
v -0.92044591 14.04632186 -9.04018878
v -0.91693401 13.87553787 -9.04521369
v -0.86792516 14.04637908 -9.14434909
v -0.86591815 13.87773132 -9.15399169
v -0.76037073 14.04511928 -9.20800876
v -0.75813865 13.87622451 -9.22672271
v -0.66614294 14.04867458 -9.3150959
v -0.65348196 13.88005638 -9.33178615
v -0.58384084 14.06065273 -9.42168426
v -0.56361055 13.89189243 -9.43593883
v -0.52203989 14.07868003 -9.51222705
v -0.50972223 13.90586185 -9.53312778
v -0.43614625 14.09142208 -9.56515502
v -0.4276123 13.91441917 -9.58876133
v -0.33860302 14.09661197 -9.60863018
v -0.33456611 13.91746425 -9.62714862
v -0.24058485 14.10205841 -9.67674922
v -0.23960638 13.92238235 -9.68709087
v -0.24244737 13.7415781 -9.6987915
v -0.1303358 13.93128585 -9.73649311
v -0.13404274 13.74881267 -9.75182151
v -0.02811193 13.94559669 -9.78458499
v -0.03672361 13.76139068 -9.80651664
v 0.07620096 13.9458208 -9.78586483
v 0.06603765 13.76524448 -9.81461048
v 0.18476343 13.92854976 -9.76012325
v 0.17108202 13.75336551 -9.77774524
v 0.33499622 13.91021823 -9.73357486
v 0.31404018 13.73699569 -9.73134422
v 0.5154767 13.89338111 -9.71713733
v 0.50346517 13.7226305 -9.71935463
v 0.49559068 13.55578708 -9.72589016
v 0.69470119 13.71277332 -9.67847442
v 0.68947792 13.54404544 -9.67461967
v 0.86877059 13.7077198 -9.59550094
v 0.87039375 13.53628826 -9.59574508
v 1.03946709 13.70285987 -9.50279617
v 1.04237294 13.53031158 -9.50696945
v 1.1853404 13.69584655 -9.41038227
v 1.18568658 13.52276516 -9.40997123
v 1.2973802 13.68812751 -9.35093402
v 1.29493498 13.5174179 -9.34933185
v 1.38781166 13.68379116 -9.28142261
v 1.38738727 13.51211929 -9.28689861
v 1.41895771 13.68044281 -9.16388034
v 1.41374969 13.50899982 -9.16897201
v 1.48380541 13.67106914 -9.03446292
v 1.48209643 13.50038814 -9.04207038
v 1.59660601 13.65795517 -8.92965316
v 1.60185408 13.48837089 -8.94132518
v 1.69620013 13.64652252 -8.82824516
v 1.69561648 13.47582054 -8.82835102
v 1.69594645 13.30804538 -8.81260681
v 1.71213793 13.47024345 -8.70357036
v 1.70932078 13.30282974 -8.69191265
v 1.69709563 13.13704204 -8.66784095
v 1.77575659 13.29948806 -8.61176776
v 1.78191351 13.13311862 -8.6014328
v 1.79285311 12.97011852 -8.58477211
v 1.85210466 13.1417427 -8.48313713
v 1.87106752 12.97274684 -8.46092224
v 1.87734651 12.79861164 -8.43948745
v 1.96867203 12.97864246 -8.33067131
v 1.98246979 12.79779624 -8.30459499
v 1.97904133 12.62126159 -8.29160499
v 1.98126053 12.80951786 -8.12493801
v 1.97566056 12.64053535 -8.09352684
v 1.97615933 12.4776926 -8.06995964
v 1.91558122 12.66816234 -7.90145921
v 1.9076848 12.50616931 -7.87701368
v 1.90996694 12.34230613 -7.85799026
v 1.84284734 12.51988506 -7.74140358
v 1.84843778 12.35146999 -7.71766758
v 1.83845877 12.17857074 -7.69272136
v 1.79106593 12.36125659 -7.61464023
v 1.78792929 12.19345855 -7.59887647
v 1.69726347 12.37375354 -7.55502271
v 1.7871015 12.53270626 -7.63472461
v 1.68755126 12.5442543 -7.57140159
v 1.61206865 12.56632614 -7.47011947
v 1.68027186 12.71131515 -7.60455083
v 1.60806036 12.72913074 -7.48986816
v 1.63152647 12.74400997 -7.35677385
v 1.61835146 12.57848739 -7.34526491
v 1.63810014 12.74736118 -7.23205089
v 1.62786531 12.57612896 -7.2270255
v 1.56180262 12.74808025 -7.12981271
v 1.64503145 12.91727638 -7.24924755
v 1.56726145 12.92120933 -7.14003515
v 1.44990134 12.91878509 -7.04365921
v 1.56036829 13.08835792 -7.15339136
v 1.44430613 13.08537483 -7.05160713
v 1.32421755 13.0856781 -6.93412828
v 1.32937979 12.91908073 -6.933115
v 1.17601633 13.0844984 -6.87444162
v 1.30478549 13.25151634 -6.93310594
v 1.15307855 13.2498312 -6.88560867
v 0.99272346 13.25143432 -6.84740066
v 1.12893629 13.41703224 -6.89485931
v 0.96289062 13.41455745 -6.85102462
v 0.79503727 13.42600441 -6.86828565
v 0.93922138 13.57682609 -6.87379217
v 0.78556633 13.59931469 -6.86303138
v 0.67966747 13.61725521 -6.77704191
v 0.79175949 13.7702341 -6.84891319
v 0.68965911 13.7890892 -6.77397441
v 0.58642196 13.79973793 -6.73193931
v 0.6934719 13.95445537 -6.7821207
v 0.58503532 13.96944809 -6.74485445
v 0.45103883 13.96452426 -6.74191618
v 0.46620988 13.7981081 -6.74154901
v 0.28608894 13.9424057 -6.7803874
v 0.30971241 13.78601551 -6.78522396
v 0.13807535 13.92850971 -6.81531667
v 0.14925909 13.76482391 -6.81596565
v 0.02981996 13.92540836 -6.77207136
v 0.03223943 13.75609684 -6.76959514
v -0.07712554 13.92761898 -6.78561449
v -0.07458305 13.75436687 -6.77913379
v -0.19365978 13.9258213 -6.82412815
v -0.18300437 13.75338268 -6.81909036
v -0.3164854 13.92395305 -6.83997011
v -0.306427 13.75235843 -6.82954216
v -0.42043876 13.92550659 -6.80382204
v -0.32729721 14.09450531 -6.84474849
v -0.43061924 14.09525871 -6.81829166
v -0.5282979 14.09351348 -6.82876825
v -0.52406644 13.92467689 -6.81699371
v -0.61611032 14.08988857 -6.88399076
v -0.53236913 14.26100254 -6.8393855
v -0.6196208 14.25577545 -6.89350843
v -0.72712326 14.25401878 -6.93590354
v -0.73181533 14.08692741 -6.92560434
v -0.83210897 14.25119781 -7.04085302
v -0.71747446 14.42344474 -6.94362545
v -0.81520128 14.42051982 -7.05000686
v -0.90730667 14.39792823 -7.19974756
v -0.92355203 14.23233795 -7.18582344
v -0.96636915 14.36542701 -7.36739206
v -0.95970869 14.20398807 -7.35874843
v -1.0017786 14.35058021 -7.53164482
v -0.99845457 14.19231891 -7.53870153
v -1.06212055 14.35276985 -7.69350767
v -1.05012476 14.19614601 -7.72173118
v -1.10066425 14.37811946 -7.8512721
v -1.09863245 14.21824169 -7.89482402
v -1.10225355 14.41765022 -7.99915599
v -1.12021458 14.24351501 -8.03712368
v -1.09779751 14.43089199 -8.13268375
v -1.11166203 14.25085735 -8.15405845
v -1.07664835 14.42323303 -8.25821971
v -1.08295404 14.24470329 -8.26600742
v -1.00446128 14.4168806 -8.34676933
v -1.00925207 14.24075794 -8.3445301
v -0.96829366 14.41939544 -8.44117736
v -0.96680545 14.24148941 -8.4326992
v -0.98444652 14.42263793 -8.53455066
v -0.98839139 14.24050808 -8.52389431
v -1.01479959 14.41905212 -8.62107563
v -1.01774263 14.23887538 -8.61053752
v -0.99465608 14.41260337 -8.71524334
v -1.00023841 14.23569488 -8.70927524
v -0.94827079 14.40746784 -8.80806827
v -0.95020341 14.23067665 -8.80488205
v -0.93886804 14.40225601 -8.92395114
v -0.9414649 14.22446537 -8.92207431
v -0.93511819 14.39960289 -9.04192447
v -0.92931509 14.21991062 -9.04057312
v -0.87716913 14.40004062 -9.13995361
v -0.87436962 14.22018623 -9.14241886
v -0.77144241 14.40076828 -9.1999588
v -0.77076864 14.22141456 -9.20171546
v -0.68044996 14.40434932 -9.29149532
v -0.68407487 14.22535896 -9.29380893
v -0.61978864 14.40885353 -9.39632034
v -0.60957574 14.23303127 -9.40121364
v -0.55032777 14.4139986 -9.48060226
v -0.53747797 14.24649143 -9.48398971
v -0.44521284 14.42395496 -9.52081775
v -0.43975782 14.25839996 -9.52931976
v -0.34656047 14.43351554 -9.5937376
v -0.34069252 14.26715946 -9.59335899
v -0.25057458 14.44178199 -9.67909431
v -0.24372148 14.27338504 -9.67527675
v -0.13987064 14.45393085 -9.73352336
v -0.13046455 14.28207778 -9.72806167
v -0.12874698 14.1065483 -9.72816371
v -0.02354383 14.28882694 -9.7538557
v -0.0256648 14.11770629 -9.7696619
v 0.09542894 14.28637695 -9.7407999
v 0.08702802 14.11789131 -9.75517272
v 0.21732759 14.27775859 -9.74634361
v 0.20401907 14.10397434 -9.75337505
v 0.36391735 14.26268482 -9.73588466
v 0.35416126 14.08648681 -9.74045372
v 0.52824831 14.24939823 -9.72127342
v 0.52574777 14.06964969 -9.72592449
v 0.69590854 14.24100017 -9.67947864
v 0.699687 14.0612545 -9.68375778
v 0.69917678 13.88495254 -9.68219757
v 0.86540031 14.05696296 -9.60390567
v 0.86854553 13.88125324 -9.59950923
v 1.02763295 14.04921722 -9.4965887
v 1.0362904 13.87626266 -9.50006771
v 1.18654871 14.0396595 -9.40850448
v 1.18363428 13.86766719 -9.4102106
v 1.30550742 14.02920913 -9.35094261
v 1.29788661 13.85858726 -9.35101032
v 1.38989353 14.02189445 -9.28999328
v 1.38745307 13.85287189 -9.28502464
v 1.42347621 14.01691341 -9.17886543
v 1.41695976 13.84846973 -9.1662054
v 1.48214888 14.00971412 -9.04846859
v 1.48158621 13.84026527 -9.03644752
v 1.58692145 14.00263023 -8.9329977
v 1.59206175 13.83043479 -8.92269802
v 1.69439578 13.99826717 -8.83133125
v 1.69775176 13.82283115 -8.82577419
v 1.73138117 13.99607944 -8.71098613
v 1.71720671 13.82013893 -8.70777893
v 1.71450114 13.64373874 -8.70738792
v 1.7849605 13.8197546 -8.6210289
v 1.77876639 13.64530277 -8.62044334
v 1.77471423 13.46931648 -8.61651325
v 1.83805823 13.651865 -8.52414512
v 1.83792471 13.47860622 -8.5175085
v 1.84647798 13.30851936 -8.50539398
v 1.89176034 13.49819088 -8.3882761
v 1.91338205 13.32753372 -8.36968421
v 1.94349145 13.15758419 -8.35346984
v 1.95685505 13.33823394 -8.22744751
v 1.96890091 13.15959739 -8.20200157
v 1.98485016 12.98391532 -8.16576004
v 1.92213773 13.16271019 -8.04761791
v 1.92323064 12.9957962 -8.00070953
v 1.91689825 12.83129501 -7.94476175
v 1.83122134 13.0133295 -7.86388301
v 1.83948969 12.85542488 -7.81363344
v 1.84261083 12.68942737 -7.77042388
v 1.77941584 12.87303447 -7.70151519
v 1.7851808 12.70277309 -7.67091798
v 1.66793394 12.87765026 -7.62742471
v 1.75877165 13.03711319 -7.72773933
v 1.64833211 13.05337619 -7.64474868
v 1.5999515 13.06726265 -7.5140295
v 1.60425925 12.89674377 -7.50760555
v 1.64585828 13.07760524 -7.38589525
v 1.64335107 12.9099493 -7.3784151
v 1.64253282 13.0869255 -7.25984573
v 1.63964033 13.2438898 -7.38095188
v 1.62114095 13.25562191 -7.25624513
v 1.53818392 13.25333786 -7.15016984
v 1.58617663 13.42002201 -7.25599575
v 1.50634932 13.41694068 -7.14603519
v 1.39670372 13.41782665 -7.03520345
v 1.42541503 13.2502079 -7.04376459
v 1.28133845 13.42348003 -6.92821312
v 1.37292385 13.58650493 -7.03628969
v 1.2433784 13.59807586 -6.94763708
v 1.09529256 13.58144474 -6.90391683
v 1.2177701 13.76066589 -6.98396492
v 1.0726912 13.75305843 -6.9185419
v 0.93274402 13.75376701 -6.8808875
v 1.05512833 13.92358684 -6.94418096
v 0.93025207 13.92767524 -6.89265775
v 0.8055067 13.93669509 -6.83988857
v 0.92037296 14.0925045 -6.9049344
v 0.81215381 14.10023975 -6.8350749
v 0.69957637 14.11390876 -6.79798555
v 0.82203197 14.2581501 -6.82795238
v 0.71360111 14.27324867 -6.81010484
v 0.59420585 14.28689003 -6.78197574
v 0.58502101 14.12930488 -6.76352262
v 0.42784166 14.28746604 -6.77350187
v 0.43183469 14.12637615 -6.75382947
v 0.25737285 14.27956867 -6.78340959
v 0.26628398 14.10916805 -6.77398157
v 0.12370824 14.27222633 -6.81566238
v 0.13297319 14.10113143 -6.80696392
v 0.01273584 14.27108097 -6.78772258
v 0.02421903 14.09875583 -6.78104448
v -0.09159278 14.26912117 -6.79532718
v -0.07822704 14.09677791 -6.79456043
v -0.20561981 14.26695823 -6.83176755
v -0.20055198 14.09499454 -6.82321214
v -0.33508968 14.26548194 -6.85589075
v -0.20434856 14.43835544 -6.85572385
v -0.33342552 14.43581485 -6.87308454
v -0.43764352 14.43604087 -6.85394668
v -0.43866682 14.2653141 -6.83490753
v -0.53182172 14.43228244 -6.84918117
v -0.4301958 14.60671138 -6.88011837
v -0.51961565 14.60553646 -6.87325286
v -0.60317945 14.59942245 -6.91569995
v -0.61638212 14.42493343 -6.90001964
v -0.70086479 14.594985 -6.96065855
v -0.59100294 14.76852703 -6.93353033
v -0.68731164 14.76349639 -6.98291158
v -0.78348398 14.75155735 -7.08045768
v -0.79915905 14.58590221 -7.06197261
v -0.8822999 14.73112106 -7.22078275
v -0.88969373 14.56301212 -7.21499204
v -0.94617033 14.70836162 -7.37864732
v -0.95528125 14.53551006 -7.37313175
v -0.99812459 14.69274997 -7.52642202
v -0.99978494 14.51912403 -7.52563619
v -1.06649982 14.6886444 -7.65277719
v -1.06895792 14.51745605 -7.66600418
v -1.09447014 14.69524478 -7.77054882
v -1.09957468 14.53403854 -7.80325126
v -1.06698525 14.71580791 -7.90156173
v -1.07618391 14.56649208 -7.94640541
v -1.05950844 14.73866367 -8.06944847
v -1.07635128 14.59177017 -8.10392761
v -1.03585386 14.75200653 -8.23019409
v -1.05266153 14.59142684 -8.25462913
v -0.98697042 14.76757907 -8.33541393
v -0.98777294 14.59130859 -8.34886169
v -0.95115089 14.77941703 -8.43490505
v -0.95291423 14.59758567 -8.44412612
v -0.97691726 14.78278255 -8.5330553
v -0.97588253 14.60150528 -8.53805732
v -1.01490545 14.77706146 -8.62178611
v -1.01395177 14.6000204 -8.62464237
v -1.00499057 14.76849079 -8.71804142
v -0.99508619 14.59265327 -8.71883106
v -0.96775102 14.76228809 -8.81363964
v -0.95318889 14.58610439 -8.81171608
v -0.94711923 14.75607681 -8.92760372
v -0.93923807 14.58084201 -8.92591381
v -0.93715238 14.75225353 -9.04866695
v -0.9375453 14.57858943 -9.04551696
v -0.8811388 14.75163459 -9.15157699
v -0.87757492 14.57747173 -9.14646625
v -0.77816486 14.75711154 -9.21570491
v -0.76871871 14.57901287 -9.20371627
v -0.68295145 14.76095867 -9.30302619
v -0.67879343 14.58120155 -9.29480934
v -0.63087606 14.76037025 -9.41336822
v -0.62656164 14.58265018 -9.4042921
v -0.54778051 14.7629652 -9.4910326
v -0.54991102 14.58829212 -9.48584842
v -0.43826818 14.77181434 -9.53197193
v -0.44500303 14.59662914 -9.5296936
v -0.34208011 14.78198623 -9.6063013
v -0.3472557 14.60644531 -9.60066032
v -0.25036668 14.78936386 -9.68530654
v -0.25325822 14.61593818 -9.68023586
v -0.13791084 14.79261016 -9.73115062
v -0.14124012 14.62527465 -9.73049926
v -0.01091337 14.79307842 -9.70554351
v -0.01343011 14.62901115 -9.7071104
v -0.01688718 14.46121025 -9.72741508
v 0.10799646 14.62447261 -9.73486805
v 0.10357332 14.45659637 -9.73246574
v 0.23129797 14.61545753 -9.7544136
v 0.2265191 14.44694423 -9.7445507
v 0.36998939 14.6081047 -9.73366642
v 0.36358451 14.43676471 -9.73495769
v 0.53779459 14.60345459 -9.71116161
v 0.52695989 14.42770862 -9.71518611
v 0.69653511 14.59910965 -9.66814518
v 0.69506931 14.4197874 -9.67367458
v 0.85281276 14.59115696 -9.61017799
v 0.85526561 14.41006755 -9.60610961
v 0.85916137 14.23296833 -9.60404777
v 1.00723457 14.39880466 -9.50575256
v 1.01747536 14.22214222 -9.49400997
v 1.16839647 14.38779544 -9.42062091
v 1.18197107 14.21129417 -9.40889453
v 1.29056239 14.38186645 -9.35216236
v 1.30169749 14.20269203 -9.34659481
v 1.3886671 14.37633609 -9.30608463
v 1.39067554 14.19484806 -9.29721736
v 1.42847442 14.36478138 -9.19511604
v 1.42478561 14.18979549 -9.1915245
v 1.47670054 14.35160541 -9.05884075
v 1.47521281 14.18157005 -9.06133747
v 1.57905364 14.34201717 -8.94941997
v 1.57825064 14.1740942 -8.9438467
v 1.67475199 14.33932972 -8.84861469
v 1.68254447 14.17059803 -8.83716678
v 1.70833277 14.34163093 -8.73327446
v 1.72810053 14.16913604 -8.72319412
v 1.78308367 14.34183502 -8.63978672
v 1.78853774 14.17030239 -8.63180255
v 1.7920959 13.99596118 -8.62331104
v 1.83241725 14.170969 -8.52097225
v 1.83405089 14.0001049 -8.51883506
v 1.83787894 13.82555103 -8.52086067
v 1.86298418 14.00325012 -8.39099597
v 1.86530542 13.8363676 -8.39576911
v 1.87195444 13.66618728 -8.39532852
v 1.91119051 13.83894157 -8.24733924
v 1.91766595 13.67506218 -8.25069522
v 1.94016122 13.50995826 -8.24496173
v 1.88974523 13.66812229 -8.09390831
v 1.90472459 13.50435829 -8.09117126
v 1.9161334 13.33456134 -8.07870483
v 1.82374739 13.50016021 -7.95299387
v 1.82849764 13.33836078 -7.93453216
v 1.8308084 13.17681026 -7.90469598
v 1.71191 13.35521411 -7.810153
v 1.73946261 13.2000246 -7.76815176
v 1.6412673 13.38068389 -7.66837549
v 1.64398622 13.22061824 -7.65522003
v 1.59984183 13.38905239 -7.51275253
v 1.60037493 13.23171711 -7.51009988
v 1.61866712 13.40622711 -7.37780475
v 1.60844564 13.54654693 -7.52890682
v 1.59870123 13.56479263 -7.38973426
v 1.56388831 13.58049202 -7.26328659
v 1.57405829 13.72238063 -7.41311502
v 1.54841303 13.73636817 -7.27336549
v 1.46728777 13.73585224 -7.15948152
v 1.48334956 13.57841968 -7.14654731
v 1.3615005 13.75043773 -7.05716323
v 1.45697093 13.90366458 -7.17256403
v 1.35433936 13.91764354 -7.08167409
v 1.20097398 13.92224597 -7.01996088
v 1.32757449 14.08855342 -7.11097049
v 1.1700797 14.08502864 -7.04869508
v 1.03435158 14.0891447 -6.96062946
v 1.14170885 14.25258827 -7.05656576
v 1.01261925 14.25461292 -6.96243619
v 0.91107654 14.25446128 -6.89980173
v 0.99624633 14.42193031 -6.96609544
v 0.90948581 14.41820812 -6.88742971
v 0.83008003 14.42147445 -6.82992982
v 0.91075801 14.58953762 -6.88269567
v 0.83206844 14.59382724 -6.82996988
v 0.73413181 14.60034656 -6.82023143
v 0.72512054 14.43361187 -6.81414079
v 0.61722087 14.60736465 -6.79965877
v 0.60458469 14.44425296 -6.79546546
v 0.44636297 14.60902309 -6.79785585
v 0.43473863 14.44679641 -6.79497385
v 0.26664447 14.60885047 -6.80141592
v 0.2588253 14.44358825 -6.79933691
v 0.12204313 14.6109085 -6.83176183
v 0.11968946 14.44115257 -6.82689666
v 0.01368856 14.61399269 -6.81140375
v 0.00957632 14.44299221 -6.80109071
v -0.09169578 14.61462879 -6.83000516
v -0.09375381 14.44281482 -6.81311082
v -0.19361877 14.60839748 -6.88256454
v -0.08667945 14.78529644 -6.85484933
v -0.18856334 14.77878761 -6.91038656
v -0.31415176 14.77842617 -6.91864013
v -0.32209205 14.60686016 -6.89482641
v -0.41660594 14.77742958 -6.90079593
v -0.31258392 14.94954204 -6.94653224
v -0.41121101 14.94839286 -6.91865301
v -0.50058031 14.94275665 -6.90694236
v -0.50701189 14.77488136 -6.88959884
v -0.58480596 14.9367752 -6.94989919
v -0.49903059 15.1133995 -6.92144584
v -0.58579397 15.10601234 -6.96065139
v -0.67151784 15.09604835 -7.02162504
v -0.67464494 14.9298172 -7.00442647
v -0.76270103 15.08185005 -7.1156106
v -0.77193832 14.91661739 -7.10060262
v -0.8662815 15.0658741 -7.22757387
v -0.87253665 14.89804267 -7.22799825
v -0.920547 15.05033588 -7.36921501
v -0.93079757 14.87843799 -7.37954521
v -0.97716903 15.04168129 -7.52467298
v -0.98921918 14.86735534 -7.5285983
v -1.04366886 15.04284954 -7.64175987
v -1.05816376 14.86575794 -7.64647865
v -1.0794698 15.0462656 -7.74502897
v -1.08705294 14.86575222 -7.75452709
v -1.05981648 15.04989433 -7.8568921
v -1.06905043 14.87531471 -7.87708234
v -1.00959014 15.05631732 -7.98466634
v -1.03386592 14.89110088 -8.02637004
v -1.01405811 15.07108497 -8.1280241
v -1.02170753 14.90868091 -8.18147468
v -0.98135519 15.08626174 -8.25213718
v -0.98385477 14.93004608 -8.29815197
v -0.94768762 15.10924911 -8.38243007
v -0.94893074 14.95078373 -8.41175937
v -0.98687171 15.11841774 -8.50761508
v -0.98122549 14.9559803 -8.52139282
v -1.0488106 15.1139965 -8.61137294
v -1.03440332 14.94845199 -8.61434269
v -1.04997217 15.1023693 -8.72416782
v -1.02601671 14.9398384 -8.71657848
v -1.00253009 15.09269523 -8.82707119
v -0.98307371 14.93121814 -8.81413745
v -0.98708581 15.0851078 -8.94252777
v -0.95885801 14.92338657 -8.92997169
v -0.97508144 15.0827322 -9.05889892
v -0.94779586 14.92131042 -9.05269527
v -0.90900898 15.08909797 -9.15405654
v -0.88995075 14.92389488 -9.15487384
v -0.81546402 15.10055923 -9.23784256
v -0.79412555 14.92935085 -9.23229026
v -0.7029972 15.11421012 -9.31764125
v -0.68499612 14.93899345 -9.30892562
v -0.63922357 15.12020683 -9.43253231
v -0.63310003 14.94037056 -9.42743396
v -0.55512189 15.12293815 -9.51638317
v -0.5520606 14.942317 -9.5074892
v -0.43017673 15.12393379 -9.54567146
v -0.43333482 14.95041275 -9.54009723
v -0.32124805 15.12306594 -9.61972427
v -0.32856273 14.95468139 -9.60890197
v -0.22900056 15.11917305 -9.69765853
v -0.23901224 14.95537662 -9.68669414
v -0.12485504 15.116189 -9.73768043
v -0.13216972 14.95522689 -9.72727108
v -0.0075078 15.11795425 -9.71129417
v -0.01205205 14.9552412 -9.70422744
v 0.12781572 15.11596679 -9.73749828
v 0.12026262 14.95337963 -9.73507881
v 0.11582803 14.78923511 -9.73301792
v 0.25809001 14.95051002 -9.76633739
v 0.24270105 14.78350353 -9.76096725
v 0.40944719 14.95510006 -9.7417345
v 0.39051532 14.78139591 -9.7345581
v 0.56304502 14.96274852 -9.72433471
v 0.55260133 14.78168106 -9.71487045
v 0.71180915 14.96576786 -9.67697906
v 0.70327949 14.78122234 -9.67175674
v 0.85572624 14.95912265 -9.60870266
v 0.85110187 14.77520847 -9.6115036
v 1.00736999 14.94101333 -9.53505134
v 0.99887657 14.76060962 -9.52792072
v 1.00131225 14.57911777 -9.52045822
v 1.14868402 14.74455642 -9.44593048
v 1.1522336 14.56736278 -9.4350233
v 1.28294634 14.73288631 -9.37117195
v 1.28161501 14.56063175 -9.36468792
v 1.39543819 14.72267723 -9.28716278
v 1.38292026 14.55190086 -9.2932558
v 1.47005629 14.70934104 -9.16714096
v 1.44297766 14.53681564 -9.18213748
v 1.5482366 14.6951971 -9.04624843
v 1.50408625 14.52374649 -9.05269622
v 1.63245344 14.68319702 -8.94887638
v 1.59729647 14.51184177 -8.95128154
v 1.70533919 14.67743206 -8.85119152
v 1.67970728 14.50779056 -8.85137653
v 1.73329234 14.67925357 -8.74349689
v 1.70547366 14.50899601 -8.74150753
v 1.79307627 14.67149257 -8.63717269
v 1.78017115 14.50636673 -8.63926315
v 1.86818838 14.65965366 -8.52707099
v 1.8425908 14.50024986 -8.52227115
v 1.83687186 14.33898544 -8.52298069
v 1.8812251 14.49527931 -8.37400817
v 1.87967443 14.3341856 -8.38371181
v 1.87064218 14.16966152 -8.38668918
v 1.90511941 14.33240413 -8.22875881
v 1.90970182 14.16806697 -8.233922
v 1.91037511 14.00244617 -8.2409954
v 1.90629243 14.16431331 -8.08341693
v 1.90030145 13.99492645 -8.08676338
v 1.89285039 13.82869815 -8.08793544
v 1.84002375 13.99327278 -7.96189928
v 1.83372569 13.82817268 -7.95322752
v 1.82747435 13.66190338 -7.9519968
v 1.72670149 13.83964443 -7.856853
v 1.71354174 13.67088222 -7.85148191
v 1.70788264 13.51150989 -7.83907365
v 1.67287612 13.68968677 -7.69889259
v 1.64761686 13.53404045 -7.68561315
v 1.63189363 13.70527458 -7.54430961
v 1.690418 13.85208129 -7.70800685
v 1.6536231 13.86617183 -7.55281448
v 1.56001448 13.87722206 -7.42735767
v 1.67137122 14.02074813 -7.55756712
v 1.56413722 14.03560257 -7.44648456
v 1.52500128 14.05825901 -7.30478191
v 1.53924059 13.89284133 -7.28187036
v 1.43639349 14.07862091 -7.19801807
v 1.5165317 14.21940898 -7.3450613
v 1.41481208 14.24286651 -7.22638845
v 1.28903174 14.25193786 -7.13354253
v 1.39888954 14.40012359 -7.24619627
v 1.26421999 14.41199493 -7.14754009
v 1.12189531 14.41819572 -7.05855751
v 1.24975657 14.56957435 -7.15823125
v 1.11099863 14.57879352 -7.06173229
v 0.98546981 14.58341407 -6.97267246
v 1.11090326 14.73890781 -7.06786012
v 0.9905157 14.74769401 -6.98039913
v 0.92012977 14.75320625 -6.90131664
v 1.0184071 14.91334438 -6.98091268
v 0.95142555 14.91873645 -6.90897274
v 0.86644268 14.92907428 -6.865839
v 0.83919048 14.76204204 -6.85353374
v 0.76793766 14.93655967 -6.85650587
v 0.74687767 14.7699089 -6.84088468
v 0.63960743 14.93956184 -6.84523868
v 0.62989616 14.77585697 -6.81900024
v 0.46943807 14.93896675 -6.82193851
v 0.45889806 14.775321 -6.80815601
v 0.29770755 14.93887424 -6.81364011
v 0.28272914 14.77558803 -6.8022871
v 0.15285921 14.94439315 -6.84792661
v 0.13361978 14.77931881 -6.83225917
v 0.03651762 14.95218563 -6.86256742
v 0.02192354 14.7857418 -6.83009243
v -0.07864666 14.95515918 -6.88733339
v 0.05592393 15.11781501 -6.88929939
v -0.0691328 15.12495708 -6.91274261
v -0.1870737 15.12348461 -6.95714569
v -0.18889713 14.95088863 -6.93318605
v -0.30919361 15.11924076 -6.97376871
v -0.17783927 15.2961874 -6.96687555
v -0.30135679 15.28976059 -6.98905992
v -0.40277099 15.28602504 -6.95474195
v -0.4072647 15.11833286 -6.93588018
v -0.49678182 15.28390502 -6.93371343
v -0.39880991 15.45241928 -6.97538852
v -0.4982438 15.45193004 -6.9480009
v -0.59293413 15.44921112 -6.97525405
v -0.58774423 15.27703857 -6.96982765
v -0.68159818 15.44456481 -7.03177309
v -0.67382669 15.26785087 -7.02915954
v -0.76896333 15.43288898 -7.12649297
v -0.75886917 15.25366592 -7.12199592
v -0.86597347 15.41341781 -7.21613979
v -0.86287164 15.23739719 -7.21666526
v -0.92179298 15.39564228 -7.34663486
v -0.91933107 15.22374725 -7.35403013
v -0.97052526 15.3895483 -7.4990673
v -0.96864604 15.21694278 -7.51306009
v -1.02158641 15.39456653 -7.62388181
v -1.02907228 15.22106075 -7.63496446
v -1.06247913 15.39993286 -7.72348451
v -1.0677334 15.2257061 -7.73505973
v -1.05154955 15.4024086 -7.83279275
v -1.05090057 15.2274208 -7.84325504
v -0.98342514 15.4020195 -7.93673324
v -0.98760986 15.23072528 -7.95032692
v -0.97447681 15.40245819 -8.07293319
v -0.98955822 15.23744678 -8.08855819
v -0.96993017 15.40516376 -8.2029562
v -0.97342491 15.24245929 -8.2181797
v -0.94162368 15.41349124 -8.33853626
v -0.94876527 15.26015281 -8.35426235
v -0.99208164 15.42276954 -8.48534107
v -0.99113035 15.27299499 -8.49306011
v -1.05483782 15.42066001 -8.61662864
v -1.05205738 15.27130889 -8.61093139
v -1.07029163 15.4175558 -8.75054931
v -1.05661261 15.2608242 -8.73537063
v -1.03841018 15.42224216 -8.86822032
v -1.02052402 15.25391578 -8.84844303
v -1.02700758 15.42636203 -8.97044086
v -1.00941705 15.25128459 -8.95962238
v -1.01977205 15.43045425 -9.07332229
v -1.0028696 15.25152683 -9.0673027
v -0.95178031 15.43579959 -9.15420723
v -0.9350214 15.25954246 -9.15666484
v -0.84863281 15.44353103 -9.22659206
v -0.83692312 15.27201271 -9.2325325
v -0.74306726 15.45356369 -9.32748413
v -0.72953748 15.28525543 -9.3235712
v -0.65164327 15.46087741 -9.43423366
v -0.64794015 15.29203128 -9.43258094
v -0.55881643 15.46064758 -9.52703762
v -0.55761289 15.29386711 -9.51875782
v -0.43053913 15.45873355 -9.56544971
v -0.43218183 15.29360294 -9.55608177
v -0.31372737 15.45437049 -9.64705562
v -0.32111072 15.28916549 -9.63689613
v -0.21047306 15.4485836 -9.72276306
v -0.22253799 15.28298378 -9.71223259
v -0.09657669 15.44155883 -9.75690174
v -0.1146574 15.27776336 -9.753582
v 0.02077817 15.4424057 -9.73592281
v 0.00064992 15.2771368 -9.72183132
v 0.14991426 15.45232963 -9.74021148
v 0.13528394 15.28168487 -9.74253273
v 0.27328681 15.46862602 -9.76045703
v 0.27062702 15.29171085 -9.77056789
v 0.2684021 15.11606121 -9.77275657
v 0.39673185 15.30405807 -9.7348423
v 0.41011285 15.13086319 -9.74312305
v 0.55101442 15.31618404 -9.69710636
v 0.56160879 15.14482212 -9.72032642
v 0.71804809 15.32300281 -9.65640926
v 0.71969032 15.14863014 -9.67527198
v 0.87981319 15.31557464 -9.59030914
v 0.86630153 15.14019203 -9.60031318
v 1.05012154 15.2903862 -9.53666782
v 1.02875638 15.11769962 -9.54255008
v 1.20665407 15.26178264 -9.44979572
v 1.18207407 15.09220695 -9.45917415
v 1.15815496 14.92033004 -9.45308208
v 1.31847167 15.06949329 -9.37354183
v 1.29468512 14.90332508 -9.37312412
v 1.44573283 15.0504961 -9.29789543
v 1.4137783 14.88928318 -9.28758907
v 1.52351069 15.04586982 -9.1718378
v 1.49654746 14.87920761 -9.15918445
v 1.60760927 15.04044246 -9.04317188
v 1.58272433 14.86917591 -9.03806209
v 1.71171355 15.03195285 -8.93453311
v 1.67152857 14.860013 -8.93745899
v 1.78569674 15.02613163 -8.82639408
v 1.74702143 14.85265731 -8.84329891
v 1.8013246 15.02356052 -8.69679546
v 1.75877738 14.85240459 -8.72510433
v 1.86554861 15.00664806 -8.5876379
v 1.82049918 14.84013748 -8.61593532
v 1.94645834 14.98452186 -8.49750614
v 1.90111494 14.8201704 -8.51511001
v 1.97829937 14.97793579 -8.37950325
v 1.9380393 14.80999755 -8.37702274
v 1.90596723 14.65390873 -8.37290096
v 1.94798326 14.81762313 -8.23030376
v 1.92522859 14.65570259 -8.2217884
v 1.90733003 14.49492836 -8.22183513
v 1.92479562 14.66158771 -8.08799743
v 1.90617132 14.49715709 -8.08343505
v 1.90129423 14.33148193 -8.08290386
v 1.85813379 14.499444 -7.96726703
v 1.84871912 14.32914733 -7.96192121
v 1.8451066 14.16018104 -7.96278047
v 1.75381159 14.33058834 -7.85824012
v 1.74836516 14.16524505 -7.85295867
v 1.73721003 14.00415611 -7.85690116
v 1.720824 14.17096519 -7.70828533
v 1.70725417 14.01183319 -7.70629072
v 1.68897795 14.17770671 -7.57095241
v 1.73023676 14.33499336 -7.71649646
v 1.70381426 14.34139061 -7.58454275
v 1.60509371 14.35391235 -7.49517631
v 1.58283019 14.19336223 -7.47531795
v 1.51275134 14.37816143 -7.37043714
v 1.61298322 14.51764297 -7.50652647
v 1.51643919 14.53806495 -7.38222169
v 1.38947963 14.55704021 -7.2602868
v 1.51184725 14.70277118 -7.38656663
v 1.38519096 14.71804809 -7.26790761
v 1.24493575 14.72957515 -7.16537809
v 1.3880167 14.88411045 -7.26826047
v 1.24885249 14.89515686 -7.16939258
v 1.12797021 14.90406703 -7.06334734
v 1.25773787 15.06705093 -7.17125177
v 1.14632749 15.07601642 -7.06559896
v 1.04020905 15.08261966 -6.99086856
v 1.15047407 15.24865245 -7.07744979
v 1.04908108 15.25338172 -7.00309371
v 0.97652339 15.25635814 -6.92913627
v 0.97526741 15.08825683 -6.91752767
v 0.89032363 15.25584602 -6.87832403
v 0.88944721 15.092947 -6.87023353
v 0.7824974 15.25404453 -6.8815279
v 0.78368949 15.09672355 -6.87099313
v 0.63512229 15.25184726 -6.87335872
v 0.6410942 15.09728527 -6.86516046
v 0.47243928 15.25038433 -6.8297801
v 0.47455358 15.0957632 -6.8283286
v 0.33087921 15.25551033 -6.8151493
v 0.31254482 15.09822654 -6.81419849
v 0.2036128 15.27241897 -6.85294103
v 0.17758703 15.10941505 -6.85409641
v 0.07719087 15.28526401 -6.90345335
v 0.22805357 15.43559646 -6.84921789
v 0.10001611 15.45139408 -6.91452932
v -0.04236745 15.46336078 -6.93459272
v -0.05531072 15.29483985 -6.92658472
v -0.16969299 15.46445941 -6.96096372
v -0.03400278 15.62574672 -6.93637561
v -0.16462516 15.62840175 -6.95125246
v -0.27526617 15.62304306 -7.0042696
v -0.28743314 15.45681572 -7.00155067
v -0.3927102 15.61687469 -6.98837471
v -0.26259756 15.79014587 -7.00416278
v -0.38112402 15.78570079 -7.00219345
v -0.48722314 15.79124832 -6.97631549
v -0.49564504 15.62324619 -6.95917272
v -0.59065866 15.79519081 -7.00376987
v -0.59315538 15.62600612 -6.98972511
v -0.68013238 15.79257965 -7.07336759
v -0.68490457 15.62229728 -7.05167627
v -0.76891613 15.78309154 -7.16170263
v -0.7762537 15.61053371 -7.14234399
v -0.8773055 15.77027797 -7.24256277
v -0.87549018 15.59146976 -7.23000526
v -0.95084619 15.75377464 -7.3495388
v -0.93132352 15.57218265 -7.34850072
v -0.98231554 15.74546432 -7.47790527
v -0.97565031 15.56516265 -7.48544454
v -1.01334238 15.7459774 -7.59917783
v -1.01525116 15.56931686 -7.60855436
v -1.05629408 15.74788856 -7.7098279
v -1.05834209 15.57583999 -7.71447849
v -1.05628931 15.74417209 -7.8334794
v -1.05277884 15.57538223 -7.82953739
v -0.99818038 15.73901557 -7.94879674
v -0.9900217 15.57159328 -7.93804359
v -1.00097751 15.73059082 -8.08148384
v -0.9822812 15.56749534 -8.071002
v -1.00623941 15.72645759 -8.21317577
v -0.98231411 15.56700134 -8.20097732
v -0.9894185 15.72480487 -8.35342216
v -0.95349311 15.57028961 -8.33568382
v -1.02206611 15.72261905 -8.49061203
v -1.00732708 15.56816196 -8.48236656
v -1.0817939 15.72943019 -8.60588169
v -1.06935894 15.57007026 -8.62119388
v -1.09980642 15.74490261 -8.7224617
v -1.08222305 15.57939052 -8.7461462
v -1.0719062 15.76172065 -8.83315467
v -1.05594122 15.5948553 -8.86341381
v -1.03906917 15.77446556 -8.93360519
v -1.03478813 15.60393619 -8.96178245
v -1.01642513 15.78138732 -9.04022312
v -1.02504634 15.61064815 -9.06338405
v -0.9599657 15.78285694 -9.14538097
v -0.95835733 15.60949993 -9.15361976
v -0.87266159 15.78616905 -9.22714996
v -0.85762882 15.61403179 -9.22655677
v -0.74838542 15.79089069 -9.30466365
v -0.74748897 15.62251567 -9.32321929
v -0.64979696 15.79846191 -9.41847038
v -0.65366792 15.62883949 -9.43384742
v -0.54993581 15.80089759 -9.51679325
v -0.55917406 15.63069248 -9.5302
v -0.41669845 15.79392242 -9.56496524
v -0.42281818 15.62626457 -9.57277011
v -0.2805562 15.78577995 -9.65538978
v -0.29469537 15.62079048 -9.65092563
v -0.16275215 15.779706 -9.72383689
v -0.18962287 15.61282253 -9.72920513
v -0.05678415 15.77763557 -9.75032615
v -0.07665062 15.60412216 -9.75597477
v 0.05332422 15.7771492 -9.76288986
v 0.03928709 15.60721683 -9.75887394
v 0.16219949 15.78334236 -9.72117519
v 0.16035318 15.62344646 -9.73146724
v 0.2918663 15.80041503 -9.71847915
v 0.28776359 15.64238643 -9.74184036
v 0.40948629 15.80315017 -9.65670681
v 0.40417623 15.64217281 -9.68786144
v 0.39438104 15.47616958 -9.71904373
v 0.54555559 15.64726829 -9.64005947
v 0.54153776 15.48401546 -9.67488002
v 0.72473812 15.647933 -9.59970188
v 0.71944809 15.48866272 -9.63545322
v 0.91468048 15.6383171 -9.55360412
v 0.8982172 15.48059654 -9.58031177
v 1.08812379 15.62030887 -9.51719951
v 1.07370972 15.4568777 -9.53374099
v 1.23997378 15.59627342 -9.42951202
v 1.23642611 15.42809104 -9.44418716
v 1.38443946 15.57995224 -9.37284088
v 1.37434768 15.40585136 -9.37045192
v 1.34701895 15.23731517 -9.37072181
v 1.48809313 15.39184093 -9.31580448
v 1.47138285 15.21763992 -9.30694675
v 1.56412386 15.38638496 -9.21129798
v 1.54628157 15.21352672 -9.19092178
v 1.64362955 15.38255119 -9.07802104
v 1.6307311 15.2102251 -9.0602293
v 1.75319552 15.37587547 -8.94964504
v 1.73764872 15.2031126 -8.94167327
v 1.83552432 15.36973094 -8.80920219
v 1.81464266 15.19728851 -8.8143053
v 1.86281633 15.36412239 -8.66458702
v 1.83799815 15.19208908 -8.67878341
v 1.9433074 15.35060215 -8.56111812
v 1.91325235 15.17610645 -8.57673263
v 2.02988266 15.33628654 -8.48026275
v 1.99089169 15.15634822 -8.48943328
v 2.05377864 15.3320446 -8.36971569
v 2.01841282 15.15128421 -8.37631321
v 2.05735111 15.33397769 -8.24266529
v 2.02326607 15.15716171 -8.24555778
v 1.98649907 14.98404312 -8.24267387
v 2.005975 15.16636848 -8.09876346
v 1.97364831 14.99494648 -8.09737205
v 1.94450712 14.82662963 -8.09380435
v 1.9333558 14.99872207 -7.96787738
v 1.901443 14.83128833 -7.97117471
v 1.87870645 14.66622448 -7.96933364
v 1.81656336 14.83676052 -7.86850404
v 1.78332018 14.67096614 -7.87656879
v 1.76163649 14.50144386 -7.86918401
v 1.73385024 14.67039775 -7.7388525
v 1.73592257 14.50243282 -7.72686195
v 1.69967055 14.67444229 -7.603899
v 1.70550417 14.50823211 -7.59654092
v 1.61178827 14.68593692 -7.50613689
v 1.7094438 14.84435081 -7.60236883
v 1.61417627 14.85788631 -7.50138568
v 1.50725531 14.87130355 -7.38817071
v 1.62404966 15.03017425 -7.49520206
v 1.51649928 15.04139804 -7.37968111
v 1.39488983 15.05379009 -7.26527452
v 1.5369203 15.21100711 -7.36155462
v 1.40489673 15.2260971 -7.25991725
v 1.27340483 15.24023342 -7.16438961
v 1.41074752 15.39760685 -7.25576782
v 1.2850511 15.41103458 -7.15526294
v 1.14447069 15.41776847 -7.09560585
v 1.28200984 15.58113193 -7.15399169
v 1.12397623 15.58377075 -7.11372137
v 1.02395749 15.58519363 -7.01096439
v 1.04615807 15.42200374 -7.00676775
v 0.93661022 15.58284378 -6.93536233
v 0.96364688 15.42097091 -6.93176555
v 0.84751319 15.57852554 -6.87683439
v 0.8731594 15.41583538 -6.87980127
v 0.73816013 15.57405662 -6.87729072
v 0.76507282 15.41083622 -6.88008308
v 0.6056118 15.57445812 -6.86674308
v 0.62060737 15.40764904 -6.86928129
v 0.47994661 15.57962131 -6.81887769
v 0.47195196 15.41127014 -6.82538843
v 0.36204338 15.586977 -6.79847431
v 0.34691619 15.41938495 -6.807343
v 0.24474096 15.5995264 -6.84583854
v 0.37117862 15.75993347 -6.79768848
v 0.25438785 15.76379585 -6.84246587
v 0.12505292 15.77439975 -6.91835212
v 0.11647081 15.61393261 -6.92440366
v -0.02627611 15.78595256 -6.9257245
v 0.13271284 15.93597888 -6.89904308
v -0.01627111 15.94547939 -6.91109323
v -0.14683532 15.9581604 -6.93405246
v -0.15874862 15.79452228 -6.94027185
v -0.24824571 15.9558258 -7.01111888
v -0.13538169 16.11762237 -6.93518114
v -0.23554468 16.11987304 -7.01607227
v -0.35353803 16.1172142 -7.03547954
v -0.36677789 15.95237922 -7.02468442
v -0.46243715 16.11869239 -7.00829219
v -0.47647523 15.95907783 -6.98755836
v -0.57430505 16.12161064 -7.03352117
v -0.58456754 15.96139907 -7.01945638
v -0.66964769 16.1215744 -7.10340929
v -0.6741271 15.95839214 -7.09115839
v -0.75872993 16.11876487 -7.18521976
v -0.7630639 15.953722 -7.17391777
v -0.86838197 16.11725616 -7.26517581
v -0.87655305 15.94461345 -7.25348901
v -0.95362806 16.11561775 -7.36115884
v -0.95970869 15.93629837 -7.35695791
v -0.97624969 16.10964965 -7.48867845
v -0.98292112 15.93154716 -7.48157596
v -1.00979137 16.10126113 -7.61561489
v -1.0121808 15.92650604 -7.60334777
v -1.05549347 16.0895729 -7.73528385
v -1.05673229 15.91883277 -7.71787881
v -1.06540024 16.07901382 -7.85229873
v -1.06157267 15.91039276 -7.84087657
v -1.02178955 16.07403564 -7.9703207
v -1.00488758 15.90454673 -7.95780277
v -1.04511129 16.06439399 -8.10117626
v -1.02494525 15.89286518 -8.09178447
v -1.04866039 16.06077384 -8.2436161
v -1.02731561 15.88722038 -8.22941303
v -1.04095566 16.06373596 -8.38543033
v -1.0176506 15.88775444 -8.36995697
v -1.06179821 16.06557655 -8.49345016
v -1.04334127 15.89006137 -8.49446201
v -1.10806191 16.0643959 -8.57789325
v -1.09609663 15.89311504 -8.5873413
v -1.11538326 16.06971359 -8.67125225
v -1.10321104 15.90638256 -8.69392585
v -1.07832825 16.08415794 -8.75649356
v -1.07813465 15.92322826 -8.79116821
v -1.04150688 16.09999656 -8.85366344
v -1.03824043 15.93901729 -8.89203548
v -1.01899147 16.11577415 -8.98498249
v -1.0134859 15.95050621 -9.01189136
v -0.95735263 16.1274662 -9.10595989
v -0.95586586 15.95637035 -9.12488269
v -0.87009811 16.13274002 -9.19796562
v -0.87283802 15.96022224 -9.2157011
v -0.74251222 16.13096809 -9.25228691
v -0.74554157 15.96073722 -9.27916526
v -0.64884996 16.1342926 -9.36750221
v -0.64837598 15.96726799 -9.39217662
v -0.53526735 16.13400459 -9.47589302
v -0.54106283 15.96825218 -9.49324798
v -0.39876318 16.12712669 -9.56502533
v -0.40736484 15.95998573 -9.56676006
v -0.25678777 16.11815643 -9.65965938
v -0.26347494 15.95159339 -9.65079402
v -0.13510894 16.11095237 -9.70923423
v -0.14447307 15.94595527 -9.70836734
v -0.03667497 16.10601425 -9.73453903
v -0.04376363 15.94206619 -9.74005317
v 0.06588029 16.10383796 -9.74891662
v 0.0625863 15.94156456 -9.75256633
v 0.16258192 16.10539245 -9.70518875
v 0.16312456 15.94652748 -9.70792675
v 0.28488922 16.11130332 -9.69649601
v 0.28756237 15.95580196 -9.69836235
v 0.4131875 16.11455917 -9.61958694
v 0.41065836 15.95952034 -9.62976551
v 0.56613779 16.11446762 -9.53607082
v 0.56202745 15.96005439 -9.56248283
v 0.55468034 15.80640411 -9.59855079
v 0.75710201 15.95917129 -9.51902961
v 0.74045085 15.80584049 -9.55211353
v 0.93943595 15.95232963 -9.50705051
v 0.93183803 15.7954998 -9.52985668
v 1.07955288 15.9454956 -9.50037956
v 1.09066724 15.7820959 -9.50445938
v 1.19679784 15.93701744 -9.42884159
v 1.22415018 15.76784229 -9.42573261
v 1.33706927 15.93381881 -9.36808204
v 1.36793208 15.75906467 -9.37681484
v 1.46775889 15.93451309 -9.29534435
v 1.48582148 15.7529211 -9.30838775
v 1.49485945 15.57154846 -9.31693172
v 1.57585978 15.74608516 -9.20954322
v 1.57049536 15.56507587 -9.21658802
v 1.65779829 15.73845863 -9.08054256
v 1.65308141 15.55907917 -9.0899086
v 1.75742793 15.73206043 -8.9437828
v 1.76189398 15.55194187 -8.95310306
v 1.84614229 15.72756004 -8.80479812
v 1.84236192 15.54601001 -8.80715942
v 1.89455461 15.72303867 -8.65847873
v 1.88645029 15.5407257 -8.66295337
v 1.98785519 15.71434688 -8.5512638
v 1.97298932 15.53005886 -8.56204509
v 2.06487369 15.70555877 -8.45135402
v 2.05103874 15.52083587 -8.47115612
v 2.0938282 15.69761562 -8.33676624
v 2.07097625 15.51512527 -8.355937
v 2.0893259 15.69013977 -8.21850585
v 2.07599449 15.51049232 -8.23495388
v 2.04975318 15.6925373 -8.09348487
v 2.03825497 15.51625061 -8.09900951
v 2.02599358 15.34112072 -8.09853363
v 2.00250363 15.52699565 -7.94873333
v 1.98744988 15.34814739 -7.95167303
v 1.96237969 15.1709938 -7.96017217
v 1.9022212 15.35857296 -7.82982492
v 1.88120031 15.17848491 -7.84223794
v 1.85189199 15.00430011 -7.85535335
v 1.79574275 15.18972206 -7.72278022
v 1.77498126 15.01364803 -7.73355007
v 1.7507894 14.84044838 -7.74111747
v 1.72427725 15.01920032 -7.60109233
v 1.74040579 15.19400119 -7.59299373
v 1.63961267 15.20257186 -7.48423433
v 1.75114417 15.37128543 -7.58306598
v 1.66132116 15.37461185 -7.46573829
v 1.55806708 15.38000869 -7.3424716
v 1.68223547 15.54674148 -7.44937038
v 1.57736372 15.54640102 -7.32275438
v 1.41993522 15.56452846 -7.23764467
v 1.58551669 15.70997238 -7.31000948
v 1.43518447 15.7230215 -7.21795606
v 1.27385115 15.74176216 -7.15107917
v 1.44265723 15.8816719 -7.20544529
v 1.27597308 15.89341259 -7.16406965
v 1.11624288 15.90177345 -7.12372064
v 1.10995149 15.74403858 -7.1181097
v 1.00407695 15.90922451 -7.02186155
v 1.00145149 15.74576473 -7.02175998
v 0.91841983 15.90839672 -6.92401695
v 0.91498661 15.74498844 -6.93359231
v 0.82003974 15.91391944 -6.86869335
v 0.82116317 15.7454195 -6.87498664
v 0.7133007 15.92556381 -6.87948989
v 0.71569442 15.7489748 -6.88029766
v 0.59958744 15.93239975 -6.8680582
v 0.59619617 15.7531147 -6.87399053
v 0.49417352 15.93308258 -6.81374836
v 0.48734521 15.75666904 -6.81831264
v 0.37931633 15.93563556 -6.79211664
v 0.5024724 16.10858154 -6.80776882
v 0.39065647 16.11007309 -6.7938342
v 0.28022861 16.10593795 -6.82911872
v 0.26163387 15.93531703 -6.83257818
v 0.14889478 16.10438346 -6.88399791
v 0.29748821 16.27852821 -6.82725191
v 0.15733766 16.27442741 -6.86108446
v -0.00131177 16.27389144 -6.88748264
v -0.00623464 16.10843277 -6.89772415
v -0.12672233 16.27665901 -6.93621015
v -0.00278425 16.43958091 -6.88342475
v -0.12187385 16.43820762 -6.93504953
v -0.21537685 16.44219589 -7.01426839
v -0.22450828 16.2786293 -7.02028179
v -0.33877182 16.44261169 -7.03214502
v -0.343997 16.28188324 -7.03849268
v -0.45532178 16.44052887 -7.00790548
v -0.45663976 16.28219795 -7.01605749
v -0.56971788 16.44104194 -7.03281927
v -0.56905221 16.2824707 -7.03868389
v -0.66667318 16.4465599 -7.10209322
v -0.66929388 16.28433799 -7.10745763
v -0.75138044 16.45217704 -7.19136381
v -0.75433826 16.28549575 -7.19499826
v -0.85295629 16.45227623 -7.26672172
v -0.8570199 16.28610038 -7.27197027
v -0.93817472 16.44879531 -7.35777568
v -0.94279766 16.28450965 -7.36440563
v -0.96587419 16.44509887 -7.47784185
v -0.96644592 16.27874183 -7.49074697
v -1.0004611 16.43915939 -7.60246753
v -1.00426244 16.27000618 -7.62260103
v -1.05816328 16.43382453 -7.72382783
v -1.05716669 16.25930404 -7.74166345
v -1.08703482 16.43256187 -7.85105657
v -1.07946693 16.25292396 -7.8575983
v -1.05211889 16.43052291 -7.9774332
v -1.03741502 16.25192451 -7.96983766
v -1.07512772 16.42635154 -8.10775184
v -1.05622303 16.24499321 -8.10602855
v -1.07463276 16.42678451 -8.25136756
v -1.06520092 16.24167442 -8.25339603
v -1.06109106 16.42772293 -8.38526535
v -1.05666983 16.24474716 -8.39323902
v -1.09375774 16.42544555 -8.49231815
v -1.07804787 16.24519538 -8.49402523
v -1.14783966 16.42429733 -8.5708723
v -1.12948811 16.24024391 -8.57313537
v -1.14502584 16.42331314 -8.66034793
v -1.13141644 16.24397659 -8.66059112
v -1.09932291 16.42638397 -8.74242496
v -1.08931696 16.25344657 -8.74114131
v -1.0608083 16.43195343 -8.84371566
v -1.04831326 16.26413726 -8.83475112
v -1.01378917 16.44156456 -8.96373558
v -1.01543474 16.27812957 -8.96113014
v -0.94466972 16.4544754 -9.07435226
v -0.94612979 16.29225921 -9.08176803
v -0.85967207 16.46206092 -9.15889072
v -0.86113262 16.29901123 -9.17260932
v -0.75116491 16.46430969 -9.22139358
v -0.74373817 16.29769897 -9.23393631
v -0.65720415 16.46598815 -9.33583068
v -0.65415334 16.30103492 -9.35111999
v -0.53370046 16.46543502 -9.44946384
v -0.53189802 16.29968643 -9.46005249
v -0.3911004 16.46129989 -9.55690193
v -0.38995981 16.29382133 -9.56011009
v -0.24568891 16.45420265 -9.65755653
v -0.24914598 16.28489112 -9.65579128
v -0.13798618 16.44654846 -9.72001647
v -0.13652038 16.27726173 -9.71040058
v -0.04217958 16.4391632 -9.75708484
v -0.03773832 16.26995086 -9.74629497
v 0.05934858 16.43468284 -9.75327968
v 0.06437921 16.26839637 -9.75054645
v 0.15745782 16.433218 -9.71128368
v 0.15934515 16.26856994 -9.70889473
v 0.28211689 16.43221283 -9.69545364
v 0.28092765 16.26962661 -9.69792461
v 0.41365861 16.43112564 -9.61390209
v 0.41450643 16.27053451 -9.61609458
v 0.55386304 16.43066597 -9.53307819
v 0.56506013 16.27080345 -9.53059101
v 0.71833133 16.43692207 -9.52040672
v 0.74505329 16.27298545 -9.50418758
v 0.75756549 16.115242 -9.50365448
v 0.90538501 16.27391624 -9.4751625
v 0.92811679 16.11240577 -9.48067474
v 1.03941083 16.27350807 -9.48729229
v 1.06104397 16.11064529 -9.48749446
v 1.14541196 16.27239799 -9.43243503
v 1.16906881 16.10337066 -9.42405128
v 1.26911234 16.27505874 -9.36028766
v 1.29949545 16.10407257 -9.35953331
v 1.41937351 16.28604126 -9.28743362
v 1.44394755 16.11071777 -9.28434562
v 1.54517531 16.29445266 -9.17780304
v 1.56396746 16.11096763 -9.18192577
v 1.57676196 15.92984199 -9.19781589
v 1.6496768 16.10395813 -9.0480318
v 1.65343713 15.92125225 -9.06095409
v 1.74360156 16.09795951 -8.91475582
v 1.74955821 15.91380786 -8.92718982
v 1.82892394 16.09296989 -8.7901535
v 1.84292268 15.90999412 -8.80101203
v 1.90482187 16.08899116 -8.66721725
v 1.90240812 15.90580654 -8.6617012
v 1.98102593 16.08338546 -8.54573249
v 1.98883271 15.89920234 -8.54184818
v 2.06545162 16.07913017 -8.44177246
v 2.06430721 15.89252281 -8.43755626
v 2.10513234 16.07167244 -8.31921482
v 2.10436368 15.8829441 -8.32311248
v 2.1042025 16.06122398 -8.19098281
v 2.1047976 15.87357902 -8.20046997
v 2.06235599 16.06021118 -8.05594444
v 2.05975723 15.87370491 -8.07319831
v 1.98963761 16.06464576 -7.90829467
v 2.00381588 15.88319301 -7.92618608
v 2.00856232 15.70362567 -7.9426918
v 1.89209318 15.89290618 -7.8015933
v 1.90667676 15.71670532 -7.81281805
v 1.91053056 15.53877353 -7.82106781
v 1.83875346 15.72385406 -7.67235755
v 1.8349359 15.54522895 -7.69066572
v 1.8192451 15.36711978 -7.70820236
v 1.75869441 15.54850101 -7.57268524
v 1.76441931 15.72489357 -7.56023597
v 1.69304251 15.72069168 -7.43927288
v 1.76166605 15.89620494 -7.55183839
v 1.69305491 15.89070224 -7.43435907
v 1.58289122 15.87875556 -7.30641651
v 1.68295645 16.05672836 -7.42359972
v 1.57576251 16.04400825 -7.30041313
v 1.45008063 16.04232215 -7.19420099
v 1.57142138 16.2080326 -7.28534412
v 1.45858454 16.20568275 -7.1925764
v 1.30625128 16.21477317 -7.17460966
v 1.28879618 16.05315971 -7.16705513
v 1.14330053 16.22447586 -7.14014864
v 1.12892293 16.06122016 -7.13497972
v 1.03924012 16.23164558 -7.0236001
v 1.02387738 16.07057189 -7.01899814
v 0.95322608 16.24206733 -6.92258787
v 0.93767738 16.07528114 -6.91704893
v 0.84457302 16.25473403 -6.87873411
v 0.83432292 16.08575248 -6.86638832
v 0.72179126 16.26503944 -6.90205192
v 0.72138214 16.09790039 -6.88907814
v 0.60086536 16.27583694 -6.87097787
v 0.60284709 16.10573005 -6.8668828
v 0.51101255 16.27637291 -6.80168628
v 0.60933685 16.44270515 -6.86584425
v 0.5189538 16.44620513 -6.7930746
v 0.4083867 16.45036506 -6.78336811
v 0.39958524 16.27956962 -6.79097747
v 0.30491542 16.45089721 -6.82439279
v 0.41282606 16.62036514 -6.78612661
v 0.29918956 16.62046623 -6.82726192
v 0.14129972 16.61429023 -6.85712051
v 0.15887403 16.4455738 -6.85808658
v -0.01549863 16.60334205 -6.87520885
v 0.11071348 16.77492523 -6.8536086
v -0.03422784 16.76588821 -6.86732482
v -0.14874267 16.7705307 -6.92347526
v -0.13113594 16.60267257 -6.92864894
v -0.24484014 16.77216529 -7.00405597
v -0.22816801 16.60610389 -7.00456571
v -0.36519002 16.77446937 -7.02478599
v -0.35097599 16.60482978 -7.02238225
v -0.47374486 16.77316284 -6.99141979
v -0.46192503 16.60233879 -7.00195646
v -0.57957601 16.77062988 -7.01163768
v -0.57316923 16.60237693 -7.0234003
v -0.66530942 16.7776432 -7.07969045
v -0.66593885 16.60956001 -7.09110546
v -0.73188066 16.78349494 -7.17923927
v -0.74168062 16.61585807 -7.18643617
v -0.82968235 16.78337287 -7.25903463
v -0.84379911 16.61758422 -7.26168203
v -0.93031024 16.78157424 -7.32079505
v -0.93829774 16.61424446 -7.33977842
v -0.97006845 16.78328514 -7.42275714
v -0.96964979 16.61251449 -7.4519124
v -0.97757291 16.78725814 -7.53468942
v -0.98738718 16.61260986 -7.56880426
v -1.03861284 16.79096412 -7.66668462
v -1.05346262 16.61178016 -7.69220209
v -1.08058416 16.78930664 -7.83209276
v -1.08404362 16.61100578 -7.84519243
v -1.05681908 16.78390884 -7.98295307
v -1.05167353 16.60679435 -7.98462104
v -1.09605515 16.78088188 -8.09892749
v -1.08799612 16.60361862 -8.1040411
v -1.07768786 16.78043556 -8.23369693
v -1.08286869 16.60691642 -8.23987102
v -1.05844509 16.78106689 -8.37646389
v -1.0673567 16.6078701 -8.37710285
v -1.09713566 16.78190422 -8.49738311
v -1.09530079 16.60688591 -8.49424076
v -1.15553963 16.78132438 -8.58534145
v -1.14975082 16.60543823 -8.57778453
v -1.14413368 16.78194427 -8.68451309
v -1.14637434 16.60383415 -8.67088508
v -1.09439384 16.78030204 -8.77797317
v -1.10027277 16.60265159 -8.75843429
v -1.06845629 16.77897071 -8.89396095
v -1.06873953 16.60366058 -8.86910629
v -1.00486612 16.78193473 -9.00275039
v -1.01317501 16.61041832 -8.98418808
v -0.93832206 16.78868675 -9.09925174
v -0.94340038 16.62114143 -9.08510875
v -0.85321998 16.7939949 -9.17291069
v -0.86036491 16.62607193 -9.16650962
v -0.74094486 16.79510498 -9.20725727
v -0.74745225 16.62768745 -9.21191883
v -0.65226602 16.79643058 -9.31783103
v -0.66251421 16.63025665 -9.32632732
v -0.54921293 16.79530525 -9.4398117
v -0.54447889 16.63003349 -9.44392871
v -0.40490627 16.79450225 -9.54696655
v -0.39862489 16.62792205 -9.55652141
v -0.25295686 16.79427528 -9.65329265
v -0.2476592 16.62444496 -9.65845584
v -0.12974071 16.79184341 -9.70461559
v -0.13428974 16.62030029 -9.71652984
v -0.03755235 16.78744506 -9.75582695
v -0.0406146 16.6144638 -9.75925827
v 0.06676721 16.77977562 -9.75903797
v 0.06250715 16.60499382 -9.75971603
v 0.16955804 16.77199554 -9.72150802
v 0.16465902 16.6003189 -9.72081375
v 0.29399585 16.76721954 -9.6856842
v 0.28965568 16.59772872 -9.69413566
v 0.41342973 16.76795005 -9.60981273
v 0.41553354 16.59722518 -9.6158781
v 0.52469873 16.77331733 -9.53743743
v 0.54133939 16.59949874 -9.53581428
v 0.65770149 16.78886795 -9.54466819
v 0.68856716 16.60891532 -9.53409767
v 0.79268074 16.79505729 -9.53971672
v 0.82730865 16.61423873 -9.51726436
v 0.86712646 16.4418354 -9.49320888
v 0.96125316 16.60750579 -9.51646804
v 0.99756336 16.43926811 -9.49593067
v 1.08307004 16.60655784 -9.46807384
v 1.11180925 16.44093322 -9.44396114
v 1.21030187 16.61562919 -9.40414905
v 1.23557257 16.44650268 -9.36937713
v 1.34916186 16.63326072 -9.31394195
v 1.38438987 16.46091461 -9.29675388
v 1.47705435 16.65336799 -9.19690609
v 1.50988555 16.47689437 -9.18137168
v 1.56496882 16.65654182 -9.04531097
v 1.59584212 16.47609901 -9.03776264
v 1.62658548 16.2900238 -9.03634643
v 1.69762301 16.47162056 -8.90439128
v 1.72381854 16.2851696 -8.90798378
v 1.79269766 16.46230888 -8.77382469
v 1.81366133 16.27806854 -8.7827835
v 1.90132093 16.45551109 -8.6703825
v 1.90807294 16.27265548 -8.6720848
v 1.97151207 16.44756507 -8.5531845
v 1.97463154 16.26682472 -8.55172252
v 2.05230712 16.44574928 -8.45305061
v 2.05834007 16.26333618 -8.44887352
v 2.08761501 16.44387435 -8.32793045
v 2.09616017 16.25854873 -8.3219223
v 2.09408855 16.43838501 -8.18845844
v 2.10143685 16.25257873 -8.18669128
v 2.04983997 16.42921829 -8.04778957
v 2.05903053 16.2469902 -8.0494976
v 1.966614 16.41768264 -7.91194582
v 1.97862172 16.24274826 -7.90398597
v 1.85079336 16.40821266 -7.7938795
v 1.85737752 16.23781585 -7.79076528
v 1.87631273 16.06581497 -7.79124498
v 1.81831431 16.23603057 -7.65146637
v 1.82228732 16.06620025 -7.6558299
v 1.82333827 15.8968153 -7.66171884
v 1.75535368 16.06420326 -7.54749155
v 1.74206519 16.23003006 -7.53247404
v 1.66206693 16.21988868 -7.40589761
v 1.72257971 16.39358711 -7.51144456
v 1.64142465 16.38274383 -7.38214826
v 1.56539225 16.37312889 -7.26614856
v 1.63408613 16.54652023 -7.35928201
v 1.56738925 16.53789329 -7.24579525
v 1.45566344 16.53856086 -7.18411541
v 1.4602468 16.37116813 -7.18745994
v 1.31349825 16.54690742 -7.15566635
v 1.31578898 16.37928199 -7.172472
v 1.1602931 16.55364799 -7.11215162
v 1.15568876 16.38914871 -7.13335752
v 1.06499981 16.55416679 -7.00444936
v 1.05577492 16.3912487 -7.01958656
v 0.97513866 16.56408691 -6.91936063
v 0.96583938 16.40249252 -6.92339849
v 0.86274623 16.57964325 -6.89595031
v 0.850564 16.41703605 -6.887362
v 0.74164104 16.5918312 -6.91725015
v 0.72825813 16.43009948 -6.9090662
v 0.61982154 16.60337638 -6.86859798
v 0.74588584 16.7499237 -6.92519235
v 0.62283325 16.76106643 -6.87547159
v 0.52443265 16.77797317 -6.80262565
v 0.52497243 16.61447143 -6.79310417
v 0.41455984 16.78787612 -6.80401277
v 0.52511549 16.94042778 -6.80382347
v 0.41403245 16.94827461 -6.82734823
v 0.26337623 16.94311523 -6.8406105
v 0.28031158 16.78588676 -6.8307681
v 0.09213209 16.93328285 -6.85699892
v 0.25508213 17.10038566 -6.84396743
v 0.08608961 17.09679222 -6.85378027
v -0.03813314 17.09866523 -6.8650527
v -0.04147481 16.93021774 -6.8594284
v -0.13724803 17.10082626 -6.9341669
v -0.14802646 16.93525886 -6.9272418
v -0.23310995 17.10632133 -7.01082611
v -0.2451539 16.9392929 -7.01107549
v -0.35054779 17.11393737 -7.02172374
v -0.36381864 16.94501113 -7.02913045
v -0.45672559 17.11873626 -6.98107576
v -0.47373914 16.94654464 -6.98856353
v -0.56406641 17.12425804 -6.99811887
v -0.57518529 16.94931221 -7.00549411
v -0.64210081 17.12378501 -7.06849575
v -0.65538549 16.95076561 -7.07392072
v -0.71442461 17.12152862 -7.1539793
v -0.72399282 16.95105934 -7.167418
v -0.80227422 17.12082862 -7.23176717
v -0.81448793 16.95197486 -7.25076484
v -0.89925336 17.12329292 -7.29319763
v -0.9160099 16.95337867 -7.30694866
v -0.95834541 17.12839508 -7.37947893
v -0.96505498 16.95635795 -7.39909744
v -0.96043252 17.13203811 -7.48549175
v -0.96668338 16.96023559 -7.5050311
v -1.00222587 17.13557624 -7.63195991
v -1.0147705 16.96455955 -7.64825439
v -1.05681288 17.13467025 -7.79813671
v -1.06217634 16.96322441 -7.81660032
v -1.07057011 17.13007354 -7.96301174
v -1.06203901 16.95956802 -7.97479343
v -1.08290779 17.12644195 -8.10616684
v -1.09303295 16.95545005 -8.10405445
v -1.09266579 17.1257267 -8.25590229
v -1.08593952 16.95194244 -8.24433612
v -1.07414257 17.13056182 -8.38976478
v -1.05963385 16.95394134 -8.38404464
v -1.11001932 17.13231658 -8.49607849
v -1.09932482 16.95555114 -8.50181675
v -1.15817987 17.13342094 -8.59048748
v -1.15458881 16.95853805 -8.59116745
v -1.14014208 17.13067436 -8.6984682
v -1.13697779 16.95833206 -8.69051551
v -1.09795343 17.12812233 -8.80548381
v -1.09202063 16.95512962 -8.79191589
v -1.07656633 17.1265316 -8.93354225
v -1.07349407 16.95243454 -8.91493701
v -1.0040698 17.13212204 -9.03754425
v -0.99958467 16.95525932 -9.01992511
v -0.93529272 17.13650322 -9.1284542
v -0.93385601 16.96036911 -9.11324787
v -0.83552646 17.14029502 -9.17708873
v -0.8442831 16.96539306 -9.16903686
v -0.72551536 17.13948822 -9.21791935
v -0.734694 16.9664402 -9.20814895
v -0.65253686 17.13291931 -9.32234954
v -0.65281915 16.96422958 -9.31933403
v -0.56138372 17.13021278 -9.43964195
v -0.5547986 16.96208 -9.4376297
v -0.4115858 17.1328907 -9.52933692
v -0.40823555 16.96281433 -9.53636264
v -0.25691938 17.13654708 -9.62546062
v -0.25577879 16.964859 -9.64198017
v -0.12871933 17.13684654 -9.67535209
v -0.13098621 16.963171 -9.69153308
v -0.03516244 17.13576126 -9.72497463
v -0.03535699 16.9611206 -9.74011135
v 0.06510877 17.13224983 -9.739295
v 0.06603384 16.95601654 -9.74897003
v 0.16243791 17.12354087 -9.69693756
v 0.16523122 16.94690895 -9.7052412
v 0.28391742 17.11756324 -9.66335105
v 0.29566383 16.94121742 -9.67503356
v 0.40013456 17.12543678 -9.59346962
v 0.41060972 16.94684791 -9.60153675
v 0.50934743 17.13728332 -9.52998924
v 0.51284647 16.95318222 -9.53031539
v 0.63426399 17.14384079 -9.55038642
v 0.63643169 16.96639442 -9.54585838
v 0.77067661 17.14730262 -9.57779026
v 0.77178764 16.97279739 -9.56879711
v 0.90891838 17.14465141 -9.55516719
v 0.91276931 16.96534538 -9.5408039
v 0.93177413 16.78343009 -9.52870941
v 1.04451394 16.95854568 -9.5052452
v 1.0623219 16.78013038 -9.49213028
v 1.17585516 16.96147728 -9.43527126
v 1.19218778 16.78844451 -9.42946529
v 1.30662703 16.9756031 -9.32826137
v 1.3173263 16.80586242 -9.32082843
v 1.41180229 16.98586273 -9.19443702
v 1.43983626 16.82135582 -9.20086383
v 1.52489161 16.9894104 -9.0725584
v 1.54562926 16.82493782 -9.06121349
v 1.6137433 16.98541641 -8.92184448
v 1.64458417 16.82120132 -8.91348075
v 1.6692481 16.65076446 -8.90573978
v 1.74448847 16.8138771 -8.76617431
v 1.7728517 16.64120483 -8.77115821
v 1.8878045 16.8090744 -8.66487598
v 1.89442491 16.63569068 -8.66408443
v 1.96589112 16.80260086 -8.54847717
v 1.96852898 16.62552642 -8.54965686
v 2.02753472 16.7999382 -8.4512968
v 2.03823971 16.62304687 -8.45393848
v 2.0624361 16.79642486 -8.32545566
v 2.07398223 16.62348175 -8.32918548
v 2.06702327 16.78696823 -8.17613315
v 2.08249187 16.61722183 -8.18392181
v 2.02517056 16.77344512 -8.03507804
v 2.03914475 16.60383606 -8.04292774
v 1.96341252 16.75902748 -7.90233898
v 1.96808934 16.58923721 -7.90820312
v 1.86124277 16.74742126 -7.77701664
v 1.85413026 16.57865715 -7.78679084
v 1.7950046 16.73653411 -7.62883901
v 1.7971189 16.56965255 -7.63786888
v 1.80847048 16.40237045 -7.6434431
v 1.7090671 16.55850601 -7.49293422
v 1.71761584 16.72458076 -7.47132444
v 1.64570856 16.71121978 -7.33650493
v 1.72719359 16.89323997 -7.4602952
v 1.65299654 16.88201332 -7.32382774
v 1.59026598 16.87639617 -7.2113533
v 1.58234286 16.70369529 -7.2215085
v 1.46119666 16.87612724 -7.16346311
v 1.45748972 16.70854377 -7.17315197
v 1.30083537 16.87656021 -7.13076448
v 1.30639147 16.71547317 -7.14140272
v 1.14643049 16.88108062 -7.0642271
v 1.14864015 16.718647 -7.09325265
v 1.05794644 16.88730812 -6.96500873
v 1.06444478 16.72075271 -6.98231458
v 0.97235202 16.89652061 -6.90250158
v 0.97869205 16.72942543 -6.91064357
v 0.86365795 16.90451622 -6.90421199
v 0.86833381 16.74051666 -6.90153074
v 0.74372386 16.91455459 -6.92090034
v 0.86554622 17.07017707 -6.91446209
v 0.74573421 17.0806427 -6.91558599
v 0.6356554 17.09411811 -6.86028814
v 0.62825012 16.92487525 -6.86743307
v 0.5297389 17.10477829 -6.81376028
v 0.64495086 17.25949096 -6.85993337
v 0.53753805 17.26535415 -6.82312297
v 0.41743707 17.2616291 -6.84870815
v 0.41408491 17.10463523 -6.8416028
v 0.25098609 17.25851631 -6.84192609
v 0.42277956 17.42178154 -6.85027027
v 0.25407791 17.4202404 -6.83877658
v 0.09586095 17.42302703 -6.84765958
v 0.08738279 17.2618637 -6.84930086
v -0.02578973 17.43006324 -6.87562894
v -0.03341722 17.26664352 -6.87178707
v -0.11358356 17.43367004 -6.94701862
v -0.12959957 17.26773834 -6.93936586
v -0.20128631 17.43778991 -7.02006673
v -0.22072887 17.27241706 -7.01222705
v -0.31365394 17.44731712 -7.01498222
v -0.33623409 17.28063011 -7.01977586
v -0.41712284 17.45434951 -6.97796344
v -0.43855047 17.28704261 -6.9791398
v -0.52139425 17.46117782 -7.00074577
v -0.54434919 17.29580116 -6.99713993
v -0.60600519 17.461977 -7.07074022
v -0.62575292 17.2952404 -7.06665515
v -0.69515752 17.46106147 -7.13402605
v -0.70727396 17.29166984 -7.13958549
v -0.78591585 17.46049499 -7.20382213
v -0.79393196 17.28991508 -7.21464538
v -0.87459278 17.46299743 -7.27054882
v -0.88677263 17.29279708 -7.27877044
v -0.93350982 17.46942329 -7.35792684
v -0.94493103 17.29968071 -7.36579036
v -0.93549823 17.47029876 -7.46696233
v -0.95161247 17.30279159 -7.47281122
v -0.9806509 17.46987724 -7.61189222
v -0.99244833 17.30447197 -7.62065506
v -1.04072439 17.46780204 -7.77279901
v -1.05029261 17.30242347 -7.78388738
v -1.07195866 17.46615791 -7.93821048
v -1.07223188 17.29959106 -7.95086193
v -1.07879698 17.46696281 -8.09642505
v -1.07857286 17.29869842 -8.10327625
v -1.09038555 17.46911048 -8.24592113
v -1.09623062 17.30077552 -8.25280571
v -1.09267246 17.47240448 -8.38208961
v -1.08447229 17.30462455 -8.38926696
v -1.11299145 17.47509002 -8.50141143
v -1.1141082 17.3066082 -8.50055789
v -1.16115486 17.47659301 -8.60797691
v -1.15946829 17.30384826 -8.59894657
v -1.15847218 17.47909927 -8.71834278
v -1.14936125 17.29909133 -8.70960331
v -1.12057411 17.48385429 -8.83722019
v -1.11295568 17.30025291 -8.8247137
v -1.07097065 17.48879814 -8.95701885
v -1.08030092 17.30623245 -8.95094108
v -0.99991226 17.49186897 -9.05345916
v -1.01020574 17.31478691 -9.05323886
v -0.92906284 17.49028587 -9.14198303
v -0.93550109 17.31346702 -9.14104461
v -0.83224105 17.48545265 -9.18939304
v -0.83286809 17.31131172 -9.18871212
v -0.73220825 17.48246955 -9.23444652
v -0.724514 17.31113243 -9.22977829
v -0.65561437 17.48201179 -9.33217716
v -0.65281724 17.30618858 -9.33030509
v -0.55832719 17.48205184 -9.43584156
v -0.56143522 17.3039608 -9.43719768
v -0.41233444 17.48317527 -9.51827716
v -0.41317653 17.30634689 -9.52280235
v -0.25758504 17.48563766 -9.60049247
v -0.25969648 17.31040954 -9.61527347
v -0.1318264 17.48690605 -9.66121864
v -0.13052558 17.31170272 -9.67048931
v -0.03368806 17.48876953 -9.70066452
v -0.03519868 17.31170845 -9.71400451
v 0.06071806 17.4897232 -9.71994495
v 0.06205797 17.30968475 -9.73014164
v 0.14914083 17.48321723 -9.68297386
v 0.15583944 17.30163765 -9.68888855
v 0.25119209 17.46819496 -9.64601993
v 0.26784133 17.29233551 -9.65250206
v 0.37330532 17.46872711 -9.60232639
v 0.39119863 17.29974746 -9.5955038
v 0.50992727 17.48707199 -9.54872608
v 0.50917673 17.31528091 -9.52941989
v 0.65008163 17.4881916 -9.5677948
v 0.64267349 17.31779289 -9.55497551
v 0.7921276 17.49289321 -9.56699657
v 0.78054237 17.32209205 -9.57365226
v 0.93793201 17.49751472 -9.54199218
v 0.91941547 17.32340431 -9.54223156
v 1.08455967 17.50010108 -9.52487468
v 1.06566071 17.31996917 -9.52542972
v 1.0481379 17.14090347 -9.51977729
v 1.1945796 17.31682968 -9.44451904
v 1.18059396 17.13879966 -9.44291591
v 1.31908297 17.32082748 -9.3429079
v 1.31256747 17.14433288 -9.33599472
v 1.39953804 17.32550811 -9.19744968
v 1.40085411 17.15238761 -9.19298267
v 1.51700854 17.32116127 -9.10244274
v 1.50798773 17.15410614 -9.08553218
v 1.5863254 17.319067 -8.95803737
v 1.59170413 17.15201187 -8.93837451
v 1.69370436 17.31241035 -8.82325267
v 1.70101141 17.14622879 -8.7983942
v 1.71873927 16.97901344 -8.77519416
v 1.8398807 17.13995552 -8.69427299
v 1.86549329 16.97595787 -8.67257976
v 1.92782831 17.13777542 -8.56606864
v 1.95153379 16.97336769 -8.5536375
v 2.00581383 17.13386154 -8.44639587
v 2.01750206 16.97013855 -8.44851875
v 2.04554772 17.12690925 -8.30298519
v 2.0552082 16.96374893 -8.31759834
v 2.06377029 17.11577415 -8.14911842
v 2.06610679 16.9527626 -8.16494274
v 2.02032685 17.10616302 -8.00934028
v 2.02448868 16.94100761 -8.01860141
v 1.95135927 17.10005378 -7.88363695
v 1.96441102 16.9284687 -7.88733434
v 1.85683393 17.08936119 -7.77058887
v 1.8612771 16.91670036 -7.77198886
v 1.79580569 17.07868576 -7.62559127
v 1.79969382 16.90642547 -7.62391376
v 1.73254466 17.06561279 -7.45851802
v 1.79244971 17.25121688 -7.63349294
v 1.7323358 17.23816108 -7.46430492
v 1.66103029 17.22483253 -7.32582712
v 1.66054773 17.05417251 -7.32186889
v 1.5901153 17.21677207 -7.21108007
v 1.59308791 17.0483284 -7.20660734
v 1.46420741 17.20576858 -7.15414619
v 1.463557 17.04112052 -7.15216779
v 1.31036925 17.19624137 -7.12237644
v 1.30171752 17.0343914 -7.12641334
v 1.17350816 17.20333099 -7.05460166
v 1.15131521 17.03929519 -7.05564498
v 1.0843594 17.21368598 -6.97057104
v 1.06538033 17.04898834 -6.96014928
v 0.98997116 17.22840309 -6.92048168
v 0.97388076 17.06264305 -6.90306472
v 0.87393856 17.23578453 -6.93905115
v 1.00069141 17.39383316 -6.94231224
v 0.88299942 17.40312194 -6.94935178
v 0.75678539 17.41347503 -6.91668319
v 0.75230693 17.24867248 -6.91688013
v 0.65425777 17.41945076 -6.85127496
v 0.76591777 17.57624244 -6.91156148
v 0.65951442 17.58180618 -6.84860754
v 0.55310392 17.58608245 -6.83043146
v 0.54663896 17.42207336 -6.82411623
v 0.42684412 17.58670806 -6.84624624
v 0.55711317 17.74826622 -6.8387146
v 0.42598676 17.7505455 -6.8387227
v 0.26066684 17.74518203 -6.80617618
v 0.26019382 17.58408165 -6.82458591
v 0.10934305 17.7468605 -6.83719587
v 0.10652875 17.58561897 -6.84323167
v -0.01281213 17.75372123 -6.87125635
v -0.01439046 17.59180069 -6.87713003
v -0.09061431 17.75718116 -6.94185113
v -0.0973463 17.59685516 -6.95044231
v -0.17511463 17.7622261 -6.99653148
v -0.18659019 17.60359191 -7.01318836
v -0.277884 17.76823806 -6.99435186
v -0.29629182 17.60935974 -7.00795698
v -0.37940359 17.77262878 -6.96927118
v -0.39983367 17.61407089 -6.9709649
v -0.48901987 17.78130531 -6.98796844
v -0.5091443 17.62170791 -6.99544954
v -0.58270788 17.79022598 -7.0548563
v -0.59157228 17.62598228 -7.06947851
v -0.67767953 17.79631996 -7.12369203
v -0.68637132 17.62857055 -7.12920475
v -0.77129364 17.80059433 -7.19235801
v -0.78089666 17.63124275 -7.19507885
v -0.86010742 17.80536079 -7.25778818
v -0.8656311 17.63474845 -7.26431655
v -0.9124794 17.80680656 -7.3480978
v -0.92107439 17.63770866 -7.3498454
v -0.91748189 17.80307388 -7.46028041
v -0.92366886 17.63665962 -7.46253252
v -0.97308301 17.80138969 -7.60228204
v -0.97586393 17.6353302 -7.60645628
v -1.02443981 17.79897689 -7.75500154
v -1.03493833 17.63293457 -7.76270532
v -1.06916582 17.79823494 -7.91331958
v -1.07582151 17.63141059 -7.92470836
v -1.0754615 17.79825019 -8.07694339
v -1.07966291 17.632164 -8.08734417
v -1.05327379 17.79881858 -8.2222414
v -1.07663309 17.63241195 -8.23600769
v -1.0903207 17.8057785 -8.33964347
v -1.09485209 17.63669776 -8.36502075
v -1.11062347 17.81394958 -8.45062255
v -1.10744345 17.64231109 -8.48543357
v -1.13348543 17.82586479 -8.55680084
v -1.15367901 17.65295982 -8.59084701
v -1.13136017 17.84098243 -8.68070507
v -1.15272772 17.66518592 -8.70685005
v -1.0904752 17.8432312 -8.81532478
v -1.11168587 17.66856956 -8.83078289
v -1.0432564 17.83979988 -8.93984031
v -1.05523216 17.66938018 -8.95512199
v -0.97828817 17.83858108 -9.03036499
v -0.98627471 17.66647148 -9.04412365
v -0.90936994 17.83829689 -9.10876083
v -0.9193592 17.6634922 -9.12926101
v -0.82260894 17.83572006 -9.16503143
v -0.82799482 17.65929794 -9.1784439
v -0.72651481 17.83330917 -9.21918106
v -0.72854089 17.65810394 -9.22193908
v -0.65137529 17.83514785 -9.32094383
v -0.65624094 17.65840339 -9.32390117
v -0.54072618 17.83629417 -9.41165161
v -0.55155515 17.65932464 -9.4249506
v -0.40066623 17.8359127 -9.49842739
v -0.40818977 17.65954971 -9.51131439
v -0.26243925 17.83719444 -9.59243488
v -0.26171255 17.66104698 -9.60284614
v -0.14343547 17.83979415 -9.64954185
v -0.13520717 17.66290855 -9.6579771
v -0.04227972 17.84074211 -9.67230606
v -0.03385973 17.66569519 -9.68736457
v 0.04996824 17.84234237 -9.6914854
v 0.05960989 17.66781234 -9.71214675
v 0.13413667 17.83885002 -9.66800975
v 0.14641523 17.66178703 -9.68074798
v 0.22347307 17.83041763 -9.63306331
v 0.23699617 17.65129852 -9.64215755
v 0.3422575 17.82287788 -9.59617042
v 0.35612869 17.64556884 -9.61123752
v 0.49821329 17.8226242 -9.58785915
v 0.50578928 17.64936065 -9.58304977
v 0.65376949 17.82814598 -9.58238029
v 0.65344142 17.65613937 -9.57958412
v 0.80664825 17.83875656 -9.56328582
v 0.80236911 17.6636734 -9.56542491
v 0.94642925 17.85234451 -9.54375553
v 0.94638824 17.67263603 -9.55072784
v 1.0669415 17.86569023 -9.51892948
v 1.07931923 17.68448638 -9.52848911
v 1.17323064 17.8691864 -9.44286441
v 1.19311857 17.6901493 -9.45302486
v 1.20172834 17.50291633 -9.45038795
v 1.30686354 17.68736076 -9.34818458
v 1.32008719 17.50446128 -9.35188484
v 1.39471626 17.67647743 -9.20772934
v 1.39835166 17.50124931 -9.20536136
v 1.5120027 17.66749382 -9.11062336
v 1.51902174 17.4938755 -9.11117076
v 1.58621954 17.65901374 -8.97429561
v 1.58747935 17.48810005 -8.96976757
v 1.68199801 17.64792633 -8.83541584
v 1.68807482 17.47942924 -8.83159351
v 1.79913878 17.63575553 -8.71298885
v 1.80277037 17.46855926 -8.70654678
v 1.81793379 17.3048172 -8.70850276
v 1.92205953 17.45805358 -8.59787368
v 1.92156744 17.29726028 -8.58812522
v 1.99555802 17.45186042 -8.44641399
v 1.99368977 17.29180717 -8.44354915
v 2.03707146 17.44878959 -8.28870391
v 2.03877472 17.28735542 -8.29014396
v 2.05776119 17.44569587 -8.14179801
v 2.05573654 17.28004837 -8.14112091
v 2.00917744 17.44166183 -8.00955963
v 2.00836682 17.27358818 -8.01174068
v 1.93255853 17.43820762 -7.89569568
v 1.9407773 17.26945686 -7.88994312
v 1.84072852 17.43135452 -7.78952598
v 1.84271192 17.25923538 -7.78554773
v 1.78205752 17.42223358 -7.64387559
v 1.83512473 17.5992527 -7.79642486
v 1.76760172 17.58976936 -7.65079116
v 1.72058939 17.57900047 -7.47832965
v 1.73073554 17.40939331 -7.47097206
v 1.67278456 17.56597518 -7.33128452
v 1.66607713 17.39508247 -7.3279953
v 1.60239768 17.56003189 -7.2176876
v 1.59410452 17.38666725 -7.21003866
v 1.47953295 17.54858017 -7.16154718
v 1.46904444 17.37517547 -7.15007019
v 1.33770728 17.53422737 -7.12375831
v 1.32232356 17.36315536 -7.1184864
v 1.21681642 17.53668022 -7.06320715
v 1.19563531 17.3687458 -7.05891466
v 1.13181543 17.54452514 -6.97986698
v 1.10467386 17.38008117 -6.9821372
v 1.0180819 17.56011009 -6.95151138
v 1.15721273 17.71327781 -6.98456955
v 1.0397408 17.72349357 -6.97160291
v 0.90850162 17.72954368 -6.95158529
v 0.89311981 17.56905365 -6.95391082
v 0.77625179 17.73503875 -6.90175819
v 0.91364383 17.88856506 -6.93801116
v 0.78158569 17.89213752 -6.89048051
v 0.6720314 17.89776611 -6.83203601
v 0.66510772 17.74110984 -6.84412431
v 0.56000375 17.90670394 -6.84223032
v 0.66956996 18.05856132 -6.82883834
v 0.56139993 18.0635662 -6.84819507
v 0.42209577 18.06582832 -6.81471681
v 0.42579603 17.90969848 -6.82793235
v 0.24646329 18.06563758 -6.79035568
v 0.25732994 17.90596962 -6.79383182
v 0.09885263 18.07049942 -6.81792259
v 0.10366392 17.90933799 -6.82843065
v -0.01373434 18.07798957 -6.86323118
v -0.01679468 17.91760635 -6.86596822
v -0.07376575 18.08125877 -6.94099044
v -0.08066749 17.91829872 -6.9406619
v -0.14753246 18.08361434 -6.99068784
v -0.15787792 17.91864585 -6.99529695
v -0.23983907 18.08711433 -6.9724574
v -0.2554717 17.92736244 -6.98235654
v -0.34278202 18.09521102 -6.94667005
v -0.3590312 17.9322834 -6.95100212
v -0.45009279 18.10809326 -6.96867466
v -0.47098207 17.94264411 -6.97493219
v -0.54621744 18.11728858 -7.04143381
v -0.56578302 17.95366287 -7.04645204
v -0.64634943 18.12466049 -7.11821222
v -0.66402006 17.96156501 -7.11995124
v -0.74649 18.13046646 -7.18771648
v -0.75703954 17.96700096 -7.19396638
v -0.84432649 18.13621139 -7.24619197
v -0.85447883 17.97159767 -7.25102281
v -0.87840032 18.13934516 -7.3544116
v -0.89552116 17.97339439 -7.34971523
v -0.89389562 18.13852882 -7.47662687
v -0.90217161 17.97056007 -7.46449041
v -0.95523691 18.13903808 -7.60701227
v -0.96715641 17.97032547 -7.60161876
v -1.01412534 18.13941192 -7.73913145
v -1.01486921 17.96846771 -7.74742651
v -1.04050791 18.13980865 -7.88449716
v -1.05284893 17.96683692 -7.89942216
v -1.05244457 18.14266586 -8.04837608
v -1.06371843 17.96619415 -8.06254482
v -1.05639088 18.14663124 -8.19006919
v -1.04592335 17.97225952 -8.20419216
v -1.10416567 18.14764595 -8.28926944
v -1.08777868 17.97767448 -8.31319046
v -1.13284742 18.15062141 -8.38712024
v -1.11888039 17.98298263 -8.41441345
v -1.11616098 18.15704536 -8.50391483
v -1.11337482 17.99394989 -8.52753067
v -1.11449873 18.16398239 -8.64063358
v -1.11978781 18.00523376 -8.65715313
v -1.0702759 18.16842651 -8.7809267
v -1.07574427 18.00765228 -8.799901
v -1.04936087 18.17229461 -8.89844512
v -1.03847074 18.00631332 -8.92173767
v -1.0080223 18.17795372 -8.99881839
v -0.9874854 18.0083847 -9.01807594
v -0.92463684 18.18462562 -9.06043815
v -0.9090085 18.01187324 -9.08641719
v -0.83306646 18.18909645 -9.11191749
v -0.82144928 18.0133934 -9.14666461
v -0.71600866 18.19083404 -9.17207241
v -0.7138791 18.01156806 -9.19925594
v -0.63891458 18.19378662 -9.29403877
v -0.65030622 18.01499176 -9.31027221
v -0.52554273 18.19330978 -9.39171218
v -0.53325414 18.01503372 -9.40062904
v -0.38654184 18.19238662 -9.47662639
v -0.39580392 18.0147171 -9.48943615
v -0.25233507 18.19347572 -9.56858634
v -0.26236963 18.01627922 -9.58310127
v -0.14168453 18.1925354 -9.61983585
v -0.15005493 18.01764106 -9.63963317
v -0.04399824 18.18997573 -9.6403408
v -0.04832601 18.01755332 -9.65885639
v 0.04276609 18.18650817 -9.65995883
v 0.0405097 18.01746559 -9.67469406
v 0.12611055 18.18165588 -9.63608551
v 0.12517976 18.01134872 -9.65163898
v 0.20855474 18.17755889 -9.60989379
v 0.21101141 18.00428962 -9.62188339
v 0.33756732 18.17420005 -9.58723735
v 0.33637619 17.9974842 -9.58509922
v 0.4904437 18.17433929 -9.59785175
v 0.49302148 17.99808502 -9.59534359
v 0.64913749 18.18042755 -9.60351467
v 0.65172386 18.0036087 -9.59276485
v 0.80256843 18.19221878 -9.54660701
v 0.80677509 18.0185337 -9.55260658
v 0.94114208 18.2039814 -9.50754928
v 0.9479103 18.03225135 -9.52275371
v 1.06024003 18.21074867 -9.48857975
v 1.0631783 18.03936767 -9.50762653
v 1.15604162 18.20957565 -9.41723728
v 1.16080236 18.03912925 -9.43168926
v 1.260082 18.20388984 -9.31214618
v 1.26974082 18.0337181 -9.32741355
v 1.28569483 17.86272049 -9.33691883
v 1.38828086 18.0221405 -9.19587802
v 1.39223098 17.85103035 -9.20503711
v 1.50561213 18.01232528 -9.08463764
v 1.51212191 17.8397293 -9.10200691
v 1.60470557 18.00152206 -8.96461963
v 1.59896445 17.82875824 -8.97419261
v 1.68546271 17.98878479 -8.82355308
v 1.68176913 17.81776809 -8.83642578
v 1.80304312 17.97699928 -8.70237064
v 1.80340838 17.80500221 -8.71761989
v 1.92261362 17.96224403 -8.59493923
v 1.92330598 17.79080963 -8.60524463
v 1.92160081 17.62314033 -8.60304355
v 2.00501656 17.7808094 -8.46016407
v 1.99766564 17.61438942 -8.45259952
v 2.03868508 17.77843475 -8.30530452
v 2.035887 17.61226844 -8.2967081
v 2.0448172 17.77763366 -8.15753173
v 2.05226898 17.61095619 -8.14832878
v 2.01312947 17.77623748 -8.02402687
v 2.00579953 17.60943031 -8.01588249
v 1.92067956 17.77324485 -7.91972732
v 1.92474222 17.60742378 -7.90572452
v 1.82843852 17.76400375 -7.80494165
v 1.92346811 17.94113159 -7.92990875
v 1.82292628 17.93125724 -7.81417083
v 1.74688792 17.92178154 -7.6575756
v 1.75420641 17.75650024 -7.65516281
v 1.72063612 17.92175674 -7.48751306
v 1.71714854 17.75130844 -7.48102092
v 1.68039012 17.92123794 -7.35149097
v 1.68160128 17.74373245 -7.33718633
v 1.60846853 17.92070007 -7.24559593
v 1.60985326 17.74104118 -7.22827577
v 1.4907844 17.90454483 -7.1826415
v 1.48743987 17.72537994 -7.17098331
v 1.37388896 17.88612175 -7.11847209
v 1.35822176 17.70825576 -7.11976909
v 1.26214575 17.88025665 -7.06481933
v 1.24683165 17.70708084 -7.06234312
v 1.16741991 17.88408279 -6.99243831
v 1.27330279 18.05687522 -7.06033229
v 1.16207552 18.05417633 -7.00365638
v 1.0349648 18.05229759 -6.9826641
v 1.04489731 17.88797378 -6.98540973
v 0.9056549 18.04981613 -6.91705513
v 1.02762818 18.21733856 -6.97191047
v 0.89402675 18.21260452 -6.90248012
v 0.76806926 18.21413421 -6.86343336
v 0.7749052 18.05311965 -6.87938356
v 0.66136074 18.21947097 -6.82502412
v 0.77254867 18.37855148 -6.84023571
v 0.65951442 18.38473892 -6.81430006
v 0.54582738 18.39151001 -6.82337665
v 0.55384683 18.22538566 -6.84275245
v 0.40446424 18.38784217 -6.76858663
v 0.41425561 18.2244873 -6.79398632
v 0.23153924 18.38911628 -6.76522159
v 0.23833894 18.22675705 -6.78149223
v 0.09699583 18.39586639 -6.79726457
v 0.09866094 18.23238372 -6.80949735
v -0.00042486 18.40360641 -6.85235261
v -0.00713205 18.24110412 -6.85486888
v -0.05881834 18.41433334 -6.93094492
v -0.06361246 18.24730873 -6.93835735
v -0.13963699 18.42076301 -6.96926355
v -0.14026165 18.24934196 -6.98361444
v -0.22212028 18.41564369 -6.92907428
v -0.22700309 18.2515316 -6.95417547
v -0.32394218 18.42016601 -6.92236566
v -0.32732963 18.25981712 -6.93596601
v -0.42317485 18.43089866 -6.9742856
v -0.43001651 18.27167511 -6.97355461
v -0.52565908 18.43814849 -7.03853702
v -0.52875757 18.27837753 -7.04318523
v -0.63256025 18.44370842 -7.11139011
v -0.63275671 18.28495216 -7.11785841
v -0.73640441 18.44763565 -7.17623615
v -0.73773813 18.2903099 -7.18274974
v -0.81641101 18.4551258 -7.25548505
v -0.82677936 18.29807853 -7.25588178
v -0.83961343 18.46182823 -7.36511182
v -0.85799598 18.30228042 -7.3628931
v -0.87594652 18.46828079 -7.48752307
v -0.88036584 18.30387878 -7.48960971
v -0.94538259 18.47409057 -7.61149025
v -0.94436216 18.30727195 -7.61697673
v -1.00902462 18.47827339 -7.7321887
v -1.00855207 18.30988693 -7.73614072
v -1.02601194 18.48408699 -7.88166189
v -1.02678537 18.31342124 -7.87810897
v -1.06002962 18.49196434 -8.04829025
v -1.05289995 18.31888008 -8.04435443
v -1.0719906 18.49750518 -8.18820953
v -1.0651642 18.32286834 -8.18768596
v -1.1189686 18.49728393 -8.28633117
v -1.11363136 18.32234573 -8.28149604
v -1.15533363 18.49309921 -8.38232803
v -1.14384949 18.31988716 -8.37942695
v -1.14436066 18.4913063 -8.48479175
v -1.12748682 18.31990814 -8.49140358
v -1.15422546 18.49000167 -8.59752273
v -1.12628185 18.32270813 -8.61920166
v -1.12668097 18.49976539 -8.72765255
v -1.09077227 18.3314495 -8.75570774
v -1.09034407 18.51446723 -8.84722995
v -1.06460535 18.33996009 -8.87295532
v -1.04728043 18.52576065 -8.94899272
v -1.02186298 18.34990882 -8.96836853
v -0.957129 18.5331974 -9.01271438
v -0.94005203 18.35815811 -9.02784919
v -0.84799051 18.53511428 -9.06711483
v -0.84144115 18.36114311 -9.07672691
v -0.7459073 18.53708076 -9.1583786
v -0.73382377 18.3655281 -9.16401767
v -0.6383624 18.53740119 -9.27086162
v -0.63470125 18.3670063 -9.27941036
v -0.5177865 18.53557777 -9.37410354
v -0.51972341 18.36644554 -9.38389587
v -0.38038015 18.53269195 -9.46440982
v -0.3813138 18.36431884 -9.46984672
v -0.24448823 18.53015518 -9.54087638
v -0.24666166 18.36419296 -9.55805873
v -0.13631725 18.52863502 -9.59497451
v -0.13389968 18.36327743 -9.60838794
v -0.04049825 18.52610015 -9.62271022
v -0.03945398 18.36123657 -9.63422012
v 0.05015134 18.52586746 -9.64811897
v 0.04994916 18.35770034 -9.65880298
v 0.13388204 18.52576828 -9.6298666
v 0.13304185 18.35360336 -9.6376934
v 0.22350645 18.52433395 -9.60241794
v 0.21525526 18.35129547 -9.60652637
v 0.34243202 18.5236721 -9.60380935
v 0.3408842 18.3502655 -9.59044456
v 0.48796796 18.5265541 -9.60371303
v 0.49065256 18.3534317 -9.6004734
v 0.64145851 18.53744506 -9.60806274
v 0.65041923 18.35908317 -9.60723877
v 0.78483676 18.54279136 -9.55899143
v 0.7911129 18.36578941 -9.54447746
v 0.91212749 18.54446601 -9.4842472
v 0.92542648 18.37171745 -9.485363
v 1.04336476 18.55050087 -9.46158027
v 1.05403065 18.37920188 -9.46884536
v 1.14814806 18.55191993 -9.3870716
v 1.15686368 18.38070678 -9.40396976
v 1.25356841 18.54478454 -9.27803611
v 1.25565791 18.3737564 -9.29549217
v 1.37816906 18.53424263 -9.16057968
v 1.37970829 18.36404418 -9.17374706
v 1.38292312 18.19355392 -9.18523883
v 1.50572466 18.35541343 -9.06216526
v 1.50394415 18.18377876 -9.07202911
v 1.59943461 18.34443473 -8.92451095
v 1.601444 18.17336082 -8.94348716
v 1.68099665 18.32954597 -8.77620983
v 1.68482661 18.16045951 -8.79849433
v 1.80492758 18.31843376 -8.66286087
v 1.80726981 18.14829254 -8.68175506
v 1.92574644 18.31168174 -8.57371807
v 1.92762613 18.13530349 -8.58373642
v 1.99679398 18.30542182 -8.46080303
v 2.00296711 18.12400817 -8.4629507
v 2.00868821 17.94927978 -8.46412754
v 2.03811574 18.12007522 -8.31967926
v 2.03934025 17.94623947 -8.31189346
v 2.03499341 18.11884689 -8.17359733
v 2.03866314 17.94529342 -8.16704177
v 2.02190709 18.11390113 -8.03853607
v 2.01872181 17.94285392 -8.0342741
v 1.93072748 18.10818672 -7.93097543
v 2.01388859 18.28789329 -8.0381298
v 1.93103742 18.27638244 -7.92731761
v 1.81885886 18.26490211 -7.81977176
v 1.81829333 18.09798622 -7.82040596
v 1.7473104 18.25530052 -7.66985034
v 1.74431967 18.08750724 -7.66398191
v 1.71820616 18.25914001 -7.51148653
v 1.72494769 18.09107971 -7.49809932
v 1.66833066 18.26898384 -7.37599372
v 1.68025851 18.09816932 -7.36292409
v 1.58958602 18.26713752 -7.26806259
v 1.6004827 18.09530448 -7.26078128
v 1.48428797 18.25351524 -7.18919563
v 1.4927175 18.08179855 -7.18649101
v 1.37181949 18.23904609 -7.13160514
v 1.38133049 18.06592941 -7.12403011
v 1.27378249 18.22994613 -7.05461359
v 1.36031699 18.40930366 -7.13089704
v 1.26840758 18.39983558 -7.04978418
v 1.14646291 18.39233207 -7.02255725
v 1.15393781 18.22271728 -7.02039432
v 1.01940274 18.38462066 -6.95659256
v 1.14359331 18.56121826 -7.01837396
v 1.01974701 18.55243492 -6.9471116
v 0.89033317 18.54792022 -6.86980676
v 0.8874216 18.37850952 -6.88522863
v 0.77226543 18.55103492 -6.82791185
v 0.8988924 18.72052002 -6.86931991
v 0.77814769 18.7231121 -6.82485818
v 0.65559959 18.72833824 -6.81147146
v 0.65525054 18.55656242 -6.81115865
v 0.52431726 18.72956466 -6.79616022
v 0.53442049 18.56012916 -6.80857944
v 0.37464523 18.72479629 -6.72916603
v 0.39169645 18.55502891 -6.74603748
v 0.205338 18.72501373 -6.73029041
v 0.22020673 18.553833 -6.74203062
v 0.07640028 18.72873497 -6.78132581
v 0.0876584 18.56005477 -6.78967428
v -0.01194524 18.73397254 -6.8382883
v -0.00401544 18.56876754 -6.84895706
v -0.07125663 18.74156761 -6.89850854
v -0.06293726 18.57879257 -6.91416406
v -0.15310192 18.74473953 -6.92241096
v -0.14680385 18.58364868 -6.94337081
v -0.23854494 18.74405098 -6.88959026
v -0.23127603 18.58041 -6.90673017
v -0.34130096 18.75062751 -6.91123914
v -0.33227348 18.58460235 -6.91416931
v -0.44282674 18.75587463 -6.97107696
v -0.43038368 18.59247779 -6.97142982
v -0.55959081 18.75995826 -7.03262186
v -0.53844881 18.59798049 -7.03351354
v -0.66491079 18.76401901 -7.10367107
v -0.64589452 18.60194587 -7.10321521
v -0.75997304 18.76634788 -7.15952253
v -0.74456024 18.60489654 -7.16825294
v -0.83096218 18.76982307 -7.23130798
v -0.81733131 18.61048889 -7.24852705
v -0.84285402 18.78006744 -7.33904695
v -0.83666563 18.62028884 -7.35613393
v -0.87091159 18.79177093 -7.45723342
v -0.87098264 18.63092041 -7.47709131
v -0.94421148 18.79971694 -7.58118343
v -0.94808292 18.6377964 -7.59767961
v -1.02399301 18.8060379 -7.72050714
v -1.01230859 18.64321327 -7.73076963
v -1.05741798 18.8152275 -7.87796258
v -1.0496279 18.6492443 -7.88431358
v -1.05604755 18.82526969 -8.03090667
v -1.06898844 18.65971183 -8.04858493
v -1.08546125 18.83574485 -8.15773105
v -1.08307278 18.66699028 -8.18130302
v -1.13285219 18.84197235 -8.25488281
v -1.13015329 18.66844177 -8.27899456
v -1.1804558 18.84659194 -8.34378719
v -1.17472851 18.66821098 -8.3725872
v -1.17435705 18.85305213 -8.44660854
v -1.16377413 18.67242622 -8.47183322
v -1.17481005 18.86011314 -8.55990219
v -1.17167294 18.67539024 -8.57938671
v -1.1441394 18.86828613 -8.69478321
v -1.14055883 18.68408966 -8.7038412
v -1.10833513 18.87452316 -8.82657623
v -1.1039735 18.69381904 -8.82952785
v -1.04941666 18.87841224 -8.92752552
v -1.05117476 18.70189857 -8.93069362
v -0.9610219 18.88072013 -8.99741363
v -0.96220064 18.70539093 -9.0024681
v -0.85471868 18.88224601 -9.05391788
v -0.85291385 18.70689773 -9.06092929
v -0.7686882 18.88365364 -9.15732955
v -0.75608301 18.70900917 -9.15655422
v -0.66384267 18.88292312 -9.27533721
v -0.65226411 18.70811271 -9.27319812
v -0.53514719 18.87866973 -9.37552356
v -0.52643442 18.70519447 -9.37531662
v -0.40156745 18.87242889 -9.47409915
v -0.38591909 18.70089149 -9.46312427
v -0.27355527 18.86647796 -9.55676078
v -0.25785684 18.69597625 -9.5450077
v -0.17145919 18.86336517 -9.60923194
v -0.151618 18.69298362 -9.60098266
v -0.07622337 18.86384964 -9.62776565
v -0.05406522 18.69194603 -9.6238594
v 0.01038885 18.86466789 -9.64563751
v 0.03075361 18.69367599 -9.64409637
v 0.0996232 18.86663818 -9.61859035
v 0.12021303 18.69625663 -9.62216663
v 0.19827699 18.86706543 -9.59114742
v 0.21761179 18.6959362 -9.59856987
v 0.31220626 18.867033 -9.61916828
v 0.33500385 18.69515228 -9.61341381
v 0.43589639 18.87301063 -9.62723636
v 0.47092485 18.69969749 -9.61153793
v 0.56422853 18.885643 -9.59417533
v 0.60798549 18.71114158 -9.60801982
v 0.71284866 18.89476585 -9.57572269
v 0.75817775 18.71977043 -9.57344627
v 0.84949684 18.89103889 -9.49095439
v 0.88540649 18.71936988 -9.49007701
v 0.99183368 18.89108276 -9.4316864
v 1.01821923 18.72420692 -9.45319938
v 1.12014627 18.88535118 -9.34179019
v 1.13583612 18.72170257 -9.37103176
v 1.25405478 18.87803459 -9.24173259
v 1.25874018 18.71387672 -9.26503181
v 1.37564754 18.86886978 -9.12359237
v 1.37757587 18.70275497 -9.14431667
v 1.48710608 18.86258316 -9.01184368
v 1.49734282 18.69373893 -9.03085422
v 1.50307822 18.52490425 -9.04676723
v 1.59244322 18.68369483 -8.90303421
v 1.60124468 18.51420593 -8.91344833
v 1.66148328 18.67326164 -8.75711536
v 1.67434287 18.49877357 -8.759799
v 1.76774573 18.66855049 -8.64749908
v 1.78654456 18.4896183 -8.64965724
v 1.88492918 18.66663551 -8.55940341
v 1.90627718 18.49052047 -8.56388187
v 1.97339177 18.66457748 -8.44694423
v 1.98432755 18.48900222 -8.45388984
v 2.00331521 18.65520858 -8.30282974
v 2.01712441 18.48031806 -8.31658935
v 2.03422856 18.3017044 -8.32481861
v 2.01784443 18.4696598 -8.16722011
v 2.02988076 18.29545784 -8.17407035
v 2.00145077 18.45999145 -8.02771091
v 2.00228333 18.64283561 -8.1564846
v 1.98823475 18.63157653 -8.01689815
v 1.91212701 18.61808013 -7.9065051
v 1.92271661 18.44594001 -7.9186716
v 1.80987143 18.60493278 -7.81004047
v 1.81504321 18.43317413 -7.8182702
v 1.73990321 18.59627723 -7.6774764
v 1.7487142 18.4273014 -7.67399168
v 1.70221877 18.59570503 -7.52417326
v 1.71190238 18.42949485 -7.52108621
v 1.62988233 18.5981388 -7.38626813
v 1.64649629 18.43550109 -7.38710594
v 1.54985213 18.5968151 -7.25955009
v 1.56984782 18.43263053 -7.26811218
v 1.44861483 18.58896827 -7.18483352
v 1.46688056 18.42058944 -7.19127988
v 1.35328459 18.57891845 -7.12098169
v 1.43336677 18.75700187 -7.17724847
v 1.34502673 18.75009918 -7.10973835
v 1.25762152 18.74112129 -7.04623079
v 1.26490855 18.56890487 -7.04346656
v 1.14526891 18.7331295 -7.01069688
v 1.25848078 18.91719627 -7.04965877
v 1.15283727 18.91143989 -7.01226568
v 1.0468285 18.9045124 -6.93688297
v 1.02853131 18.72494697 -6.94206333
v 0.92354965 18.89915084 -6.85812711
v 1.07064652 19.08216857 -6.93695974
v 0.94530201 19.07756805 -6.8556447
v 0.80503559 19.0768814 -6.81647396
v 0.79109478 18.89846801 -6.82129669
v 0.66573047 19.07442855 -6.79393434
v 0.66075515 18.89935493 -6.80141353
v 0.51973009 19.06564521 -6.74553251
v 0.51826715 18.89605903 -6.77224588
v 0.35667324 19.05867004 -6.69937753
v 0.35900211 18.89101409 -6.71614742
v 0.19086885 19.06119537 -6.7123599
v 0.19352769 18.89485359 -6.72510671
v 0.06417226 19.06360054 -6.75670671
v 0.06689214 18.89634895 -6.76775407
v -0.01967763 19.06724739 -6.8146305
v -0.02191495 18.89890289 -6.81951141
v -0.07476043 19.0717659 -6.88149929
v -0.07608795 18.90671348 -6.88816833
v -0.1552391 19.0747528 -6.87491273
v -0.15528202 18.90947914 -6.89937019
v -0.24420309 19.07777595 -6.85844945
v -0.24361753 18.91007423 -6.87792301
v -0.34405899 19.08350563 -6.89764547
v -0.34568119 18.91522979 -6.90480613
v -0.46383047 19.08522224 -6.95337677
v -0.45208978 18.91965866 -6.96387052
v -0.59581327 19.09388732 -7.02556657
v -0.58022165 18.92448997 -7.02837848
v -0.6878705 19.10165596 -7.0913825
v -0.68196058 18.92931938 -7.10007715
v -0.76992273 19.10657882 -7.13267612
v -0.77008819 18.93159484 -7.14794063
v -0.8163743 19.11145973 -7.2069993
v -0.83026361 18.93831825 -7.22110748
v -0.81006431 19.11453628 -7.30513954
v -0.83146238 18.94458389 -7.3210206
v -0.84574794 19.12370109 -7.42477846
v -0.85412979 18.95465469 -7.44204092
v -0.92807006 19.13351821 -7.54727029
v -0.93483305 18.96498298 -7.56437492
v -1.01554393 19.14150047 -7.69441556
v -1.02319812 18.97244453 -7.70666742
v -1.03439855 19.15086746 -7.84219598
v -1.05058252 18.98234176 -7.86289596
v -1.01119422 19.15912056 -7.95705223
v -1.03967618 18.99051284 -7.99788713
v -1.05028975 19.17522239 -8.06413078
v -1.07438242 19.00674629 -8.11479663
v -1.11695015 19.18697166 -8.15411567
v -1.13124573 19.01688385 -8.20968341
v -1.17241776 19.19075202 -8.25534248
v -1.18419992 19.01951217 -8.30077362
v -1.17921507 19.19402122 -8.38706684
v -1.17455351 19.02679824 -8.41617965
v -1.16472876 19.20254135 -8.5340929
v -1.16781008 19.03488731 -8.54668998
v -1.14212334 19.2147789 -8.6868658
v -1.14316761 19.04404258 -8.69282627
v -1.09400475 19.22296142 -8.81185436
v -1.10633289 19.05006599 -8.82442855
v -1.04190456 19.22884368 -8.91676139
v -1.04855597 19.05608177 -8.92738342
v -0.94202899 19.23474121 -8.96207904
v -0.95530033 19.0572834 -8.98663997
v -0.85282897 19.23822975 -9.03820514
v -0.85643625 19.05878448 -9.04853439
v -0.76845932 19.24081993 -9.151721
v -0.77702188 19.06186676 -9.15692043
v -0.67467165 19.24067497 -9.27471351
v -0.67397832 19.06170654 -9.2775793
v -0.5481286 19.23482894 -9.3679018
v -0.54008245 19.05675697 -9.37013626
v -0.42474174 19.22704505 -9.47261905
v -0.414258 19.04938888 -9.4778099
v -0.29553937 19.22008323 -9.55663681
v -0.28364515 19.04313087 -9.56071758
v -0.19948291 19.21696853 -9.60379505
v -0.18506336 19.03933143 -9.60943985
v -0.1141529 19.21557998 -9.63406467
v -0.09412097 19.03795623 -9.63264751
v -0.02830076 19.21664428 -9.66040229
v -0.00789117 19.03790855 -9.65380859
v 0.05916833 19.22094535 -9.62960529
v 0.07873678 19.04177665 -9.62394619
v 0.15666341 19.22351074 -9.59875297
v 0.17297315 19.04438209 -9.5968666
v 0.26890182 19.22278976 -9.61488056
v 0.27890014 19.0450325 -9.62399101
v 0.38515663 19.21764946 -9.64272785
v 0.39702177 19.04590797 -9.63484191
v 0.4950633 19.21578979 -9.60554027
v 0.51700639 19.05089759 -9.59341335
v 0.63864135 19.21813201 -9.55780887
v 0.66516971 19.05748558 -9.55465698
v 0.80598545 19.21652603 -9.48820209
v 0.82067394 19.05559158 -9.48469257
v 0.96248149 19.21249389 -9.40881347
v 0.97155666 19.05202102 -9.41233539
v 1.10657167 19.20721244 -9.31154251
v 1.11261034 19.04671669 -9.32473278
v 1.2570846 19.20149612 -9.21607112
v 1.25072169 19.04019737 -9.22157001
v 1.38616848 19.19821929 -9.10177993
v 1.38133716 19.03454589 -9.11019897
v 1.4766376 19.19706344 -8.98921489
v 1.47883296 19.03046226 -8.99537086
v 1.54762625 19.19323921 -8.87219238
v 1.55924487 19.02567863 -8.87937831
v 1.57882189 18.85655784 -8.89284038
v 1.63101339 19.01918792 -8.75053405
v 1.64563131 18.84678268 -8.75618839
v 1.72522997 19.01220321 -8.62792491
v 1.74945712 18.84198951 -8.64508152
v 1.85328912 19.01036453 -8.54259395
v 1.86575555 18.84083747 -8.55100822
v 1.94785165 19.00364112 -8.42768096
v 1.95028829 18.83526611 -8.436203
v 1.98786854 18.99294471 -8.28241062
v 1.98876118 18.82471275 -8.29112243
v 1.98365044 18.9814434 -8.12926387
v 1.98798775 18.81368446 -8.14305782
v 1.97197079 18.96826362 -7.98824834
v 1.97931313 18.80172348 -8.00221729
v 1.89959573 18.95652389 -7.87606096
v 1.89959764 18.78925323 -7.89316082
v 1.80441927 18.94391441 -7.78108406
v 1.80451273 18.77580261 -7.79782342
v 1.71832156 18.92655944 -7.6662507
v 1.72832083 18.76254463 -7.6763482
v 1.68440794 18.9199562 -7.51577758
v 1.69712519 18.75878334 -7.51961755
v 1.59941268 18.92134094 -7.3743577
v 1.61437273 18.75891876 -7.38193178
v 1.51625609 18.92404937 -7.24504375
v 1.5325706 18.75929069 -7.25067043
v 1.42531776 18.92423629 -7.17211484
v 1.51078009 19.09552002 -7.23839521
v 1.42182827 19.09603881 -7.17093277
v 1.3559997 19.09440422 -7.09559583
v 1.34727358 18.92152786 -7.09720373
v 1.26925349 19.09222602 -7.05171918
v 1.36450457 19.27051353 -7.10125207
v 1.28410124 19.26946449 -7.0551095
v 1.19430685 19.2659893 -7.01415252
v 1.16753435 19.08896064 -7.01880168
v 1.09692335 19.25983047 -6.93987369
v 1.21390295 19.44455528 -7.01622819
v 1.11941099 19.43839836 -6.94323301
v 0.99240112 19.43454551 -6.86228418
v 0.96843338 19.25585365 -6.85952377
v 0.84157848 19.43488502 -6.82041692
v 0.82137107 19.25620079 -6.81966733
v 0.68650436 19.42845344 -6.77650308
v 0.67542934 19.2515583 -6.78358316
v 0.53104543 19.41409683 -6.73692035
v 0.52443647 19.23958587 -6.73525047
v 0.38070011 19.39943885 -6.68265438
v 0.36566352 19.23005294 -6.68769455
v 0.21835374 19.39220619 -6.68645286
v 0.19616556 19.2290287 -6.69823837
v 0.08064889 19.39131355 -6.74186277
v 0.06820726 19.23098754 -6.7520895
v -0.00808572 19.40137863 -6.80848884
v -0.01305055 19.23432922 -6.8127737
v -0.08169078 19.40909004 -6.86319303
v -0.07813358 19.23923111 -6.87912941
v -0.16677188 19.40481948 -6.83512973
v -0.15713501 19.23984909 -6.851758
v -0.27408742 19.40968895 -6.84567785
v -0.25492715 19.2424488 -6.84498739
v -0.38104009 19.42234611 -6.89716386
v -0.35901212 19.24861526 -6.89680671
v -0.50952196 19.43801307 -6.95290994
v -0.48548841 19.25772285 -6.94926023
v -0.61229658 19.45020294 -7.01816177
v -0.60639047 19.26961708 -7.01766061
v -0.68577909 19.4577732 -7.0688939
v -0.69023847 19.27801513 -7.07370281
v -0.75534725 19.46576881 -7.11797618
v -0.76745224 19.28588676 -7.11959075
v -0.78595733 19.46715736 -7.19636917
v -0.80737066 19.29061889 -7.19596719
v -0.79066801 19.46474647 -7.29793644
v -0.80262184 19.28918075 -7.29819536
v -0.85569906 19.46929931 -7.41072273
v -0.84724521 19.29558944 -7.41714382
v -0.94162225 19.47962951 -7.53574228
v -0.92884063 19.30432319 -7.53686285
v -1.0102148 19.494524 -7.68902158
v -1.01080989 19.31573486 -7.6831336
v -1.01475381 19.50067329 -7.81958293
v -1.01950836 19.32481956 -7.82153081
v -0.98826313 19.49678039 -7.90671443
v -1.00174284 19.32880401 -7.92423248
v -1.02874326 19.50379562 -7.99891996
v -1.0405513 19.34064865 -8.01889038
v -1.10134279 19.51566124 -8.06985282
v -1.10321104 19.35060501 -8.10088825
v -1.16294157 19.5195713 -8.18391132
v -1.16232454 19.35643196 -8.21233844
v -1.18960249 19.52164268 -8.32835388
v -1.18288719 19.35792541 -8.35449218
v -1.17531788 19.53111457 -8.48237609
v -1.16837942 19.36686325 -8.51071262
v -1.1519643 19.54842376 -8.63548755
v -1.14084446 19.38383674 -8.66611385
v -1.10371601 19.56894111 -8.76587677
v -1.0968796 19.39875221 -8.79397296
v -1.01197195 19.57920074 -8.85166549
v -1.02775907 19.40660095 -8.88253784
v -0.91283989 19.58395385 -8.9377098
v -0.92794656 19.4089508 -8.9411993
v -0.82142782 19.58890724 -9.04685497
v -0.84783315 19.41489791 -9.04549598
v -0.73869276 19.58900642 -9.16856384
v -0.75319576 19.41586494 -9.15563869
v -0.6594243 19.58606529 -9.26522541
v -0.66939687 19.41552925 -9.26874065
v -0.55783033 19.58275985 -9.34364223
v -0.55115556 19.41002273 -9.35427475
v -0.4479556 19.58038711 -9.43302059
v -0.43672704 19.40514755 -9.45788097
v -0.33210659 19.57768821 -9.52333354
v -0.31157779 19.39965248 -9.5438137
v -0.24073934 19.57398605 -9.58383941
v -0.22010135 19.39623832 -9.59388542
v -0.15534973 19.57200813 -9.62640476
v -0.13615131 19.39286041 -9.63252353
v -0.07238483 19.57126045 -9.64566421
v -0.05073022 19.39430046 -9.65707778
v 0.0148406 19.56798934 -9.62562465
v 0.03758096 19.39517402 -9.62831401
v 0.11743784 19.56473159 -9.59634494
v 0.13844537 19.39468193 -9.58960819
v 0.23892927 19.56187439 -9.60699844
v 0.25832462 19.3938446 -9.60620307
v 0.365386 19.55995941 -9.63522529
v 0.3796463 19.39269447 -9.63997554
v 0.49669599 19.5582962 -9.60537147
v 0.49260187 19.38792228 -9.60648727
v 0.63931846 19.5531044 -9.55812358
v 0.63230705 19.38278579 -9.55980396
v 0.8051815 19.5450325 -9.5015707
v 0.80245685 19.37849426 -9.49779701
v 0.96159076 19.53686714 -9.41852569
v 0.9595766 19.37356185 -9.41357326
v 1.11315774 19.53117942 -9.32534217
v 1.10744333 19.36868667 -9.31380176
v 1.25830721 19.5279293 -9.21928501
v 1.25744223 19.3638668 -9.21325016
v 1.38688373 19.52569198 -9.10660553
v 1.38878631 19.36224365 -9.10432243
v 1.47964263 19.52374458 -8.98151969
v 1.47899603 19.36153221 -8.98839473
v 1.55064463 19.52178573 -8.85095691
v 1.54265856 19.35757255 -8.86251735
v 1.63896226 19.5168972 -8.73233699
v 1.62742281 19.35321998 -8.74149704
v 1.62623262 19.18803596 -8.74865436
v 1.72587275 19.34871864 -8.62493705
v 1.71994376 19.18211364 -8.62431812
v 1.84412813 19.34268188 -8.53411579
v 1.84431314 19.17714309 -8.53343009
v 1.93999815 19.3389759 -8.42273807
v 1.9443326 19.171669 -8.41961574
v 1.97767567 19.33115577 -8.27755737
v 1.98517727 19.16175079 -8.27681827
v 1.99600815 19.31572723 -8.12016582
v 1.98403 19.15058326 -8.12006092
v 1.96751809 19.29636192 -7.97864532
v 1.96447777 19.13364219 -7.98013734
v 1.91239309 19.27732658 -7.86088466
v 1.90547895 19.11554336 -7.86446952
v 1.83597731 19.26548767 -7.755095
v 1.8163793 19.10403633 -7.76516103
v 1.73551726 19.26375961 -7.65845775
v 1.71494555 19.0940361 -7.66053676
v 1.69366622 19.25335693 -7.50960969
v 1.68239569 19.0852909 -7.51010799
v 1.6173911 19.25918388 -7.35979986
v 1.60324835 19.08998107 -7.36272001
v 1.5194385 19.26877212 -7.23715496
v 1.63492631 19.43043708 -7.36456203
v 1.5333507 19.44225692 -7.24572753
v 1.43624854 19.44865036 -7.18222951
v 1.42139911 19.27135467 -7.17517709
v 1.38007259 19.44878006 -7.10837984
v 1.4557693 19.62236404 -7.18606281
v 1.39895725 19.62456131 -7.11210346
v 1.32097601 19.62626075 -7.06028842
v 1.30265116 19.4477005 -7.05912447
v 1.23545146 19.62427711 -7.00905752
v 1.33173441 19.80256652 -7.06948089
v 1.24761462 19.80205345 -7.00388765
v 1.153934 19.79593086 -6.92569351
v 1.1416192 19.61696052 -6.93870258
v 1.03156304 19.78279113 -6.84835243
v 1.018862 19.60926818 -6.85808086
v 0.86909866 19.771389 -6.7948513
v 0.85997104 19.60640907 -6.80519104
v 0.6978712 19.7654953 -6.7770214
v 0.69330024 19.60000419 -6.78256368
v 0.55051088 19.75329589 -6.70941925
v 0.54113245 19.58540153 -6.72454118
v 0.41419553 19.74295806 -6.64555072
v 0.39673185 19.56792831 -6.66856765
v 0.27104377 19.73798751 -6.64461994
v 0.24733591 19.56114196 -6.66611623
v 0.13010358 19.72842407 -6.68989038
v 0.10478258 19.55913734 -6.72068119
v 0.01939725 19.72691345 -6.73621368
v 0.0079503 19.56286048 -6.78281879
v -0.07727623 19.73172569 -6.78756141
v -0.07855796 19.5689907 -6.83337879
v -0.17727851 19.72937393 -6.7816267
v -0.17080688 19.56562233 -6.81085872
v -0.28221559 19.7465763 -6.82543134
v -0.27989339 19.57719802 -6.83874225
v -0.40332984 19.76862907 -6.89017295
v -0.39092302 19.59723281 -6.89626073
v -0.53289938 19.78608322 -6.9611411
v -0.5279603 19.61742591 -6.95838928
v -0.6109929 19.79466629 -7.02225256
v -0.61445665 19.62677192 -7.02247905
v -0.67938184 19.79961967 -7.06244754
v -0.68218946 19.6323471 -7.06808471
v -0.74001884 19.80423164 -7.1109395
v -0.74593544 19.63633155 -7.11557817
v -0.75925111 19.80586051 -7.18729639
v -0.77199363 19.63787269 -7.19469928
v -0.78563737 19.80905914 -7.29079771
v -0.79022121 19.63895797 -7.29807329
v -0.86819696 19.81543922 -7.40345096
v -0.86326265 19.64346694 -7.40800523
v -0.94626855 19.82432746 -7.54851341
v -0.94734716 19.6540699 -7.54671621
v -1.00830411 19.83484458 -7.7038145
v -1.00835657 19.66859245 -7.70290279
v -1.00403547 19.84354972 -7.83347272
v -1.0096445 19.6733551 -7.83210277
v -0.96134567 19.85047149 -7.91769981
v -0.97263431 19.67072868 -7.91506338
v -1.02073049 19.85196876 -7.99350595
v -1.01894044 19.67721557 -7.99795007
v -1.11134493 19.85584259 -8.06029319
v -1.10441219 19.68671035 -8.06761837
v -1.17337524 19.86544609 -8.17375373
v -1.17101538 19.68883323 -8.1763916
v -1.19357454 19.87155723 -8.31103611
v -1.19391119 19.69280815 -8.31340694
v -1.18154919 19.87924575 -8.45763206
v -1.18161118 19.70117187 -8.46374416
v -1.16516172 19.89103889 -8.60189724
v -1.15861761 19.71665 -8.61232376
v -1.10977566 19.90502357 -8.71803093
v -1.1065303 19.73414993 -8.73840427
v -1.00102758 19.91702461 -8.80007171
v -1.00154447 19.746706 -8.82411766
v -0.90356969 19.92643165 -8.90915489
v -0.89682579 19.7536354 -8.92252636
v -0.81648016 19.9313507 -9.043931
v -0.81489372 19.7605896 -9.04804039
v -0.72914552 19.92868423 -9.16914081
v -0.7235713 19.75959014 -9.17322254
v -0.66540002 19.92477417 -9.26356029
v -0.65669107 19.75488281 -9.26900672
v -0.57890558 19.92270851 -9.32781028
v -0.56916856 19.75255584 -9.33825588
v -0.47257852 19.92091178 -9.39500618
v -0.46061277 19.75207901 -9.40936279
v -0.36527681 19.92050743 -9.47959804
v -0.34725379 19.75137901 -9.49565315
v -0.27361345 19.92136192 -9.55475044
v -0.25415563 19.74947929 -9.56568908
v -0.19195747 19.92351532 -9.6147995
v -0.17115211 19.74813461 -9.61594104
v -0.10229396 19.92438697 -9.63592815
v -0.08722019 19.74869728 -9.63501739
v -0.01813077 19.91986846 -9.61316585
v -0.0016818 19.74500656 -9.62240123
v 0.08923101 19.9132061 -9.60485839
v 0.1012721 19.73826217 -9.60335731
v 0.21510076 19.90633583 -9.63067722
v 0.22201871 19.73303413 -9.61481285
v 0.36031627 19.90000343 -9.62857246
v 0.35880756 19.72878837 -9.63245773
v 0.50468206 19.89094924 -9.59760856
v 0.49887991 19.7246437 -9.60356807
v 0.6531744 19.88190269 -9.56280422
v 0.64703846 19.71855354 -9.55898571
v 0.80920028 19.87413978 -9.50097274
v 0.80723285 19.71043586 -9.5005083
v 0.96358585 19.8653984 -9.41250038
v 0.9640522 19.7014904 -9.41889572
v 1.11815023 19.85784149 -9.33392524
v 1.11257219 19.69442176 -9.32725238
v 1.26102519 19.85242271 -9.23193168
v 1.25497603 19.69012069 -9.22017574
v 1.38767528 19.84979438 -9.11555862
v 1.38581466 19.68816185 -9.10811901
v 1.48812365 19.84866333 -8.98053073
v 1.48438048 19.68650436 -8.9781723
v 1.58888888 19.84590721 -8.85221576
v 1.5717504 19.68471527 -8.84590816
v 1.67279028 19.84376716 -8.72573852
v 1.65885686 19.68035697 -8.7271347
v 1.77735304 19.84067726 -8.63150024
v 1.76006865 19.67589378 -8.63467884
v 1.74105143 19.51241874 -8.6262722
v 1.86508131 19.67603683 -8.5392313
v 1.85215902 19.50860786 -8.53827476
v 1.95315504 19.67765808 -8.43436908
v 1.94319582 19.50653266 -8.42815113
v 1.98995614 19.6748619 -8.29656601
v 1.98248982 19.50162124 -8.28626728
v 2.01072621 19.66006469 -8.14554309
v 2.00816464 19.48409843 -8.12978935
v 2.0081532 19.63879966 -8.00089836
v 1.98168301 19.46425056 -7.98807048
v 1.95688653 19.61810112 -7.87726497
v 1.9345231 19.4431343 -7.86630106
v 1.88808107 19.60033989 -7.7662301
v 1.86622762 19.43022918 -7.75553321
v 1.79662108 19.5951004 -7.66303587
v 1.76765894 19.42956161 -7.65660142
v 1.74558424 19.59202384 -7.51163244
v 1.71799635 19.42345428 -7.5118885
v 1.66588735 19.59856414 -7.35917329
v 1.76684451 19.75917816 -7.50497341
v 1.68542552 19.76882171 -7.35627985
v 1.57350039 19.78486061 -7.24581575
v 1.55246424 19.61343765 -7.24724054
v 1.47763991 19.79480171 -7.18853712
v 1.5867002 19.95840835 -7.25541019
v 1.4910829 19.96549415 -7.19469499
v 1.42711544 19.969244 -7.11934137
v 1.41758823 19.79896354 -7.11663389
v 1.33519148 19.97100067 -7.069633
v 1.43048477 20.13572692 -7.114892
v 1.33481192 20.13580513 -7.06428289
v 1.23942828 20.13358879 -6.99478149
v 1.24382662 19.97027778 -7.00115251
v 1.13643789 20.12780761 -6.90929317
v 1.14845895 19.96534919 -6.91477918
v 1.00786685 20.11867523 -6.82451295
v 1.02252697 19.95121765 -6.8299632
v 0.8620119 20.10867309 -6.76371336
v 0.86647224 19.9372406 -6.7792983
v 0.71272563 20.10278892 -6.74059104
v 0.70485591 19.93123245 -6.75562715
v 0.57685613 20.09761428 -6.68277216
v 0.5605874 19.92326736 -6.69607973
v 0.45399427 20.09237098 -6.61433839
v 0.43530321 19.91666793 -6.62426137
v 0.30947303 20.08645057 -6.60716533
v 0.28950595 19.9113636 -6.6198697
v 0.17102479 20.0794506 -6.63204622
v 0.14772939 19.90226364 -6.65664148
v 0.04875135 20.07424354 -6.64897728
v 0.03142309 19.89617729 -6.68563938
v -0.05493021 20.07590293 -6.70690012
v -0.06873607 19.90119361 -6.73380422
v -0.176692 20.08034896 -6.73276758
v -0.17847061 19.90328979 -6.75013208
v -0.30393362 20.09043693 -6.79137468
v -0.29092073 19.91752624 -6.80715465
v -0.43692255 20.10397529 -6.86676073
v -0.42175006 19.93496894 -6.87791204
v -0.53730535 20.11699676 -6.94869756
v -0.53493833 19.94977188 -6.95908975
v -0.60998773 20.12139511 -6.98507881
v -0.6082654 19.95633697 -7.00647306
v -0.67762899 20.12549972 -7.01997804
v -0.67922353 19.96025848 -7.04369211
v -0.72131443 20.13254165 -7.07377243
v -0.72838211 19.96720123 -7.09904718
v -0.73338747 20.14169502 -7.14643669
v -0.74544429 19.97400856 -7.17165517
v -0.76520252 20.15262794 -7.2459464
v -0.77407646 19.98166084 -7.2738161
v -0.8530569 20.15998649 -7.35205507
v -0.86273145 19.98651313 -7.38306093
v -0.93111228 20.16440963 -7.50342178
v -0.93924284 19.99339103 -7.53470277
v -0.99225282 20.17105293 -7.66327762
v -0.99832916 20.00110817 -7.69102907
v -0.98352909 20.18530845 -7.7892642
v -0.99075317 20.01172828 -7.81308507
v -0.97345495 20.19618797 -7.88967704
v -0.97818756 20.02186393 -7.90212917
v -1.04538738 20.19830322 -7.94255781
v -1.03451633 20.02663993 -7.97017288
v -1.1316353 20.20257186 -8.02171039
v -1.11465799 20.03049469 -8.04284954
v -1.18137466 20.21365928 -8.1598854
v -1.17067444 20.04071807 -8.16566848
v -1.18965494 20.22285842 -8.31054687
v -1.18933355 20.04883003 -8.31400871
v -1.1934849 20.23346328 -8.447052
v -1.18470585 20.05680465 -8.45766639
v -1.17019045 20.251688 -8.56721115
v -1.1653701 20.06993103 -8.59270191
v -1.10102427 20.2607994 -8.66640758
v -1.11144459 20.08192062 -8.70167255
v -0.99170064 20.26356124 -8.74717617
v -0.99680376 20.09114456 -8.77529907
v -0.90467262 20.27685737 -8.87030029
v -0.90092611 20.10190773 -8.88818645
v -0.83154583 20.27911758 -9.02622127
v -0.82341957 20.10667038 -9.03320598
v -0.75767421 20.27004814 -9.15730953
v -0.74307537 20.10157394 -9.16230773
v -0.69384622 20.26018714 -9.25491905
v -0.6806178 20.09403801 -9.25405311
v -0.61912488 20.25559616 -9.32831859
v -0.59987878 20.08868598 -9.32710933
v -0.51027154 20.25418472 -9.39893341
v -0.49124574 20.08661651 -9.39481258
v -0.39036226 20.25407981 -9.47934532
v -0.37765073 20.08714485 -9.4767704
v -0.29449415 20.25668144 -9.54335975
v -0.28065443 20.09005355 -9.54199981
v -0.21952819 20.25835037 -9.59612751
v -0.20524501 20.09232711 -9.60002613
v -0.13319206 20.26042556 -9.62314319
v -0.11875343 20.09407806 -9.62607574
v -0.04281759 20.26275444 -9.59116649
v -0.03302907 20.09271621 -9.59785556
v 0.07577657 20.2620716 -9.59146976
v 0.0798192 20.08870315 -9.59405899
v 0.20952272 20.25169754 -9.63187789
v 0.21157312 20.08121109 -9.62691402
v 0.36441898 20.23635864 -9.62790775
v 0.36375331 20.06968879 -9.62378978
v 0.5166974 20.22385978 -9.6092844
v 0.51313448 20.05737495 -9.60251426
v 0.66524791 20.21146583 -9.58694171
v 0.66010475 20.0456314 -9.57506847
v 0.80825901 20.20280647 -9.50512599
v 0.81029224 20.03824043 -9.50467777
v 0.9633522 20.19397926 -9.41331672
v 0.96340847 20.02932357 -9.4106903
v 1.13622045 20.18512153 -9.36829757
v 1.12878274 20.02008438 -9.35109901
v 1.2619493 20.1819992 -9.24846839
v 1.26640582 20.01608848 -9.24475193
v 1.39279556 20.17877006 -9.13617515
v 1.39485263 20.01306915 -9.12993526
v 1.47705721 20.17636299 -8.9859457
v 1.48445677 20.01146507 -8.98389148
v 1.59579348 20.17464637 -8.86189842
v 1.59848475 20.00963401 -8.86039924
v 1.67659544 20.17509841 -8.72729873
v 1.67594122 20.00897026 -8.72470092
v 1.7830007 20.17809486 -8.63050079
v 1.78434824 20.01143837 -8.63166427
v 1.85616254 20.18396568 -8.51994133
v 1.86284399 20.0197277 -8.52430343
v 1.87114191 19.84859085 -8.53510379
v 1.94734907 20.02575683 -8.42966079
v 1.95700669 19.85630607 -8.4369173
v 1.97366547 20.01900482 -8.29874324
v 1.98876881 19.85176086 -8.30095005
v 2.0000441 20.00858306 -8.16108036
v 2.00652718 19.83625602 -8.15674018
v 2.02119469 19.99115753 -8.02030086
v 2.01871419 19.81320762 -8.0131483
v 1.9769833 19.96870994 -7.89375877
v 1.97369694 19.79231452 -7.88935899
v 1.92191934 19.944458 -7.77094364
v 1.90580606 19.77346801 -7.77291584
v 1.82779765 19.93105316 -7.65263938
v 1.81237006 19.76360321 -7.65983438
v 1.77791285 19.92841529 -7.49835538
v 1.84643983 20.10409164 -7.64095878
v 1.7875545 20.10042572 -7.49533176
v 1.70613551 20.11155319 -7.36445617
v 1.69735503 19.94251251 -7.35925293
v 1.5929563 20.12591552 -7.27055692
v 1.72317576 20.2791748 -7.35739326
v 1.60992765 20.28741455 -7.26641368
v 1.50401091 20.29537582 -7.20125389
v 1.49428248 20.13295364 -7.20081901
v 1.43093299 20.2989788 -7.11259651
v 1.52011275 20.46167182 -7.20062494
v 1.45077204 20.46070861 -7.1045556
v 1.34003806 20.46754646 -7.05299091
v 1.3357656 20.3005352 -7.0572462
v 1.23837447 20.46587562 -6.97289371
v 1.23991847 20.29848098 -6.98420763
v 1.12336683 20.46015548 -6.87907028
v 1.12577104 20.29342079 -6.89833307
v 1.00694561 20.45388793 -6.78453397
v 1.00408458 20.28518104 -6.80585098
v 0.87562561 20.45473289 -6.74034118
v 0.86487579 20.28062057 -6.74781322
v 0.738801 20.45411872 -6.73312473
v 0.72054576 20.27947616 -6.73977899
v 0.61698436 20.44876098 -6.66618919
v 0.59354972 20.27485847 -6.67400932
v 0.50241518 20.44390487 -6.59681415
v 0.47584104 20.26800346 -6.60488128
v 0.36731338 20.44198799 -6.57912778
v 0.3376398 20.2639656 -6.59101295
v 0.22572279 20.43430328 -6.57835531
v 0.19977617 20.25839996 -6.60356712
v 0.08729028 20.42664337 -6.60496521
v 0.06768846 20.25004386 -6.62297725
v -0.03745698 20.4270668 -6.66411781
v -0.04276323 20.25251579 -6.6902008
v -0.17929172 20.42863464 -6.69851827
v -0.17607593 20.25471496 -6.71887731
v -0.32226085 20.43886566 -6.76037693
v -0.31616878 20.26345062 -6.77714538
v -0.45530843 20.45339202 -6.83863306
v -0.45109415 20.27607727 -6.85434055
v -0.53260469 20.46381187 -6.89571857
v -0.54241228 20.28806686 -6.92466545
v -0.60269308 20.47047233 -6.91995048
v -0.61118459 20.2921276 -6.9558053
v -0.66537714 20.47972679 -6.95385122
v -0.67730665 20.29812812 -6.98767471
v -0.69870233 20.4902668 -7.01126766
v -0.71721935 20.3080883 -7.04319381
v -0.70437717 20.49776077 -7.08486795
v -0.72374677 20.31716728 -7.11415338
v -0.73469686 20.50487709 -7.18915653
v -0.75080776 20.32779502 -7.21305608
v -0.81417655 20.50927162 -7.29854726
v -0.83134555 20.33507347 -7.32419061
v -0.90598821 20.50717544 -7.43769645
v -0.91809654 20.33582305 -7.46834516
v -0.97529268 20.50506591 -7.59050178
v -0.98581409 20.33730316 -7.62757301
v -0.98237037 20.51888847 -7.71404552
v -0.97798252 20.35350418 -7.75118732
v -1.01096773 20.53391647 -7.82633256
v -0.99029541 20.36981391 -7.85151052
v -1.08517372 20.53647995 -7.91413545
v -1.06781303 20.36885452 -7.91861009
v -1.1615802 20.54890632 -8.02775955
v -1.15074122 20.37536811 -8.0173254
v -1.19900107 20.5690422 -8.18297958
v -1.1908046 20.38926315 -8.1692028
v -1.20335555 20.57867622 -8.31073951
v -1.19708502 20.3992958 -8.30772399
v -1.21443438 20.59128189 -8.42860984
v -1.20676827 20.41311836 -8.43359756
v -1.16734612 20.60220718 -8.52808857
v -1.17122089 20.4275074 -8.53976249
v -1.0833131 20.60229873 -8.60988235
v -1.09382069 20.43364334 -8.63282775
v -1.00205898 20.60506248 -8.73625946
v -0.99467325 20.43823242 -8.73561763
v -0.89314699 20.61003875 -8.87052631
v -0.90683412 20.44467163 -8.86837291
v -0.83300304 20.60696983 -9.04075145
v -0.83570241 20.44400787 -9.03103447
v -0.78186321 20.60042953 -9.17026805
v -0.77235698 20.43268394 -9.16173172
v -0.72977161 20.59615516 -9.25655841
v -0.71246671 20.42658424 -9.25812053
v -0.63489103 20.59492301 -9.31611728
v -0.63052225 20.42703628 -9.32576656
v -0.52597379 20.59321785 -9.39952564
v -0.51932954 20.42495346 -9.40039444
v -0.4082365 20.59154892 -9.48717975
v -0.40224838 20.4230175 -9.48498153
v -0.31656074 20.58982276 -9.55337619
v -0.3106966 20.42258644 -9.54865455
v -0.24082899 20.59016609 -9.60875797
v -0.23296403 20.42318344 -9.60252094
v -0.14843559 20.59454155 -9.62654972
v -0.14143276 20.42568206 -9.62227726
v -0.05227708 20.59837913 -9.59687233
v -0.0462327 20.42821693 -9.59563732
v 0.06707525 20.5977211 -9.61046028
v 0.07238721 20.43070793 -9.59632587
v 0.21014833 20.58865547 -9.65778732
v 0.2106471 20.42076492 -9.64029502
v 0.36078357 20.57524108 -9.68203258
v 0.36232471 20.40341568 -9.65499019
v 0.51353311 20.56420135 -9.6584177
v 0.5134015 20.392416 -9.63442707
v 0.66637229 20.55210685 -9.60746192
v 0.66361999 20.38069915 -9.59201812
v 0.81447792 20.54055595 -9.52301788
v 0.80901908 20.37102699 -9.50863838
v 0.96849536 20.52814483 -9.448246
v 0.96390724 20.36095809 -9.42716693
v 1.12527895 20.51592063 -9.38544082
v 1.12668848 20.35044097 -9.37186336
v 1.2607038 20.51274299 -9.2708044
v 1.25746417 20.34864425 -9.25552082
v 1.39150524 20.50863075 -9.14959716
v 1.39067077 20.34429931 -9.1417799
v 1.50036215 20.5037918 -9.01172161
v 1.49064612 20.34074401 -9.00049495
v 1.60311389 20.4998188 -8.8762989
v 1.59747004 20.33754921 -8.86651706
v 1.68593764 20.49968528 -8.74645042
v 1.67582774 20.33828735 -8.73007011
v 1.78655219 20.49647331 -8.66009616
v 1.78526186 20.33839988 -8.64330959
v 1.85213136 20.50179863 -8.54462909
v 1.8565526 20.34394645 -8.52912998
v 1.93512964 20.50476837 -8.4369564
v 1.93633031 20.34693908 -8.42654705
v 1.93784093 20.18731117 -8.4212656
v 1.96989464 20.3468666 -8.29805374
v 1.97104954 20.18523979 -8.29687118
v 1.9956572 20.34490013 -8.16180229
v 1.99833512 20.17996978 -8.1622982
v 2.01389622 20.33616638 -8.01818847
v 2.02121758 20.16649055 -8.02105236
v 1.98565888 20.32028007 -7.88128423
v 1.98597741 20.14510154 -7.88803148
v 1.96232914 20.29800796 -7.74285221
v 1.94092512 20.11947631 -7.75818204
v 1.86136484 20.28399276 -7.6287918
v 1.97483182 20.48065757 -7.74293327
v 1.87875318 20.46615028 -7.61992502
v 1.81734252 20.4522438 -7.48140478
v 1.80570101 20.2760334 -7.48626661
v 1.74068999 20.44821929 -7.35391902
v 1.82973933 20.62656974 -7.48074865
v 1.76469206 20.61908531 -7.35692024
v 1.65906667 20.62457084 -7.26789903
v 1.62960863 20.45320129 -7.26117849
v 1.55019068 20.62787818 -7.19647646
v 1.68218302 20.79392623 -7.28897666
v 1.56537318 20.79409408 -7.20745515
v 1.48045229 20.79532241 -7.09751367
v 1.46860098 20.62954139 -7.09976339
v 1.35022902 20.79788017 -7.03607273
v 1.34877753 20.63296699 -7.04165077
v 1.23046183 20.80036735 -6.93725872
v 1.23734259 20.63271904 -6.95139741
v 1.10798978 20.80181884 -6.83957862
v 1.12089586 20.63078689 -6.85351467
v 0.9937849 20.80082893 -6.76546335
v 1.00913929 20.62909698 -6.76680088
v 0.8722248 20.7972908 -6.72889614
v 0.88166332 20.6270008 -6.72820997
v 0.75974369 20.79463195 -6.72513341
v 0.75617027 20.62353706 -6.71910667
v 0.66982078 20.79485511 -6.6599183
v 0.6462183 20.62007713 -6.66142606
v 0.55698156 20.79021453 -6.59737491
v 0.53617334 20.61619949 -6.59444475
v 0.41371583 20.7842102 -6.55905771
v 0.39669275 20.61519622 -6.56730842
v 0.2598896 20.78075218 -6.55327749
v 0.24727487 20.60963439 -6.56142759
v 0.10799169 20.77768135 -6.56640148
v 0.09978723 20.60251617 -6.57801342
v -0.03194665 20.78028869 -6.60945177
v -0.03654718 20.60260009 -6.63165903
v -0.16909027 20.78868103 -6.66213417
v -0.177742 20.6074047 -6.67891168
v -0.30687999 20.80223465 -6.72849178
v -0.3182373 20.61956596 -6.74334335
v -0.42361164 20.81657791 -6.80859231
v -0.44009256 20.63516998 -6.82257843
v -0.49952936 20.82618522 -6.8526225
v -0.51583528 20.6457138 -6.8726015
v -0.56623792 20.83318328 -6.8767786
v -0.58261537 20.65272903 -6.89448785
v -0.62353467 20.84025383 -6.91840076
v -0.63862276 20.66179847 -6.93326664
v -0.65622758 20.8464508 -6.98116254
v -0.67262315 20.67071723 -6.99161815
v -0.66547727 20.84926796 -7.06384611
v -0.67910814 20.67408371 -7.06989383
v -0.72382116 20.85180091 -7.16111612
v -0.72276449 20.6785717 -7.17397928
v -0.81602001 20.85265731 -7.25663662
v -0.80896759 20.680624 -7.27661132
v -0.90375232 20.85135269 -7.38421773
v -0.90070962 20.6782093 -7.40637493
v -0.97679138 20.84906959 -7.52330303
v -0.96899604 20.67704963 -7.55285406
v -0.98878479 20.85688209 -7.66495084
v -0.98009443 20.685606 -7.68468332
v -1.04729044 20.8626728 -7.78910398
v -1.0253272 20.69667244 -7.80913782
v -1.11506998 20.87330436 -7.9088006
v -1.10123217 20.70567512 -7.91302537
v -1.1751815 20.88945579 -8.04422283
v -1.16463768 20.72174072 -8.03929328
v -1.19923138 20.90497016 -8.19240093
v -1.20315384 20.74136161 -8.19074535
v -1.20058751 20.91853141 -8.31505489
v -1.20384526 20.75303649 -8.31571388
v -1.19257843 20.93021392 -8.42118644
v -1.20732474 20.76470375 -8.4252119
v -1.14107239 20.9371376 -8.51059627
v -1.15351164 20.77082634 -8.51654911
v -1.05035078 20.93920517 -8.59853267
v -1.07110178 20.7713108 -8.60558414
v -1.00305128 20.9417057 -8.74642181
v -1.00457859 20.77407836 -8.74318599
v -0.90294408 20.94083404 -8.8852911
v -0.8995943 20.77531623 -8.88064479
v -0.83151865 20.93726348 -9.0511198
v -0.83202314 20.77236747 -9.04825115
v -0.76396846 20.93222999 -9.17321682
v -0.772408 20.76935195 -9.17222595
v -0.72365284 20.92561149 -9.26948547
v -0.72932815 20.76493644 -9.26333046
v -0.63531446 20.922863 -9.32782173
v -0.63351297 20.75886154 -9.31902027
v -0.52800416 20.92549324 -9.3946619
v -0.52920103 20.7581768 -9.39750003
v -0.41764736 20.93013191 -9.48379516
v -0.41669082 20.76005172 -9.48719883
v -0.32313537 20.93497657 -9.55593013
v -0.32174396 20.76151466 -9.5572586
v -0.24200677 20.93673896 -9.6122322
v -0.24480009 20.76308441 -9.6125698
v -0.14446544 20.93668556 -9.62279224
v -0.15056324 20.76545524 -9.62432956
v -0.04049634 20.93880462 -9.60523033
v -0.04826021 20.7664833 -9.59757137
v 0.08031606 20.94120597 -9.6369543
v 0.07165765 20.76666832 -9.6286087
v 0.22066927 20.93594551 -9.70286083
v 0.21430444 20.76148223 -9.67457389
v 0.37244796 20.92853927 -9.71386718
v 0.36512851 20.75038337 -9.69878578
v 0.52815103 20.91875076 -9.68986606
v 0.51918745 20.74020576 -9.67395019
v 0.69374179 20.89834022 -9.64801502
v 0.67709732 20.72478675 -9.62961196
v 0.84558868 20.87892913 -9.56165218
v 0.8274393 20.71011543 -9.54481983
v 0.99176788 20.8638134 -9.48111438
v 0.97624683 20.69609642 -9.46617603
v 1.15163373 20.84603118 -9.42126083
v 1.13462591 20.680624 -9.40243625
v 1.2888019 20.83650207 -9.31018066
v 1.2730596 20.67409133 -9.29126071
v 1.40538406 20.83418655 -9.17444515
v 1.39205074 20.67153358 -9.1567831
v 1.52642321 20.83074569 -9.04596519
v 1.51282477 20.66688728 -9.02756595
v 1.62906122 20.82709693 -8.91259765
v 1.6170659 20.66275596 -8.89460372
v 1.70729899 20.82174682 -8.7926836
v 1.70454096 20.658432 -8.77661609
v 1.80687594 20.81189346 -8.71256923
v 1.79804015 20.6515007 -8.68745899
v 1.87250566 20.80906295 -8.60418605
v 1.85979604 20.65522766 -8.57146358
v 1.9457736 20.81325721 -8.48788738
v 1.93618345 20.65693283 -8.45447349
v 1.99347806 20.82377433 -8.34753036
v 1.98626065 20.66135406 -8.31906604
v 1.97765851 20.5039215 -8.30476474
v 2.0046494 20.66974639 -8.17269992
v 1.99687409 20.50563049 -8.16243171
v 2.02848649 20.67211723 -8.03737735
v 2.01722645 20.50272178 -8.02094173
v 1.99632096 20.67118263 -7.90735292
v 1.98846936 20.49666023 -7.88487482
v 1.98044991 20.6639862 -7.76284837
v 1.99078488 20.84288024 -7.94610595
v 1.9794991 20.83813476 -7.79518365
v 1.89185667 20.82099151 -7.639081
v 1.88988447 20.64533233 -7.62170648
v 1.84025454 20.80213165 -7.4906907
v 1.88088083 20.98639869 -7.66201829
v 1.84161353 20.9742012 -7.50826692
v 1.78935313 20.96591949 -7.38846015
v 1.78634429 20.79243278 -7.37318706
v 1.6877067 20.96108818 -7.30032682
v 1.78762602 21.13286209 -7.4038949
v 1.68359255 21.12709617 -7.30981254
v 1.57560324 21.12450599 -7.21954917
v 1.57177424 20.95897674 -7.21555852
v 1.48980784 21.12530708 -7.11305236
v 1.4859035 20.95983123 -7.1032567
v 1.35275912 21.12662506 -7.04871559
v 1.34883952 20.96094512 -7.04045343
v 1.22401762 21.12905883 -6.95274066
v 1.22203207 20.96422004 -6.94336271
v 1.09909772 21.13184166 -6.85711431
v 1.09808015 20.9680252 -6.84381675
v 0.99846649 21.13398742 -6.77853298
v 0.98696994 20.96899986 -6.7661519
v 0.88435745 21.13683509 -6.74772787
v 0.87229251 20.96863555 -6.73558378
v 0.77234649 21.1359539 -6.74633836
v 0.76647758 20.96786499 -6.73262739
v 0.67590427 21.13623237 -6.67334842
v 0.67733097 20.9677124 -6.66567277
v 0.55469942 21.13246727 -6.59734201
v 0.56103563 20.96272277 -6.59628629
v 0.41295766 21.1297245 -6.54211092
v 0.41676187 20.95604515 -6.54579925
v 0.26090431 21.12917518 -6.55451154
v 0.26176166 20.95348548 -6.54948854
v 0.11813974 21.13235092 -6.55793237
v 0.11317682 20.95446205 -6.55979108
v -0.00853967 21.13889122 -6.59083795
v -0.02059125 20.96024322 -6.6012845
v -0.12764167 21.14831733 -6.65061283
v -0.15186977 20.96988487 -6.65480375
v -0.26582193 21.16039466 -6.70582294
v -0.28776025 20.98275184 -6.71913194
v -0.38403654 21.17090606 -6.79508066
v -0.40859413 20.99568939 -6.80028581
v -0.46955061 21.17855644 -6.83714532
v -0.48629808 21.00343322 -6.84444332
v -0.53940725 21.18474197 -6.86082696
v -0.55372476 21.00881004 -6.87057828
v -0.59954309 21.19084358 -6.90123844
v -0.61184072 21.01559639 -6.91131019
v -0.62744474 21.19541168 -6.96791935
v -0.64228296 21.02076339 -6.97540664
v -0.65010309 21.19665336 -7.05752515
v -0.66481924 21.02329444 -7.05789136
v -0.72793388 21.19817352 -7.1492114
v -0.73072099 21.02563667 -7.14993333
v -0.82196807 21.19864082 -7.25118827
v -0.82230234 21.0266571 -7.24774551
v -0.90372371 21.19721412 -7.3802433
v -0.90402412 21.0253582 -7.37795305
v -0.98072004 21.19714164 -7.50898981
v -0.97812748 21.02319526 -7.51232719
v -1.01661634 21.20098114 -7.64891672
v -1.01055479 21.02736854 -7.65317153
v -1.06530821 21.20727157 -7.78510808
v -1.06000769 21.034132 -7.78397512
v -1.11873066 21.21450233 -7.92013359
v -1.12484467 21.0432167 -7.90938806
v -1.18634378 21.22072601 -8.05139637
v -1.176108 21.05561065 -8.04873848
v -1.21112847 21.23021316 -8.19193553
v -1.20352768 21.06778335 -8.19201564
v -1.20870804 21.24788284 -8.3089838
v -1.20496821 21.08166503 -8.31342124
v -1.19036972 21.26390075 -8.40954971
v -1.18986094 21.09499931 -8.41356945
v -1.12330687 21.27095985 -8.49036598
v -1.13296473 21.10382652 -8.50056934
v -1.05432713 21.27597427 -8.59819221
v -1.0466429 21.10797691 -8.59782791
v -1.00212144 21.2781105 -8.74101257
v -1.0042262 21.10956955 -8.74625682
v -0.90693473 21.27388382 -8.87860584
v -0.90426445 21.10704803 -8.88419914
v -0.83798503 21.26671218 -9.04071807
v -0.83199882 21.10069465 -9.04822731
v -0.7708888 21.25811767 -9.16724681
v -0.76280975 21.09393119 -9.17004394
v -0.73680734 21.25098228 -9.27311515
v -0.72714519 21.08794784 -9.27342796
v -0.65410661 21.25141143 -9.33869075
v -0.64547395 21.08660507 -9.3372116
v -0.54743337 21.25760841 -9.38282966
v -0.53785181 21.09241104 -9.39591312
v -0.4278469 21.27162551 -9.47335147
v -0.41979789 21.10232925 -9.48388385
v -0.32378673 21.28681945 -9.54588794
v -0.32200431 21.10918045 -9.55499935
v -0.24020433 21.29375648 -9.59771537
v -0.2434163 21.11319351 -9.61321353
v -0.14067554 21.29343605 -9.60438442
v -0.14457702 21.11451911 -9.61857414
v -0.02523279 21.29245948 -9.61061573
v -0.03524923 21.11444282 -9.61247158
v 0.10905504 21.29053878 -9.66620159
v 0.09080553 21.11602783 -9.65351104
v 0.24368238 21.28318977 -9.73505306
v 0.2253499 21.11060333 -9.72983455
v 0.38953876 21.27375602 -9.71652317
v 0.38074493 21.10530662 -9.71930122
v 0.55485677 21.25932884 -9.70799922
v 0.54178762 21.09313201 -9.70053672
v 0.73707199 21.2404499 -9.65484428
v 0.71357727 21.06935882 -9.65047454
v 0.88979435 21.22541236 -9.57863807
v 0.86566925 21.05010986 -9.56956863
v 1.03343224 21.20904922 -9.50306034
v 1.01118016 21.03328895 -9.49462223
v 1.18376302 21.18839836 -9.44395732
v 1.16657495 21.01490593 -9.433712
v 1.32088542 21.17451477 -9.34094333
v 1.30777239 21.00352668 -9.32957649
v 1.43173885 21.17024612 -9.20835495
v 1.42237377 20.99975967 -9.19487857
v 1.54962134 21.16713142 -9.08079338
v 1.54415106 20.99660491 -9.07108783
v 1.63718271 21.16687202 -8.93712043
v 1.62907934 20.99480247 -8.92416477
v 1.7215116 21.16314888 -8.82592678
v 1.7075994 20.98989677 -8.80595302
v 1.82255244 21.15146446 -8.7606945
v 1.81040072 20.97911453 -8.73193168
v 1.8769164 21.15202522 -8.65679931
v 1.87367677 20.97760772 -8.63180446
v 1.93723917 21.15557098 -8.55083942
v 1.94305658 20.98166275 -8.52433681
v 1.99106621 21.16093254 -8.42442226
v 1.99032712 20.99295806 -8.38978672
v 1.98864197 21.16674614 -8.28947067
v 1.99594235 21.00189209 -8.24755382
v 2.00708413 20.83685684 -8.20522308
v 2.02491402 21.01025009 -8.11760044
v 2.03778576 20.84350967 -8.07458496
v 1.98790478 21.00843238 -7.98143386
v 2.00513005 21.16964912 -8.15186119
v 1.98503232 21.16522789 -7.99990224
v 1.97532391 21.15674209 -7.83349657
v 1.97651791 21.0004692 -7.82105159
v 1.88506937 21.14804649 -7.6824975
v 1.96506333 21.31199836 -7.83903503
v 1.89562559 21.30830764 -7.69343662
v 1.8466897 21.30523109 -7.55014276
v 1.84627294 21.13933754 -7.52823305
v 1.78848528 21.2972126 -7.41981983
v 1.84090971 21.46857833 -7.57096719
v 1.78966879 21.46336937 -7.43016004
v 1.68997263 21.45648384 -7.33219289
v 1.68324923 21.28760147 -7.32054996
v 1.59643244 21.45676803 -7.23708343
v 1.57719874 21.2916336 -7.23243522
v 1.50660109 21.45877265 -7.1223154
v 1.50016474 21.29540634 -7.11901664
v 1.36846518 21.45865058 -7.06049537
v 1.36246371 21.29443931 -7.05433368
v 1.25477099 21.45817375 -6.96786785
v 1.23809886 21.29418945 -6.96124839
v 1.13029623 21.4592514 -6.89227628
v 1.11134958 21.29598808 -6.87526226
v 1.01991677 21.46060371 -6.81153059
v 1.00978779 21.29870605 -6.7978115
v 0.90401935 21.46111297 -6.77423334
v 0.89733314 21.29877471 -6.7647314
v 0.78870677 21.46230506 -6.74334478
v 0.78003883 21.29664802 -6.75491666
v 0.6875658 21.46160507 -6.66738033
v 0.67858314 21.29731941 -6.67060136
v 0.56868505 21.46448135 -6.60711097
v 0.55584955 21.29948043 -6.60068607
v 0.42045831 21.47090339 -6.54879999
v 0.41417551 21.30321693 -6.54453468
v 0.26597309 21.47316551 -6.57180643
v 0.25999546 21.30467605 -6.56052875
v 0.14514112 21.48064994 -6.5710349
v 0.12514829 21.30788993 -6.56500816
v 0.03443098 21.48954772 -6.58325243
v 0.01057481 21.31614303 -6.58486461
v -0.05344438 21.49804115 -6.65069961
v -0.09233665 21.32601547 -6.64722394
v -0.18706893 21.5127716 -6.6982212
v -0.23058748 21.33911895 -6.69628334
v -0.32031345 21.52381134 -6.76618719
v -0.35134697 21.3472805 -6.78641843
v -0.40766811 21.52770423 -6.82510852
v -0.44318246 21.35371017 -6.82774543
v -0.48648214 21.53397941 -6.85235309
v -0.51716089 21.36030197 -6.8524146
v -0.55311727 21.54109764 -6.89720821
v -0.57426977 21.36702537 -6.8990345
v -0.58710146 21.54228782 -6.96980667
v -0.6075015 21.36980819 -6.96344518
v -0.63389539 21.54004478 -7.06914186
v -0.63966417 21.36883163 -7.058815
v -0.73060083 21.53876304 -7.16393899
v -0.72610569 21.36867141 -7.15341711
v -0.82876062 21.53545379 -7.27829027
v -0.82202673 21.3676033 -7.26252698
v -0.91651773 21.53282928 -7.38750934
v -0.90320158 21.36625289 -7.387187
v -0.98295784 21.53486061 -7.50522422
v -0.98152685 21.36741638 -7.50822973
v -1.01449775 21.5413227 -7.64261102
v -1.01890277 21.37248992 -7.64653825
v -1.05612957 21.54894638 -7.78595495
v -1.06016266 21.37934684 -7.78966713
v -1.13448584 21.55770492 -7.91608619
v -1.12931025 21.38652801 -7.92018938
v -1.18473064 21.5662918 -8.05109596
v -1.19572317 21.38938522 -8.05413818
v -1.2104814 21.57774925 -8.17019462
v -1.21004748 21.39897918 -8.18571662
v -1.21379208 21.58973312 -8.27897644
v -1.21025109 21.41432762 -8.29235172
v -1.16612398 21.60147094 -8.37015342
v -1.17653191 21.43134307 -8.38690757
v -1.08612167 21.6108284 -8.45879936
v -1.10386812 21.44128227 -8.47338104
v -1.06097424 21.61672782 -8.59412574
v -1.06098711 21.44569778 -8.59671497
v -1.00400638 21.61393547 -8.72816371
v -0.99773645 21.44626236 -8.731637
v -0.91247701 21.60819625 -8.85754394
v -0.90469551 21.44118309 -8.86899185
v -0.85709619 21.60049247 -9.03173351
v -0.8430438 21.43373298 -9.03690052
v -0.78171825 21.59698867 -9.16312885
v -0.77701425 21.42641258 -9.16688346
v -0.75852584 21.59367942 -9.26763153
v -0.74498415 21.41929435 -9.26888942
v -0.68680334 21.59438324 -9.34221553
v -0.66551733 21.41930389 -9.33505153
v -0.58816099 21.59898185 -9.37167549
v -0.56794023 21.42695808 -9.37285137
v -0.48024225 21.60826301 -9.44108867
v -0.45240259 21.43932914 -9.45649528
v -0.3557353 21.62040901 -9.50697422
v -0.33434677 21.45678329 -9.52630615
v -0.2435069 21.63085174 -9.56727886
v -0.24356889 21.47024536 -9.59218883
v -0.12063407 21.63327598 -9.56632709
v -0.13245391 21.4673748 -9.58560276
v 0.00766134 21.63511657 -9.61078834
v -0.00762891 21.46582222 -9.60772895
v 0.14915704 21.63377952 -9.67861843
v 0.13152551 21.46301841 -9.6697731
v 0.29183578 21.63072204 -9.73500824
v 0.26714992 21.45536804 -9.73493671
v 0.43316602 21.6185112 -9.71989536
v 0.4076333 21.44202804 -9.71991729
v 0.5946207 21.59515953 -9.7062149
v 0.57179021 21.42365074 -9.70620536
v 0.76268672 21.58235168 -9.648139
v 0.75076103 21.41298484 -9.65058708
v 0.90024566 21.57188034 -9.55797767
v 0.90085506 21.40213394 -9.57460594
v 1.052603 21.55476951 -9.4999237
v 1.05020546 21.38365936 -9.50928211
v 1.21649313 21.53852653 -9.46978187
v 1.20579576 21.36236 -9.45962524
v 1.34187197 21.5266056 -9.3590765
v 1.33563303 21.34847068 -9.3529644
v 1.45284342 21.51703834 -9.23508453
v 1.44914507 21.34205246 -9.22805118
v 1.56486105 21.51293945 -9.11694049
v 1.55904269 21.33886337 -9.10052776
v 1.62717485 21.51281738 -8.97288799
v 1.64622163 21.339365 -8.95946693
v 1.72857546 21.51520919 -8.8551464
v 1.73881602 21.33886528 -8.84432888
v 1.85152196 21.51880264 -8.77704334
v 1.84295225 21.33415031 -8.7730875
v 1.90790414 21.52165985 -8.65941715
v 1.89639806 21.33352851 -8.66625785
v 1.95474457 21.52031135 -8.54752063
v 1.93991708 21.3354206 -8.55225658
v 2.01055836 21.51294136 -8.44784927
v 1.99638581 21.33277511 -8.44467163
v 2.00396657 21.50126838 -8.33169937
v 1.9876492 21.3320198 -8.32386493
v 2.01020264 21.48265075 -8.19034576
v 1.99911141 21.32619285 -8.1829586
v 1.9964621 21.46948623 -8.01229858
v 1.98998379 21.31846046 -8.00958061
v 1.96418499 21.46841621 -7.84278726
v 2.00555348 21.62216377 -7.99375915
v 1.96283936 21.62288284 -7.84188747
v 1.91182279 21.62589836 -7.71704959
v 1.90395021 21.46906471 -7.70388698
v 1.84014582 21.62801933 -7.59435606
v 1.9303193 21.78420639 -7.7179656
v 1.85395193 21.78883361 -7.60545015
v 1.79895281 21.78990173 -7.45955371
v 1.78768611 21.62797546 -7.44553804
v 1.69116187 21.7923336 -7.35678243
v 1.69058299 21.62583351 -7.34410285
v 1.6066873 21.79140663 -7.24477911
v 1.60272288 21.62469101 -7.23885345
v 1.5134561 21.78900528 -7.1402769
v 1.5102756 21.62499237 -7.1270976
v 1.38556289 21.7858448 -7.0683937
v 1.37239456 21.62310981 -7.06402683
v 1.28995871 21.78310203 -6.96737146
v 1.27120566 21.62044334 -6.9703989
v 1.16425848 21.78394126 -6.90501928
v 1.15088701 21.62112045 -6.90087795
v 1.04528737 21.78516197 -6.81937789
v 1.03203702 21.62277793 -6.81900739
v 0.91383075 21.78918647 -6.77039337
v 0.90699577 21.62484169 -6.77675724
v 0.79608631 21.79241561 -6.73649358
v 0.78925895 21.62687873 -6.73988866
v 0.69814586 21.79271125 -6.67014741
v 0.6969099 21.62751007 -6.66174697
v 0.58520031 21.79259872 -6.61520004
v 0.58048534 21.62963295 -6.6159234
v 0.44607591 21.79101371 -6.56452369
v 0.43478059 21.6321907 -6.55870389
v 0.30630683 21.79422187 -6.57346105
v 0.28511428 21.63427543 -6.57889604
v 0.20217466 21.80316162 -6.5803523
v 0.17173528 21.64217948 -6.58262729
v 0.10563516 21.81515693 -6.58960866
v 0.06520986 21.65566635 -6.58786296
v 0.02691984 21.82651519 -6.64897203
v -0.0181241 21.66483116 -6.65189361
v -0.07522869 21.84137153 -6.70729732
v -0.13294887 21.67953109 -6.70471572
v -0.2127695 21.86090087 -6.7409172
v -0.27530622 21.69682693 -6.75207281
v -0.32075786 21.87063217 -6.82211875
v -0.36862325 21.70114517 -6.82757854
v -0.41794586 21.87627983 -6.87099123
v -0.45149374 21.70671081 -6.86275816
v -0.50807046 21.88111496 -6.91623115
v -0.52896833 21.71450233 -6.90574693
v -0.55824136 21.88092422 -7.00506639
v -0.56919241 21.71296119 -6.9899888
v -0.64851522 21.88249015 -7.09838676
v -0.63542604 21.71208381 -7.0857625
v -0.76453685 21.88158989 -7.20838069
v -0.74375057 21.71069526 -7.17841291
v -0.85562467 21.87694549 -7.32598638
v -0.84112072 21.7069664 -7.30059909
v -0.92994356 21.87054252 -7.41463756
v -0.92703104 21.70228576 -7.39835977
v -0.99084472 21.86855697 -7.50648737
v -0.99022483 21.70029068 -7.50399208
v -0.99898624 21.87683105 -7.62512064
v -1.00674104 21.70665741 -7.63451194
v -1.04754364 21.89131736 -7.75392389
v -1.05382359 21.71783828 -7.77134323
v -1.12112486 21.90798759 -7.90004062
v -1.12856018 21.73163032 -7.90937233
v -1.17163384 21.92241096 -8.03634643
v -1.17489492 21.74497032 -8.04288673
v -1.20023465 21.93140983 -8.14786338
v -1.2048428 21.75575447 -8.15895938
v -1.20276331 21.94028472 -8.25177002
v -1.20913815 21.7662239 -8.2677288
v -1.14410698 21.94613075 -8.34401702
v -1.15581286 21.77589607 -8.36012458
v -1.07217419 21.9559021 -8.45128822
v -1.07218611 21.78437423 -8.45846366
v -1.0605036 21.96329879 -8.59108924
v -1.05811512 21.78931808 -8.59751319
v -1.02544975 21.95594406 -8.72833633
v -1.01426982 21.78292655 -8.72786426
v -0.94088029 21.94675827 -8.84226036
v -0.92212677 21.77544403 -8.84723568
v -0.88654947 21.94301414 -8.99633121
v -0.87494421 21.76867294 -9.01651763
v -0.80654716 21.94336891 -9.12943649
v -0.79666423 21.76932907 -9.15057182
v -0.7690587 21.94693946 -9.23995971
v -0.76841259 21.770298 -9.25755596
v -0.70667123 21.94907188 -9.33164882
v -0.70113134 21.77156639 -9.33850765
v -0.60000562 21.94350051 -9.35494327
v -0.60073614 21.77189827 -9.36077022
v -0.4932723 21.94148254 -9.41546821
v -0.49547624 21.77490234 -9.42585182
v -0.37429571 21.94821929 -9.4939804
v -0.36855459 21.78414726 -9.49908256
v -0.24605703 21.95880889 -9.54383659
v -0.24448251 21.79356765 -9.55979728
v -0.11389923 21.96412277 -9.54384994
v -0.11779117 21.79786109 -9.55381965
v 0.02203226 21.97068786 -9.60485553
v 0.01773309 21.80124092 -9.60623645
v 0.15570783 21.97586631 -9.68711948
v 0.15549421 21.80511665 -9.68870258
v 0.30600738 21.98060798 -9.71041393
v 0.30174732 21.80806732 -9.72384834
v 0.47129869 21.97179603 -9.69874572
v 0.45512914 21.79643821 -9.7120428
v 0.65452194 21.94703483 -9.710289
v 0.62494278 21.76950836 -9.7217884
v 0.82264709 21.92436027 -9.65110397
v 0.79487896 21.75121498 -9.65841674
v 0.91054153 21.90606308 -9.54243278
v 0.90830993 21.73884582 -9.55372428
v 1.02232003 21.90026283 -9.5002861
v 1.04014325 21.72597122 -9.50441455
v 1.18314409 21.89684104 -9.47051143
v 1.20569944 21.71802902 -9.47641372
v 1.32921576 21.88339042 -9.35593891
v 1.33735632 21.70744514 -9.36084365
v 1.44162058 21.86864662 -9.23175811
v 1.44157862 21.69453239 -9.23079776
v 1.54937911 21.86178779 -9.1301527
v 1.55422854 21.6880474 -9.12600994
v 1.60544753 21.86199951 -8.99923896
v 1.61505651 21.68586349 -8.98720836
v 1.70779585 21.86621666 -8.89446735
v 1.71741652 21.69024467 -8.87564563
v 1.82044768 21.87538528 -8.80288887
v 1.83972334 21.69945526 -8.7872076
v 1.88821649 21.8860588 -8.67039299
v 1.90521383 21.70833015 -8.66409683
v 1.95676446 21.88647842 -8.53817081
v 1.95745396 21.70775222 -8.54162788
v 2.00135922 21.87286758 -8.40637207
v 2.00918793 21.69774627 -8.43297004
v 2.02977967 21.84527587 -8.27845096
v 2.01865029 21.67384529 -8.31627464
v 2.04416203 21.80485534 -8.13232517
v 2.02401661 21.64216232 -8.1712017
v 2.02442574 21.77706909 -7.96727657
v 2.06238269 21.97501564 -8.0931015
v 2.04191041 21.94844436 -7.95088529
v 2.01108002 21.94306182 -7.82904195
v 1.98016762 21.77934074 -7.83594179
v 1.94320821 21.95030593 -7.7169671
v 2.02977299 22.13065338 -7.80948066
v 1.94958829 22.11841774 -7.69740629
v 1.86670446 22.11520004 -7.58656692
v 1.86132097 21.95396614 -7.60666799
v 1.81694865 22.11123848 -7.44047069
v 1.81038355 21.95241546 -7.45853281
v 1.69311404 22.11214256 -7.34134388
v 1.69295764 21.95316314 -7.35464906
v 1.62388753 22.10687637 -7.22714901
v 1.6159892 21.95000839 -7.24083375
v 1.53504538 22.1041851 -7.14541101
v 1.52314066 21.94833374 -7.15232801
v 1.4090538 22.10608291 -7.07796192
v 1.39778041 21.94715309 -7.07907724
v 1.30873942 22.10312652 -6.96347045
v 1.29956889 21.94531631 -6.96988916
v 1.18149137 22.1084938 -6.8958354
v 1.17279481 21.94616699 -6.90415906
v 1.06986546 22.1093235 -6.80085563
v 1.05895066 21.94734573 -6.81201458
v 0.93854427 22.11411476 -6.74692773
v 0.92598915 21.95247268 -6.76418685
v 0.81017303 22.12021255 -6.70950746
v 0.80245304 21.95679855 -6.72406244
v 0.69612693 22.1218605 -6.6482954
v 0.69317913 21.95754814 -6.66620492
v 0.59111118 22.11907577 -6.57849741
v 0.58694648 21.95570564 -6.60122108
v 0.47127199 22.11715126 -6.53898954
v 0.457623 21.95234489 -6.55490207
v 0.35590648 22.12154197 -6.53988981
v 0.33166408 21.95519256 -6.55942821
v 0.25893497 22.12643623 -6.54246568
v 0.2317729 21.96314048 -6.56820631
v 0.17398786 22.13357353 -6.54924202
v 0.13947629 21.97319603 -6.57169199
v 0.10491895 22.14907836 -6.60352563
v 0.0709443 21.98783111 -6.63125944
v 0.0198884 22.16554641 -6.66866254
v -0.02030515 22.00441169 -6.69461202
v -0.11880302 22.17995262 -6.71047353
v -0.15710067 22.02005767 -6.72735881
v -0.25041341 22.19194793 -6.7891941
v -0.28157186 22.03172874 -6.80841827
v -0.36719656 22.20000648 -6.85692167
v -0.39158392 22.03942108 -6.86729431
v -0.47094488 22.20568466 -6.91093349
v -0.48567819 22.04492378 -6.92158079
v -0.55160951 22.21001243 -7.00429201
v -0.55413866 22.04716873 -7.00905609
v -0.66579008 22.21375465 -7.11730814
v -0.65855646 22.04946136 -7.11438894
v -0.7757411 22.21845054 -7.25468683
v -0.77713108 22.04966926 -7.24123716
v -0.87663602 22.21936416 -7.34364795
v -0.86492204 22.04593658 -7.34567117
v -0.95827913 22.21762466 -7.40052604
v -0.94276237 22.03953743 -7.41359663
v -1.00163745 22.21874618 -7.477108
v -1.00020504 22.03896331 -7.4924674
v -0.99787282 22.2269001 -7.58061552
v -0.99910163 22.05199241 -7.60288286
v -1.03286647 22.24171829 -7.71340942
v -1.04340326 22.06711387 -7.73142004
v -1.09528076 22.25723075 -7.87495422
v -1.11011564 22.08449935 -7.8869667
v -1.15203106 22.2694168 -8.0147953
v -1.16707146 22.09872627 -8.02758693
v -1.18544638 22.27907753 -8.12080192
v -1.19598686 22.10780906 -8.13536071
v -1.18724215 22.28913497 -8.22463035
v -1.19853329 22.11425399 -8.24048996
v -1.12931549 22.29505157 -8.31062984
v -1.13527166 22.11667442 -8.32898521
v -1.07410538 22.30428504 -8.41275501
v -1.07173645 22.12486648 -8.4304161
v -1.07016241 22.31101608 -8.5575447
v -1.06309855 22.13555145 -8.57410335
v -1.04118359 22.30590057 -8.7078762
v -1.02979183 22.13162422 -8.72399234
v -0.97448778 22.29967689 -8.82732009
v -0.95442342 22.12286949 -8.83780002
v -0.89179229 22.29923248 -8.9420557
v -0.88736438 22.12121391 -8.96489906
v -0.813488 22.29755783 -9.07526493
v -0.81103229 22.12109565 -9.10099983
v -0.76788711 22.29470825 -9.20712566
v -0.7654066 22.12238502 -9.21751785
v -0.69576692 22.28829574 -9.30453777
v -0.6979537 22.12005424 -9.31099796
v -0.58168077 22.28055 -9.34725475
v -0.5885787 22.11266136 -9.3533926
v -0.47633791 22.27853965 -9.41557788
v -0.48224401 22.11036682 -9.41641807
v -0.38014936 22.28578186 -9.49535083
v -0.37823057 22.11555671 -9.4972372
v -0.25652837 22.29515457 -9.51690101
v -0.25097322 22.12644004 -9.53581047
v -0.11125564 22.30334091 -9.51846218
v -0.11064434 22.13415527 -9.53316402
v 0.03317594 22.31503486 -9.59295463
v 0.02921629 22.14274025 -9.60285949
v 0.16554307 22.32699775 -9.67927169
v 0.16096162 22.15093231 -9.68398571
v 0.31686115 22.32595062 -9.67695713
v 0.30953407 22.15191078 -9.699234
v 0.48551797 22.31311035 -9.68306446
v 0.47681379 22.14159584 -9.69226455
v 0.65953731 22.28977394 -9.69005107
v 0.65796089 22.12005233 -9.69471168
v 0.81464576 22.26996803 -9.64266967
v 0.82522583 22.09756088 -9.63881015
v 0.91956806 22.25673866 -9.5397644
v 0.91740512 22.08358573 -9.53288841
v 1.0461924 22.24953842 -9.48904705
v 1.02468991 22.07314682 -9.49230289
v 1.19177866 22.24540329 -9.44216537
v 1.1855731 22.06974601 -9.46256542
v 1.3293817 22.23803329 -9.33496856
v 1.33248972 22.06054878 -9.34639167
v 1.45572733 22.2268753 -9.23475265
v 1.45229315 22.04598999 -9.23169803
v 1.56146979 22.21863365 -9.13550758
v 1.56060767 22.03825759 -9.13869381
v 1.60888814 22.21292495 -9.00206279
v 1.60378527 22.038414 -9.0076313
v 1.69947409 22.21077537 -8.89325046
v 1.69826293 22.04110717 -8.89752769
v 1.80051398 22.2115612 -8.79798698
v 1.80524611 22.04663467 -8.80497932
v 1.86905527 22.21177101 -8.66279506
v 1.87638998 22.05134964 -8.67036914
v 1.9450736 22.20940589 -8.51556301
v 1.94733095 22.05114555 -8.52609539
v 1.9837954 22.20030593 -8.36141204
v 1.99534058 22.04097557 -8.38044452
v 2.0517416 22.18825912 -8.21411991
v 2.04387116 22.01760292 -8.24040794
v 2.06109333 22.16583824 -8.05967617
v 2.03514409 22.35452079 -8.19915294
v 2.03228211 22.34443855 -8.04939365
v 2.03491234 22.33450698 -7.90776062
v 2.05212593 22.14863967 -7.92927217
v 2.01424908 22.31365776 -7.77087497
v 2.01772713 22.50216484 -7.89479446
v 1.99329114 22.48557853 -7.74827861
v 1.92039918 22.47050094 -7.63023233
v 1.94072675 22.29505729 -7.66009378
v 1.85764837 22.45869827 -7.51187706
v 1.86956453 22.28450775 -7.54561185
v 1.79580569 22.44934654 -7.39377641
v 1.8088119 22.27643966 -7.41853666
v 1.70707774 22.44071579 -7.29356098
v 1.70354819 22.27309799 -7.31982135
v 1.63852262 22.43012046 -7.18366003
v 1.63338422 22.26501846 -7.20783758
v 1.55456709 22.42210769 -7.08589839
v 1.5444343 22.26037979 -7.11710739
v 1.43130874 22.421875 -7.02653074
v 1.42007637 22.26480102 -7.05610513
v 1.32810378 22.41823387 -6.92176628
v 1.31965136 22.259943 -6.94464826
v 1.19573068 22.42263984 -6.85011196
v 1.19098424 22.26470184 -6.87369298
v 1.07975602 22.4278469 -6.77270841
v 1.07234597 22.26888084 -6.79188966
v 0.96742248 22.43485069 -6.70851802
v 0.95072746 22.2747097 -6.7317686
v 0.84828662 22.44820022 -6.68715953
v 0.82518672 22.28285408 -6.6977911
v 0.74162578 22.45184326 -6.61493921
v 0.71179294 22.28518867 -6.63306999
v 0.63103485 22.45449256 -6.54651117
v 0.60507392 22.28584861 -6.56333828
v 0.5104947 22.45808219 -6.50658321
v 0.48945283 22.28983116 -6.52932071
v 0.39452028 22.4628601 -6.49820375
v 0.37634182 22.29358291 -6.51753759
v 0.29608154 22.46601676 -6.48377752
v 0.28033924 22.29634285 -6.51033163
v 0.20584249 22.46953582 -6.49068975
v 0.19509744 22.30030441 -6.51754903
v 0.12934637 22.47858429 -6.53562402
v 0.12757539 22.3125019 -6.57197475
v 0.04780626 22.49447059 -6.60390949
v 0.04216909 22.32841873 -6.64006662
v -0.07990551 22.50567245 -6.65853405
v -0.09118747 22.34137916 -6.6889615
v -0.21240711 22.51662254 -6.73379993
v -0.22643947 22.35349464 -6.76478338
v -0.34355354 22.52155113 -6.79243278
v -0.35026454 22.36070632 -6.83074188
v -0.45377016 22.52713584 -6.86756897
v -0.45842409 22.36574745 -6.89399337
v -0.55921411 22.534729 -6.96101856
v -0.55388879 22.37095069 -6.98703908
v -0.67888402 22.54195213 -7.06517124
v -0.67375421 22.37582969 -7.09480428
v -0.79267311 22.55119705 -7.18137979
v -0.78357362 22.3847084 -7.22871494
v -0.86867189 22.56456375 -7.29580545
v -0.87188863 22.39358902 -7.33623552
v -0.93455028 22.57366561 -7.3659172
v -0.95067405 22.40093803 -7.38955688
v -0.9909954 22.58136367 -7.44948196
v -1.00300884 22.40297889 -7.46713733
v -0.98930263 22.58316612 -7.55644369
v -0.99946212 22.40535354 -7.56806755
v -1.00600528 22.58579635 -7.69175863
v -1.01866722 22.41387367 -7.70083046
v -1.09149897 22.59573936 -7.83712911
v -1.09129917 22.42716026 -7.85554456
v -1.13760912 22.61015701 -7.96961927
v -1.14801371 22.43812179 -7.99045324
v -1.17602503 22.6245861 -8.06153392
v -1.1871277 22.44874382 -8.09159755
v -1.16683256 22.63767242 -8.15100956
v -1.18103563 22.46244812 -8.19049167
v -1.10770332 22.64366149 -8.23627281
v -1.12139475 22.47055625 -8.28042507
v -1.07562792 22.65782737 -8.3670597
v -1.07278883 22.48422241 -8.39552021
v -1.07413733 22.66655349 -8.5274744
v -1.07765162 22.49401092 -8.54171562
v -1.04536974 22.66228294 -8.68322086
v -1.04747402 22.48496437 -8.69192409
v -1.00794887 22.65381622 -8.81640243
v -0.99323415 22.47612953 -8.81537723
v -0.90904283 22.64608764 -8.92443275
v -0.90075922 22.47309112 -8.92847347
v -0.82015085 22.6420269 -9.06375789
v -0.81874513 22.47028732 -9.06532859
v -0.75755834 22.63879966 -9.20360279
v -0.76774597 22.46611404 -9.20401477
v -0.69139623 22.63166236 -9.3022747
v -0.70251321 22.45707893 -9.30615234
v -0.59899759 22.61963844 -9.36670017
v -0.58950281 22.44766616 -9.35234069
v -0.49531221 22.61758995 -9.40144157
v -0.48364114 22.44666862 -9.41263008
v -0.39843797 22.62503814 -9.46809482
v -0.3860383 22.45672607 -9.4847927
v -0.26433515 22.62961959 -9.48315239
v -0.25933027 22.46412277 -9.50319957
v -0.1199274 22.63805198 -9.49196434
v -0.11670875 22.47111511 -9.504776
v 0.01607751 22.65371131 -9.57661151
v 0.02579069 22.48491287 -9.58348751
v 0.17030954 22.66313171 -9.64582061
v 0.16997289 22.49729728 -9.65609931
v 0.3401041 22.66565895 -9.65349483
v 0.33265209 22.49881553 -9.66091823
v 0.5194869 22.65971946 -9.66656017
v 0.50656843 22.48574447 -9.67301368
v 0.67956066 22.64395713 -9.69387054
v 0.66982078 22.46601295 -9.69447898
v 0.82146263 22.63157653 -9.65149402
v 0.81486702 22.44603538 -9.64630127
v 0.92656135 22.62195968 -9.55317783
v 0.92249202 22.43376922 -9.54802894
v 1.05975365 22.61136436 -9.49170208
v 1.05543541 22.42914962 -9.49838447
v 1.18873167 22.59839439 -9.40711212
v 1.1893258 22.4212799 -9.4237976
v 1.30981421 22.58472824 -9.30408287
v 1.31526446 22.41121292 -9.31891536
v 1.43651366 22.57235717 -9.21459388
v 1.44251513 22.40194892 -9.22317028
v 1.53728842 22.56125068 -9.10972023
v 1.55023169 22.39464378 -9.12382507
v 1.60294508 22.54944038 -8.98236942
v 1.60504221 22.38250541 -8.98953914
v 1.70510172 22.53990554 -8.88432121
v 1.70344996 22.37632751 -8.88888073
v 1.80421137 22.53245925 -8.78311443
v 1.80137801 22.37278175 -8.78901958
v 1.87391805 22.52663421 -8.64601802
v 1.87278699 22.3698368 -8.65394115
v 1.93865919 22.52286338 -8.49896144
v 1.94572591 22.36689186 -8.5075941
v 1.9749186 22.51866722 -8.34070015
v 1.97816491 22.36039352 -8.34913921
v 2.0237391 22.51531791 -8.19082927
v 1.97720933 22.67025184 -8.33845424
v 2.02359795 22.66951751 -8.1856203
v 2.01593709 22.67000961 -8.03718185
v 2.01404404 22.51093864 -8.04254436
v 2.01522088 22.66199493 -7.88657426
v 2.01800465 22.82025337 -8.04359912
v 2.00744557 22.81218719 -7.88746166
v 1.97447037 22.79898071 -7.73338365
v 1.98258519 22.64947891 -7.73730564
v 1.90656995 22.7919445 -7.59842109
v 1.91063928 22.63949394 -7.60859775
v 1.83581042 22.79207992 -7.47595405
v 1.84780168 22.63075637 -7.48649597
v 1.77733016 22.79307937 -7.35601854
v 1.78335738 22.62360382 -7.37032079
v 1.69284033 22.79233169 -7.25016689
v 1.6990621 22.61541366 -7.27023649
v 1.62945032 22.78109931 -7.14137315
v 1.63584375 22.60351181 -7.16287422
v 1.56324648 22.76164817 -7.04378223
v 1.55656886 22.59160232 -7.07153606
v 1.44789958 22.74625968 -6.97864437
v 1.4414289 22.58372688 -7.00218868
v 1.33648181 22.73501968 -6.88619756
v 1.3345468 22.57701492 -6.90158557
v 1.20487737 22.73902511 -6.81477022
v 1.20075941 22.58023834 -6.82751464
v 1.09621381 22.74816131 -6.7482748
v 1.09031724 22.58755302 -6.75433731
v 0.99561405 22.75897789 -6.69365882
v 0.98747921 22.59826469 -6.6911354
v 0.87765693 22.77152824 -6.68137741
v 0.86808204 22.61053085 -6.67804908
v 0.76937484 22.78520965 -6.61071348
v 0.7639265 22.61973381 -6.6061058
v 0.66084384 22.79426002 -6.53075933
v 0.65330696 22.62213516 -6.52622795
v 0.54926729 22.80172348 -6.47967386
v 0.52886152 22.62478447 -6.48215532
v 0.44084978 22.80882263 -6.47241687
v 0.41580057 22.63235092 -6.47937393
v 0.34078311 22.81333923 -6.45780897
v 0.31723594 22.63760185 -6.46407079
v 0.24412584 22.81807708 -6.46462869
v 0.22382021 22.64552879 -6.473773
v 0.1558566 22.8243885 -6.51713848
v 0.14349889 22.65420532 -6.51981544
v 0.06789255 22.83119201 -6.59394168
v 0.05603265 22.66277122 -6.5896573
v -0.0563693 22.83895683 -6.64229393
v -0.06840419 22.67289161 -6.64381218
v -0.19035244 22.84587478 -6.69901561
v -0.20067787 22.68079567 -6.71187782
v -0.32812881 22.8517456 -6.7378683
v -0.33976554 22.6846733 -6.7545042
v -0.44520711 22.86041069 -6.81521368
v -0.45453882 22.69246482 -6.8355093
v -0.56277895 22.87210083 -6.90310525
v -0.56858682 22.70203018 -6.92714214
v -0.65573453 22.88764381 -7.01888608
v -0.67398309 22.71431541 -7.0386672
v -0.76197433 22.9026184 -7.11703205
v -0.78679466 22.72506904 -7.13944196
v -0.85403299 22.9139328 -7.22053527
v -0.86290311 22.73769569 -7.25447988
v -0.90351057 22.91761016 -7.32367754
v -0.91750955 22.74581909 -7.34055709
v -0.97765302 22.91961097 -7.41133356
v -0.98719072 22.75260353 -7.423141
v -0.99087905 22.9194355 -7.53910112
v -0.98719453 22.75379943 -7.54348754
v -1.00229167 22.91929435 -7.69209957
v -1.00345897 22.75134849 -7.68628692
v -1.07779991 22.93254852 -7.81571149
v -1.08415758 22.76096725 -7.82906341
v -1.13782608 22.95174598 -7.907094
v -1.13782084 22.78118324 -7.94461345
v -1.16669189 22.97349929 -7.99154567
v -1.17660296 22.80010223 -8.03176116
v -1.13116228 22.98511123 -8.07854747
v -1.15757906 22.81651878 -8.11732673
v -1.08551371 22.98894119 -8.17947101
v -1.10248911 22.82064056 -8.20662117
v -1.08668005 23.00332832 -8.32160377
v -1.08074009 22.82874488 -8.34196376
v -1.05926954 23.00657844 -8.49393272
v -1.06568872 22.83336257 -8.51188278
v -1.03606748 23.00295448 -8.65572834
v -1.03697919 22.8325386 -8.6713171
v -1.00172472 22.99882125 -8.79127121
v -1.00564813 22.82850456 -8.80970478
v -0.90673351 22.99418449 -8.9013195
v -0.90820264 22.82153892 -8.91818237
v -0.82223177 22.99079704 -9.04019069
v -0.82088708 22.81595802 -9.05309104
v -0.74917459 22.99010467 -9.17805576
v -0.75192022 22.81243705 -9.1913414
v -0.68041181 22.98888588 -9.27467632
v -0.68294 22.80887985 -9.29183101
v -0.60220384 22.98610878 -9.35329341
v -0.60171747 22.80593681 -9.36378669
v -0.4934678 22.97589683 -9.37545394
v -0.50049734 22.80031013 -9.38685226
v -0.38784551 22.96471023 -9.42662429
v -0.39768171 22.79614257 -9.44400692
v -0.26544332 22.9587059 -9.4501276
v -0.26549959 22.79252815 -9.46135234
v -0.13120937 22.97651863 -9.48577022
v -0.12464714 22.80530738 -9.4854412
v 0.00169038 22.98638534 -9.58541107
v 0.01082563 22.82077598 -9.57259082
v 0.1571803 22.99423599 -9.65499496
v 0.16578817 22.82876205 -9.64411163
v 0.31707572 23.00288963 -9.64069843
v 0.33335018 22.83293151 -9.63880348
v 0.49332284 23.00424766 -9.65491581
v 0.51373052 22.8343296 -9.65601062
v 0.6623764 23.00779151 -9.6696043
v 0.67752933 22.83255004 -9.68053245
v 0.81306076 22.99882316 -9.63063812
v 0.82129287 22.82387352 -9.64950847
v 0.92192459 22.97406196 -9.5195074
v 0.92105293 22.80550384 -9.53959751
v 1.06730771 22.95479583 -9.45648193
v 1.06168103 22.79100036 -9.47705078
v 1.20943212 22.93469429 -9.37848663
v 1.19740343 22.77321434 -9.39491939
v 1.34055495 22.91438674 -9.29166221
v 1.32078337 22.75537109 -9.29597663
v 1.45939612 22.89656829 -9.205904
v 1.44390368 22.73939704 -9.2103281
v 1.5541799 22.88287162 -9.10586547
v 1.54022479 22.72640991 -9.10695171
v 1.61650705 22.87301826 -8.98312377
v 1.60577464 22.71517372 -8.98243141
v 1.70511317 22.86054801 -8.87272548
v 1.70473456 22.70318412 -8.87928676
v 1.81211638 22.84736633 -8.77805423
v 1.80633044 22.69076919 -8.77859211
v 1.86121511 22.83700943 -8.63681411
v 1.86694192 22.68240928 -8.64036464
v 1.91743421 22.82443046 -8.4919548
v 1.92451524 22.67606544 -8.49278545
v 1.97678494 22.81173324 -8.34445476
v 1.91582346 22.95951652 -8.48785686
v 1.97358727 22.94421005 -8.35016918
v 2.00609898 22.9421215 -8.20827388
v 2.01957058 22.81419754 -8.19235038
v 2.0122416 22.94086074 -8.0501213
v 1.99971985 23.02203559 -8.20347404
v 1.99953675 23.0084877 -8.04696369
v 1.98036122 22.99533081 -7.89319515
v 1.9919331 22.92514228 -7.8910098
v 1.95752644 22.99467468 -7.74696397
v 1.96504998 22.91578483 -7.73726415
v 1.90650034 23.00554275 -7.61158418
v 1.90384435 22.92111396 -7.60181808
v 1.83049845 23.02651977 -7.48956871
v 1.82778048 22.93245315 -7.48117208
v 1.78440833 23.04277801 -7.3553276
v 1.77852797 22.94475936 -7.35128068
v 1.69528269 23.04458808 -7.24625444
v 1.69257712 22.94974899 -7.24288988
v 1.62493181 23.04649543 -7.12126731
v 1.62417268 22.94552803 -7.12102413
v 1.55304503 23.04288101 -6.99934053
v 1.55563521 22.92131614 -7.01244545
v 1.45793223 23.02915191 -6.90874958
v 1.45075202 22.89561653 -6.94150877
v 1.35267996 23.02150535 -6.83143329
v 1.34346652 22.88354682 -6.85690832
v 1.23804259 23.02623558 -6.76558351
v 1.21886396 22.89030075 -6.79127979
v 1.12468767 23.03684806 -6.71027088
v 1.10907411 22.90253257 -6.72986841
v 1.02131485 23.05133056 -6.65057897
v 1.00783634 22.91408538 -6.67344713
v 0.90620517 23.0725727 -6.62816619
v 0.89414215 22.93350601 -6.65093898
v 0.80015659 23.08944702 -6.57713413
v 0.78796196 22.94745063 -6.59076547
v 0.69493866 23.10658264 -6.51724767
v 0.68178367 22.96047782 -6.51817703
v 0.58578491 23.12172889 -6.46438217
v 0.56929922 22.97333908 -6.4682846
v 0.46570158 23.13052368 -6.44989061
v 0.45859479 22.98130798 -6.46098947
v 0.35459137 23.13006973 -6.43649387
v 0.3521223 22.98329734 -6.44926166
v 0.24519395 23.12912368 -6.44247245
v 0.25033569 22.98368454 -6.45769357
v 0.14434194 23.12686348 -6.48498678
v 0.1555581 22.98592567 -6.50389576
v 0.05184221 23.13551712 -6.55697441
v 0.06441259 22.99416351 -6.57871627
v -0.06072855 23.14379119 -6.60666894
v -0.05572748 22.99941444 -6.62896537
v -0.17466831 23.15328788 -6.67036533
v -0.18089103 23.00806427 -6.68966674
v -0.29872846 23.16194534 -6.7107377
v -0.3148489 23.01522254 -6.71943235
v -0.41191101 23.17488288 -6.78359937
v -0.43081569 23.02576446 -6.79813575
v -0.52280187 23.1889801 -6.86892557
v -0.54379606 23.03868866 -6.88561964
v -0.62698793 23.20646476 -6.9636712
v -0.63969469 23.05584907 -6.99402189
v -0.70732498 23.22719383 -7.07926368
v -0.72962379 23.07313728 -7.10381269
v -0.80494499 23.24260139 -7.17591428
v -0.82761383 23.08652305 -7.19929027
v -0.87998342 23.25288581 -7.2874546
v -0.89018869 23.09056282 -7.30885458
v -0.96326637 23.25033187 -7.38846731
v -0.96660232 23.0903778 -7.40342044
v -1.00005865 23.25115966 -7.52296876
v -0.98873376 23.0916748 -7.53356504
v -1.0217514 23.26686668 -7.67406272
v -1.00342321 23.09885597 -7.68552637
v -1.08403313 23.27209472 -7.79733943
v -1.07772076 23.1132698 -7.80174017
v -1.12842619 23.28188324 -7.88334083
v -1.1293441 23.12908744 -7.88527011
v -1.14884007 23.2859478 -7.96543693
v -1.14543831 23.13975334 -7.96533298
v -1.11405956 23.29485321 -8.04749298
v -1.10945904 23.14583015 -8.05050468
v -1.08509409 23.30342865 -8.15447044
v -1.07216274 23.15524673 -8.15572929
v -1.08516609 23.30589103 -8.30913257
v -1.08279049 23.16660308 -8.30798149
v -1.05987417 23.30603408 -8.48670005
v -1.05481684 23.17032051 -8.48358631
v -1.0436989 23.30419349 -8.65267658
v -1.03846502 23.16599273 -8.64939785
v -1.00577211 23.30015182 -8.7958517
v -0.99919891 23.15880966 -8.78725338
v -0.92090797 23.30224227 -8.91483402
v -0.90775537 23.15714073 -8.89885425
v -0.82455539 23.30197525 -9.02766609
v -0.82167148 23.15758323 -9.02893257
v -0.74333095 23.2986412 -9.15149116
v -0.74221229 23.15693855 -9.16115951
v -0.66894006 23.29267501 -9.25392246
v -0.67315435 23.15618515 -9.25921344
v -0.58518362 23.28635597 -9.33767223
v -0.59211874 23.15249824 -9.3384571
v -0.47542715 23.27717018 -9.37868785
v -0.47995424 23.14228439 -9.36809063
v -0.37337541 23.26662063 -9.44680213
v -0.37860727 23.13073158 -9.42943191
v -0.26175737 23.25969886 -9.4860754
v -0.26708936 23.12458992 -9.46097946
v -0.15161991 23.24909591 -9.55449485
v -0.14310741 23.12979507 -9.51973342
v -0.02572298 23.24711227 -9.64144802
v -0.01262521 23.12669563 -9.61986923
v 0.13789701 23.25593566 -9.67834663
v 0.13891077 23.1450653 -9.67034244
v 0.31368064 23.24193763 -9.66016101
v 0.30607605 23.1527996 -9.65353393
v 0.4853568 23.22756767 -9.65906715
v 0.47895574 23.14460182 -9.65764141
v 0.65433597 23.22018432 -9.64385986
v 0.65144252 23.14344978 -9.65460777
v 0.81911659 23.20336532 -9.6020708
v 0.81374359 23.13514518 -9.60977459
v 0.94522857 23.18350029 -9.49669647
v 0.9352827 23.11072158 -9.50246524
v 1.09439897 23.16291618 -9.44338607
v 1.08395791 23.09086227 -9.44671344
v 1.2362039 23.14075851 -9.37150478
v 1.22393655 23.06886482 -9.36914444
v 1.36766982 23.12124443 -9.28290939
v 1.35701251 23.04511642 -9.28562259
v 1.49112868 23.10539817 -9.20064449
v 1.47665381 23.02835464 -9.20061397
v 1.58768057 23.09329032 -9.10162353
v 1.57533335 23.01790237 -9.10447692
v 1.64654302 23.08117866 -8.97808742
v 1.63433313 23.01023674 -8.981884
v 1.72536349 23.07015419 -8.86593627
v 1.71593165 22.99740982 -8.8694868
v 1.82924628 23.06526565 -8.76519298
v 1.81901907 22.98259735 -8.76998901
v 1.88476324 23.05713081 -8.62844181
v 1.87203359 22.97162818 -8.63147068
v 1.92640066 23.04254531 -8.48183918
v 1.89372301 23.10869407 -8.62594699
v 1.93629217 23.09727859 -8.47605705
v 1.98666214 23.0827198 -8.33720588
v 1.97900414 23.02619361 -8.34747409
v 1.99723744 23.07198524 -8.1930952
v 1.99304032 23.13406944 -8.32706737
v 1.99470448 23.12018394 -8.18060493
v 1.97785496 23.10364341 -8.03511619
v 1.98793053 23.05831527 -8.04101753
v 1.95832276 23.09875869 -7.89717721
v 1.96967721 23.04954719 -7.89507913
v 1.93922853 23.1058979 -7.76426649
v 1.94982004 23.05414581 -7.75591993
v 1.90487527 23.12269973 -7.63182115
v 1.90663862 23.06861877 -7.62316513
v 1.83845877 23.14133453 -7.50401687
v 1.83500075 23.0884571 -7.49776601
v 1.78862643 23.15377998 -7.36475372
v 1.78717303 23.1019535 -7.36022615
v 1.69727873 23.15255546 -7.25742578
v 1.69671893 23.10143089 -7.25228118
v 1.62240076 23.15302276 -7.14226341
v 1.62383031 23.1041336 -7.13188123
v 1.5607717 23.15858268 -7.01704978
v 1.55700087 23.11061477 -7.00703001
v 1.47393393 23.1632595 -6.91085529
v 1.46695113 23.10834503 -6.90503168
v 1.3647201 23.16672515 -6.83402538
v 1.35853648 23.1067295 -6.82956171
v 1.24989771 23.1729145 -6.76561737
v 1.24525618 23.11206054 -6.76262474
v 1.13846254 23.18315124 -6.70127344
v 1.13378191 23.12400054 -6.70251607
v 1.02830624 23.19591522 -6.64888477
v 1.02641606 23.13705062 -6.64627122
v 0.91146946 23.21018981 -6.62498903
v 0.90956783 23.15192794 -6.62514114
v 0.8092041 23.22649383 -6.57726478
v 0.80536556 23.17007255 -6.57584428
v 0.71060085 23.24356651 -6.52105188
v 0.70373916 23.18880844 -6.51797008
v 0.60577774 23.26493263 -6.47056245
v 0.59597015 23.2096138 -6.46710825
v 0.48955106 23.28905296 -6.44735431
v 0.47689867 23.22998046 -6.44717741
v 0.3734951 23.30251503 -6.42393398
v 0.36240673 23.23786354 -6.42694377
v 0.25413227 23.30876159 -6.42111682
v 0.24598264 23.23923873 -6.4295988
v 0.14102506 23.3133049 -6.45685958
v 0.13728284 23.23970031 -6.4680376
v 0.04085111 23.32115936 -6.51382398
v 0.04326009 23.25032043 -6.5331645
v -0.06449365 23.33132553 -6.57150936
v -0.06430864 23.25975608 -6.58515739
v -0.16986942 23.33836174 -6.63531208
v -0.17340946 23.27162933 -6.64643907
v -0.28018713 23.34531974 -6.69338989
v -0.287889 23.27897262 -6.69954729
v -0.39201116 23.35691452 -6.75107526
v -0.4000864 23.28727722 -6.76496076
v -0.49332571 23.37173461 -6.83572912
v -0.50479269 23.30132484 -6.85142517
v -0.6032195 23.38872528 -6.9183855
v -0.61454343 23.31759262 -6.93802309
v -0.70043373 23.40845108 -7.02275276
v -0.69884634 23.3386631 -7.05181074
v -0.79088449 23.43025207 -7.13447809
v -0.79513597 23.35729599 -7.1544528
v -0.89418363 23.43731117 -7.23732471
v -0.88386058 23.36830329 -7.26009559
v -0.96889066 23.44446373 -7.36171674
v -0.96578121 23.36993789 -7.37264061
v -1.03219223 23.44563484 -7.49984645
v -1.02055978 23.37197494 -7.51002168
v -1.06160175 23.45009231 -7.65225076
v -1.04969799 23.37869453 -7.66069316
v -1.09954464 23.46326637 -7.7845664
v -1.09488833 23.38741302 -7.79357957
v -1.1410166 23.47291755 -7.88678884
v -1.13677704 23.39237594 -7.8855133
v -1.16913044 23.47878837 -7.97966003
v -1.1656562 23.3937664 -7.96756792
v -1.12073481 23.4763298 -8.06174659
v -1.11918413 23.40357208 -8.05272769
v -1.10040581 23.47250938 -8.1802864
v -1.09747898 23.4073162 -8.16540432
v -1.08469641 23.46757125 -8.33424663
v -1.08686029 23.40392875 -8.31860923
v -1.06512796 23.46301269 -8.49594116
v -1.06388342 23.40007591 -8.4916706
v -1.04510176 23.46827125 -8.65455055
v -1.04571163 23.40381622 -8.65431594
v -1.00813579 23.47149276 -8.80539703
v -1.01043319 23.40609359 -8.80327034
v -0.92427015 23.46361351 -8.93191719
v -0.92778968 23.40192985 -8.92843914
v -0.82782363 23.45552825 -9.0406351
v -0.82709026 23.39569282 -9.03499126
v -0.75039482 23.44841575 -9.15755462
v -0.7466793 23.38713073 -9.15317535
v -0.68132638 23.4428749 -9.2710247
v -0.67603921 23.38138771 -9.26111125
v -0.59162569 23.43389511 -9.3569498
v -0.58995008 23.37224197 -9.34833145
v -0.47123289 23.42049217 -9.3948946
v -0.47436952 23.35838699 -9.38826656
v -0.36686182 23.40390014 -9.46185588
v -0.37132597 23.3448944 -9.45562458
v -0.25057268 23.39418983 -9.51086425
v -0.25615453 23.33728027 -9.50089263
v -0.14483261 23.38529777 -9.59197807
v -0.14980125 23.32482719 -9.57792091
v -0.01122999 23.37726211 -9.65382289
v -0.02206754 23.32558441 -9.6507759
v 0.159204 23.36147689 -9.68081855
v 0.14787054 23.31622505 -9.67963028
v 0.33351516 23.34490013 -9.66926479
v 0.32482338 23.29644393 -9.66457843
v 0.50416135 23.33291816 -9.66541385
v 0.49572897 23.28360176 -9.66018867
v 0.67246437 23.31931114 -9.64656162
v 0.66370964 23.27473831 -9.6421318
v 0.83719539 23.2959938 -9.59685802
v 0.82944488 23.25185585 -9.59701442
v 0.96801281 23.27724075 -9.50239086
v 0.95556449 23.23218154 -9.49803066
v 1.11087656 23.25741577 -9.44512081
v 1.10224008 23.21221923 -9.44331455
v 1.25558733 23.23841857 -9.37574672
v 1.24608779 23.19207954 -9.3733406
v 1.38513183 23.22185134 -9.28138828
v 1.37661743 23.17433166 -9.28178596
v 1.51212 23.20496559 -9.19812297
v 1.50204062 23.15805053 -9.19961643
v 1.60033774 23.18838882 -9.09012985
v 1.59448885 23.14279365 -9.09651088
v 1.65665006 23.17711257 -8.96536827
v 1.6523242 23.13042259 -8.97203731
v 1.73718905 23.16835022 -8.86106777
v 1.73156046 23.12075042 -8.86309719
v 1.84083819 23.15997695 -8.76111412
v 1.8348186 23.11535644 -8.76255703
v 1.90216302 23.15381813 -8.62395572
v 1.84420442 23.20460319 -8.75766563
v 1.90908384 23.19857978 -8.62093734
v 1.95403218 23.19161796 -8.46730518
v 1.94538736 23.14542579 -8.47125625
v 1.99270558 23.18340492 -8.31746864
v 1.94375753 23.22637176 -8.46045494
v 1.97079587 23.22224235 -8.30937099
v 1.97498059 23.21086311 -8.16145896
v 1.98895192 23.16807365 -8.16874027
v 1.94427919 23.19301033 -8.02818107
v 1.96500611 23.1510601 -8.03030204
v 1.92329931 23.19050025 -7.90157556
v 1.94447946 23.14584732 -7.89871406
v 1.90378046 23.19403076 -7.77922916
v 1.92554426 23.15262413 -7.77258634
v 1.88692808 23.21354103 -7.6480751
v 1.89847898 23.17214012 -7.63940954
v 1.83652472 23.22878265 -7.51600551
v 1.84089732 23.18878364 -7.50953388
v 1.78265929 23.24326515 -7.37796402
v 1.78900599 23.20061492 -7.3691945
v 1.69571185 23.24230003 -7.26512861
v 1.69821524 23.19953918 -7.26065635
v 1.61786508 23.2426052 -7.16024971
v 1.62031316 23.19785118 -7.15114545
v 1.5648067 23.24879074 -7.03869342
v 1.56412291 23.20392417 -7.02726364
v 1.48175692 23.2580204 -6.92847824
v 1.47908186 23.2117424 -6.91916704
v 1.37426853 23.26837348 -6.8424406
v 1.36998534 23.21862602 -6.83843517
v 1.25731253 23.27729797 -6.76935482
v 1.25402426 23.22654151 -6.76782703
v 1.14344263 23.28764343 -6.70485496
v 1.14154863 23.23661232 -6.70236539
v 1.02972149 23.29875755 -6.65370464
v 1.0288403 23.24894523 -6.65171051
v 0.91581535 23.30978202 -6.6251955
v 0.91331386 23.26216507 -6.62545156
v 0.81768703 23.32261848 -6.58165407
v 0.81330108 23.2762947 -6.57933902
v 0.72454452 23.34122467 -6.52837896
v 0.71762085 23.29317665 -6.5238738
v 0.62633323 23.36418342 -6.47710418
v 0.61596679 23.31339645 -6.47316169
v 0.51306772 23.38187217 -6.45106792
v 0.5016818 23.33462333 -6.44726276
v 0.39826726 23.39784622 -6.42640161
v 0.38583374 23.35149765 -6.42301321
v 0.27904224 23.41330146 -6.42053699
v 0.26585865 23.36293029 -6.4177885
v 0.15990972 23.42811775 -6.44418621
v 0.14998579 23.37312126 -6.44852876
v 0.0472598 23.44138526 -6.49284696
v 0.04356527 23.38501358 -6.50134706
v -0.0581479 23.45239067 -6.55594301
v -0.0617423 23.39380836 -6.5625596
v -0.16109085 23.45361518 -6.62023782
v -0.16603851 23.39862632 -6.62649536
v -0.26551294 23.45834541 -6.67847776
v -0.27320051 23.40340042 -6.68594503
v -0.37346792 23.46860504 -6.73385334
v -0.38332128 23.4130783 -6.74166107
v -0.47447538 23.48427391 -6.80732727
v -0.48360967 23.43009376 -6.82085943
v -0.58107423 23.50455665 -6.88967227
v -0.59220647 23.44983291 -6.90276622
v -0.69554662 23.52501297 -6.97796773
v -0.70054769 23.46874809 -6.99731159
v -0.78758001 23.54128837 -7.09764766
v -0.78942012 23.48848342 -7.11466836
v -0.89553165 23.54996299 -7.20542383
v -0.89615297 23.49451065 -7.21922826
v -0.97857141 23.55448532 -7.337399
v -0.97455024 23.50102043 -7.34845352
v -1.03600692 23.55849456 -7.48315763
v -1.03644371 23.50387764 -7.49100303
v -1.0700804 23.56818008 -7.63236761
v -1.06809818 23.5117588 -7.64169025
v -1.09955418 23.57960319 -7.76402616
v -1.10052645 23.52433967 -7.77372837
v -1.13708508 23.59275054 -7.87334108
v -1.14041197 23.53730964 -7.88135194
v -1.15822088 23.59875488 -7.98173809
v -1.16184246 23.54188728 -7.98132658
v -1.11050045 23.58615493 -8.08656215
v -1.11640369 23.53503608 -8.0753088
v -1.09733927 23.58185005 -8.21551322
v -1.09920322 23.52903366 -8.19805812
v -1.07950413 23.57801818 -8.35631752
v -1.08353674 23.52433395 -8.34660625
v -1.06440889 23.58025169 -8.50474262
v -1.06565678 23.52187156 -8.50059318
v -1.0380373 23.58176994 -8.65493202
v -1.04389298 23.52468872 -8.65471267
v -0.99750042 23.58361244 -8.80424213
v -1.00394916 23.52769851 -8.80526828
v -0.90763664 23.57514572 -8.93100643
v -0.91720771 23.52080345 -8.93262291
v -0.82392644 23.56901359 -9.04656696
v -0.82643127 23.51307487 -9.04456615
v -0.74925613 23.55892372 -9.16035556
v -0.75192546 23.5055027 -9.1601839
v -0.67377042 23.55295944 -9.27145671
v -0.68162488 23.49954032 -9.27588558
v -0.5713849 23.53997993 -9.35316371
v -0.58683157 23.48900222 -9.36026859
v -0.45912122 23.52458763 -9.4117918
v -0.46725702 23.47230339 -9.40484714
v -0.34939479 23.508255 -9.46256065
v -0.3605256 23.45752525 -9.46606349
v -0.23982191 23.49596405 -9.51862716
v -0.24607992 23.44697189 -9.51843357
v -0.12783336 23.48753547 -9.59593677
v -0.13997554 23.43843078 -9.60051441
v 0.01284742 23.46903419 -9.65230846
v 0.00083398 23.42430877 -9.65496826
v 0.17794179 23.45247268 -9.67475128
v 0.16894578 23.40873718 -9.68205642
v 0.34832191 23.43525886 -9.67370605
v 0.34117412 23.39369201 -9.67496299
v 0.51436853 23.42105293 -9.66444587
v 0.51052045 23.38146209 -9.67237567
v 0.68501567 23.40385818 -9.64449024
v 0.68188095 23.36475372 -9.65591049
v 0.84796428 23.37526321 -9.58865642
v 0.84509754 23.34018516 -9.59968185
v 0.9899168 23.36054611 -9.50916481
v 0.98296642 23.32400894 -9.51130485
v 1.12399339 23.3352108 -9.43808937
v 1.12163686 23.30180358 -9.44851589
v 1.26220011 23.32128334 -9.36357784
v 1.26509451 23.28398895 -9.37856578
v 1.39301013 23.30664253 -9.27113723
v 1.39273262 23.26821136 -9.28081989
v 1.5078895 23.28547668 -9.17241287
v 1.52089858 23.25144767 -9.19456768
v 1.59399008 23.27188873 -9.06391525
v 1.60494971 23.23568725 -9.08206558
v 1.65904092 23.26422882 -8.94861125
v 1.66145181 23.22392463 -8.958848
v 1.73941493 23.24905777 -8.85163593
v 1.7415874 23.21320343 -8.85830688
v 1.82571005 23.23452377 -8.74220275
v 1.70926833 23.26525306 -8.82158374
v 1.79073119 23.25091934 -8.71694946
v 1.85593366 23.24291229 -8.59226799
v 1.8939414 23.23104095 -8.61106491
v 1.9023385 23.23683357 -8.44769859
v 1.8145864 23.25082588 -8.57134628
v 1.85788106 23.24466323 -8.43465232
v 1.87940549 23.24127388 -8.294981
v 1.92790269 23.2325859 -8.30225086
v 1.88210344 23.24146843 -8.1606369
v 1.93033933 23.23239898 -8.16095352
v 1.86836957 23.24099922 -8.03229141
v 1.91003084 23.22279739 -8.0295
v 1.84780931 23.24172782 -7.91175317
v 1.89024782 23.22265625 -7.90596294
v 1.82834696 23.24485206 -7.79150438
v 1.87053537 23.2259674 -7.78472709
v 1.80335497 23.25209617 -7.67199134
v 1.84688806 23.23859405 -7.66026926
v 1.76501536 23.25709533 -7.54494476
v 1.80482268 23.24698448 -7.52961874
v 1.71363043 23.26561355 -7.41719627
v 1.75017046 23.26061248 -7.39708614
v 1.64426755 23.27408409 -7.30505275
v 1.67578578 23.26781654 -7.28002548
v 1.56939768 23.28309249 -7.19769096
v 1.60333037 23.27242469 -7.17372417
v 1.50645041 23.29104995 -7.08465147
v 1.54298853 23.27960586 -7.05824947
v 1.43432903 23.30120277 -6.98154497
v 1.46921992 23.29493713 -6.94903516
v 1.33832716 23.31485748 -6.8926506
v 1.36742568 23.30727767 -6.85727071
v 1.22890639 23.33055877 -6.81665277
v 1.25372576 23.320755 -6.78028869
v 1.11734819 23.3424015 -6.75377893
v 1.13783884 23.3295784 -6.71816825
v 1.00936818 23.35955238 -6.69845008
v 1.03124165 23.3434143 -6.65712261
v 0.90457439 23.37092781 -6.65695571
v 0.91583252 23.35256958 -6.63014364
v 0.80791664 23.38316917 -6.6179986
v 0.82106494 23.3638134 -6.58573484
v 0.71465301 23.40073967 -6.57691431
v 0.7293539 23.38476562 -6.53722953
v 0.61716747 23.41494178 -6.54265213
v 0.62937641 23.41062164 -6.49727487
v 0.51312685 23.42804527 -6.51709938
v 0.51864767 23.4211235 -6.46961927
v 0.40480756 23.44142723 -6.49990272
v 0.40520525 23.43319892 -6.45116281
v 0.29621124 23.45652389 -6.4949603
v 0.29049587 23.4554882 -6.44321107
v 0.18518972 23.47013092 -6.51338434
v 0.17134237 23.46710395 -6.46121072
v 0.07635259 23.48489952 -6.55220699
v 0.05685567 23.47689247 -6.50638294
v -0.02667856 23.50160598 -6.60241508
v -0.04984712 23.5043869 -6.56168031
v -0.12886619 23.51228332 -6.65332651
v -0.15269947 23.5003643 -6.62055158
v -0.22938299 23.52226638 -6.70559024
v -0.25516367 23.50690078 -6.67577076
v -0.33062076 23.53869056 -6.76015377
v -0.36244058 23.5205307 -6.72586202
v -0.43168497 23.55284309 -6.82594537
v -0.4637227 23.53510856 -6.79717016
v -0.53615045 23.56679916 -6.90617895
v -0.56731271 23.55266189 -6.88275575
v -0.6437478 23.58121109 -6.99949646
v -0.68261385 23.57550811 -6.97110271
v -0.75041818 23.59769821 -7.10206747
v -0.78487968 23.58558845 -7.08287668
v -0.84847164 23.6126995 -7.21752786
v -0.89095735 23.59832572 -7.19478559
v -0.92638683 23.6201744 -7.34656286
v -0.97313165 23.60479736 -7.3322997
v -0.97791385 23.62695503 -7.48693704
v -1.02582788 23.60901451 -7.47836303
v -1.01468801 23.63264274 -7.62614774
v -1.06445419 23.61794281 -7.62231683
v -1.04269182 23.63493347 -7.75214672
v -1.09116995 23.6263504 -7.75215721
v -1.07367289 23.64435958 -7.87018299
v -1.13134396 23.64334297 -7.86127615
v -1.08010494 23.64425659 -7.98673915
v -1.13196194 23.65074157 -7.98142767
v -1.06533825 23.64170074 -8.1079359
v -1.10291254 23.63304519 -8.10148048
v -1.03956461 23.63753318 -8.23217773
v -1.09510195 23.62651825 -8.23168563
v -1.01004695 23.63014793 -8.36104965
v -1.05891811 23.61810112 -8.36221313
v -0.98719644 23.62917709 -8.49788856
v -1.04061234 23.62801933 -8.50428581
v -0.9576044 23.6244812 -8.63498592
v -1.00911569 23.62176513 -8.64834022
v -0.91152572 23.62034416 -8.77104091
v -0.96426534 23.62599372 -8.79264926
v -0.84078455 23.61160278 -8.89161491
v -0.88653469 23.6132183 -8.92085743
v -0.76030349 23.602108 -9.00193405
v -0.80177927 23.60775947 -9.03307628
v -0.68263196 23.59000778 -9.10388088
v -0.72240543 23.59122276 -9.14025783
v -0.60132932 23.57827377 -9.1965456
v -0.63943243 23.5785942 -9.238451
v -0.50920248 23.56658554 -9.27414035
v -0.54303979 23.56691551 -9.31982803
v -0.40566349 23.55267715 -9.33609771
v -0.43484354 23.55372619 -9.38230323
v -0.30077695 23.53796005 -9.38995742
v -0.326972 23.53632736 -9.43331432
v -0.19383144 23.52361869 -9.44877052
v -0.21897983 23.52160263 -9.49115276
v -0.0803585 23.50951385 -9.51167774
v -0.10321807 23.5101509 -9.55833435
v 0.04645872 23.49116325 -9.56016731
v 0.03062105 23.49033165 -9.61248397
v 0.19632768 23.46990394 -9.58174705
v 0.18778944 23.46915054 -9.63225555
v 0.35551452 23.44906616 -9.58358573
v 0.35235786 23.44818878 -9.63230991
v 0.51331949 23.42815399 -9.57840442
v 0.51445055 23.42689704 -9.62501907
v 0.66974544 23.40670585 -9.55647659
v 0.67891407 23.40548133 -9.60505867
v 0.81965446 23.38530921 -9.50526809
v 0.83477211 23.38194465 -9.5495634
v 0.95894146 23.36728858 -9.43206787
v 0.97545814 23.36472702 -9.47197628
v 1.08883333 23.34874343 -9.36117839
v 1.10806322 23.34467315 -9.40162372
v 1.21783018 23.33205986 -9.28871154
v 1.24133849 23.32780075 -9.32777118
v 1.34060359 23.31634521 -9.2023592
v 1.36923289 23.31219101 -9.23932361
v 1.44398474 23.30184555 -9.10388374
v 1.47878241 23.29509162 -9.13993549
v 1.52523493 23.29064369 -9.00351429
v 1.56022429 23.28370094 -9.03479385
v 1.59639811 23.28055191 -8.8954916
v 1.62774801 23.27458763 -8.92206573
v 1.67342066 23.27126503 -8.79168987
v 1.55976653 23.2863655 -8.86403465
v 1.63603258 23.27648162 -8.76337432
v 1.7109096 23.266119 -8.66377353
v 1.75060629 23.25991821 -8.68976211
v 1.77086138 23.25749588 -8.54914665
v 1.66775465 23.27201461 -8.63572311
v 1.72224402 23.2642517 -8.5251789
v 1.76016497 23.25875473 -8.40451145
v 1.81024718 23.25175285 -8.42107868
v 1.78204703 23.25556755 -8.28001213
v 1.82992434 23.24875831 -8.28736114
v 1.78150153 23.25591468 -8.15701961
v 1.83264613 23.24886703 -8.15849494
v 1.76952719 23.25764465 -8.03925132
v 1.82093405 23.25017929 -8.03556346
v 1.75267577 23.25977706 -7.92484712
v 1.80241084 23.25218391 -7.91791677
v 1.73239111 23.26208114 -7.81170463
v 1.78145766 23.25440597 -7.8008852
v 1.7072618 23.26584053 -7.69812727
v 1.75673556 23.25896453 -7.68450832
v 1.67529082 23.27025985 -7.58121585
v 1.72164225 23.26374816 -7.56196212
v 1.62724351 23.27687645 -7.46447563
v 1.66969537 23.27124595 -7.44132041
v 1.56766867 23.28493309 -7.3552761
v 1.6084733 23.27939987 -7.33045482
v 1.50010275 23.29372978 -7.25090503
v 1.53884863 23.28804779 -7.2210226
v 1.43260383 23.30266952 -7.1474266
v 1.47023081 23.29705429 -7.11487245
v 1.36135935 23.31238365 -7.05276966
v 1.39748764 23.30713844 -7.01725149
v 1.2723186 23.32477378 -6.96958446
v 1.30609583 23.31995391 -6.93028163
v 1.1700778 23.33908462 -6.89900302
v 1.2003436 23.33486938 -6.85667705
v 1.06424164 23.35340499 -6.84024906
v 1.09217882 23.34916496 -6.79533672
v 0.95939636 23.36749076 -6.79038429
v 0.98486042 23.36371231 -6.74383211
v 0.85987758 23.38096046 -6.74681282
v 0.88405704 23.37674331 -6.70034837
v 0.76694393 23.39387321 -6.70944213
v 0.78852462 23.38967704 -6.66120338
v 0.67694664 23.4067955 -6.67790603
v 0.69605445 23.40423202 -6.62613487
v 0.58763694 23.41889381 -6.64965057
v 0.60308742 23.41703987 -6.59497404
v 0.49768781 23.4307518 -6.62744522
v 0.50597143 23.42965316 -6.56976032
v 0.40466547 23.44294548 -6.61514902
v 0.40391111 23.44285583 -6.55455207
v 0.30946159 23.45540809 -6.61455059
v 0.30263614 23.45614433 -6.55307245
v 0.21251344 23.46817016 -6.63204574
v 0.19841337 23.46975326 -6.5705204
v 0.11741209 23.48111915 -6.66228961
v 0.09671926 23.48372459 -6.60571527
v 0.02551412 23.49357223 -6.70277977
v -0.00143003 23.49746322 -6.65107059
v -0.06730938 23.50562286 -6.74768495
v -0.0985136 23.50941848 -6.69997978
v -0.16042423 23.51745986 -6.79623651
v -0.19508838 23.52090454 -6.75104427
v -0.25536298 23.53030586 -6.85047769
v -0.29280138 23.5344448 -6.80657386
v -0.35283708 23.54415702 -6.91248178
v -0.39228677 23.54899025 -6.86992216
v -0.45288705 23.55836105 -6.98543262
v -0.49516248 23.56361198 -6.94556331
v -0.55383443 23.57212257 -7.07089042
v -0.59992742 23.57772064 -7.03454256
v -0.65389013 23.58588028 -7.16715478
v -0.70298337 23.59215927 -7.13462591
v -0.74361324 23.5989952 -7.27207231
v -0.79635763 23.60630226 -7.24544048
v -0.81404066 23.60803604 -7.38793039
v -0.87011337 23.61507606 -7.36640644
v -0.86366224 23.61446189 -7.51386261
v -0.92096328 23.62163734 -7.49933862
v -0.89806175 23.61941528 -7.64417266
v -0.95620632 23.62674713 -7.63436031
v -0.92894935 23.62427711 -7.76760053
v -0.98753452 23.63197326 -7.75957155
v -0.95114469 23.62732124 -7.88256168
v -1.01342535 23.63599205 -7.87773513
v -0.95772171 23.62801361 -7.99454689
v -1.01846313 23.6362133 -7.9907484
v -0.94556427 23.6261177 -8.1094551
v -1.00683355 23.63430213 -8.10787868
v -0.9203391 23.62246131 -8.22880268
v -0.98122215 23.63049697 -8.23020172
v -0.89454746 23.61867141 -8.35361671
v -0.95400524 23.62605094 -8.3581171
v -0.86916732 23.61505317 -8.48040485
v -0.92824888 23.62266731 -8.48974323
v -0.83866119 23.61097717 -8.60451889
v -0.90014886 23.61894226 -8.61961746
v -0.79712295 23.60557365 -8.72279453
v -0.8555088 23.61328697 -8.74660968
v -0.73820781 23.59799194 -8.83139228
v -0.79124403 23.6052227 -8.86176395
v -0.66839265 23.58879852 -8.93214321
v -0.71609592 23.59560203 -8.96832084
v -0.59707212 23.57901191 -9.0252943
v -0.64091539 23.58492469 -9.06520462
v -0.52183961 23.56864547 -9.10900974
v -0.56246423 23.57391166 -9.15339565
v -0.43610429 23.55704307 -9.1787424
v -0.47319746 23.56199646 -9.22717857
v -0.3416357 23.54430198 -9.23742294
v -0.37421655 23.54872322 -9.28784561
v -0.24431943 23.53110504 -9.29181957
v -0.27347803 23.53494644 -9.34323787
v -0.14589405 23.51786232 -9.35246086
v -0.17026329 23.52111625 -9.40217781
v -0.03842401 23.5033493 -9.40791034
v -0.05952215 23.506464 -9.4609518
v 0.07924413 23.48700523 -9.45608902
v 0.06277513 23.48930549 -9.50822258
v 0.2138133 23.46834182 -9.48011589
v 0.20500612 23.46929168 -9.53230571
v 0.36043453 23.44871711 -9.4852848
v 0.35829448 23.44895935 -9.53625297
v 0.50748777 23.42906379 -9.48089981
v 0.51075792 23.4287014 -9.53033161
v 0.65192985 23.40917778 -9.45752239
v 0.66086769 23.40795135 -9.5078659
v 0.79083347 23.39006233 -9.40859413
v 0.80653286 23.38767623 -9.45880889
v 0.92139816 23.37253761 -9.34239959
v 0.94081211 23.36986351 -9.38891124
v 1.0471785 23.35529899 -9.27633857
v 1.06816124 23.35222435 -9.3192358
v 1.16640138 23.33948326 -9.20310211
v 1.19218397 23.33584404 -9.24651336
v 1.27973914 23.32455062 -9.12257385
v 1.31003546 23.32049369 -9.16345596
v 1.37586975 23.31163215 -9.03170776
v 1.41144943 23.30673217 -9.06905078
v 1.45436549 23.30092048 -8.93558692
v 1.49002814 23.29595947 -8.96954441
v 1.52248358 23.29160881 -8.8312025
v 1.4111948 23.30676841 -8.89162063
v 1.48183608 23.29717445 -8.79449844
v 1.55439448 23.28738975 -8.69980716
v 1.59668326 23.2817707 -8.73273944
v 1.61778307 23.27868843 -8.60380268
v 1.47451281 23.29804611 -8.63931942
v 1.52537512 23.29105758 -8.5463047
v 1.56852984 23.28506279 -8.45130157
v 1.66535043 23.27197265 -8.49713325
v 1.59940505 23.28072738 -8.35107231
v 1.70149779 23.26680755 -8.38226699
v 1.61685514 23.2782917 -8.25143051
v 1.71965479 23.26421737 -8.2695465
v 1.62343168 23.2773838 -8.15097999
v 1.72425246 23.26369094 -8.15554904
v 1.6199994 23.27788162 -8.04930496
v 1.71558165 23.2649765 -8.04295444
v 1.61095762 23.27910423 -7.94632673
v 1.70086073 23.26692962 -7.93225431
v 1.59613966 23.2810688 -7.84310579
v 1.6806724 23.26947593 -7.82305908
v 1.57423949 23.28402137 -7.7409296
v 1.65381574 23.27318191 -7.71426677
v 1.54396319 23.28812599 -7.63608408
v 1.62477731 23.27715492 -7.60210895
v 1.5053842 23.29334259 -7.53196334
v 1.58084464 23.28312301 -7.49053192
v 1.45903468 23.29959869 -7.42592334
v 1.52311205 23.29093551 -7.38443374
v 1.40407371 23.30698013 -7.32339286
v 1.45999884 23.29932785 -7.28142452
v 1.33843874 23.31580162 -7.22955799
v 1.39361286 23.30817604 -7.18074417
v 1.26407122 23.3258934 -7.14456367
v 1.32097315 23.31804657 -7.09138965
v 1.18108511 23.33726501 -7.06884574
v 1.23597407 23.32978439 -7.00994491
v 1.08881998 23.34995269 -7.00426578
v 1.13784933 23.34339714 -6.9423933
v 0.99080276 23.36333656 -6.95009613
v 1.0335896 23.35757255 -6.8881874
v 0.89119243 23.37689209 -6.90411949
v 0.93004131 23.37158966 -6.84139728
v 0.79411983 23.39016532 -6.86727094
v 0.83170509 23.38504219 -6.80030298
v 0.70469856 23.40243339 -6.83539485
v 0.74066638 23.39767265 -6.76516819
v 0.61927795 23.41405105 -6.81526708
v 0.65391349 23.40965461 -6.73554897
v 0.53862237 23.42488861 -6.80484056
v 0.56964159 23.42104148 -6.70959568
v 0.46533536 23.43467712 -6.80030345
v 0.4888482 23.43177032 -6.69236135
v 0.4795413 23.43263435 -6.92073297
v 0.40123128 23.44312667 -6.91783809
v 0.41043901 23.44186592 -6.99772834
v 0.33545494 23.45193481 -6.97048091
v 0.26300525 23.46164894 -6.9205532
v 0.25364494 23.46292495 -7.0056529
v 0.1750245 23.47345352 -6.9361267
v 0.10435342 23.4828701 -6.8416996
v 0.18623304 23.47190856 -6.82423496
v 0.05682706 23.48925399 -6.75992822
v 0.14441919 23.47747421 -6.72855949
v 0.01872682 23.49434089 -6.86894035
v -0.03283166 23.50112915 -6.79819202
v -0.07043743 23.50625228 -6.90714502
v -0.12281894 23.51295661 -6.84386205
v -0.16076088 23.51842308 -6.95485019
v -0.21526813 23.52544403 -6.89581871
v -0.25410318 23.53124809 -7.01234865
v -0.31045246 23.53869628 -6.95637035
v -0.34834957 23.54429817 -7.07943344
v -0.40677261 23.55218505 -7.02797937
v -0.44051694 23.55697631 -7.15794086
v -0.50377893 23.56546974 -7.10995388
v -0.52867651 23.56913375 -7.24596595
v -0.59930658 23.57865142 -7.20158767
v -0.60828733 23.5801506 -7.34210681
v -0.68779039 23.59116172 -7.29995966
v -0.67291593 23.58893394 -7.44412136
v -0.75697755 23.6003685 -7.40964174
v -0.72034931 23.59534454 -7.55605125
v -0.80573177 23.60682869 -7.52938509
v -0.75454473 23.60008621 -7.67310333
v -0.8373599 23.61131095 -7.65530586
v -0.7794671 23.60364532 -7.78926849
v -0.86613082 23.61557579 -7.77631473
v -0.79232931 23.60542488 -7.89883279
v -0.88474178 23.61814498 -7.88849782
v -0.79295492 23.60545921 -8.00535488
v -0.89001607 23.61875152 -7.99903678
v -0.7833004 23.6040306 -8.11282157
v -0.87918138 23.61711311 -8.11031818
v -0.76659774 23.6016407 -8.22613716
v -0.85483455 23.6136074 -8.22769737
v -0.74099493 23.59806251 -8.34013462
v -0.83098459 23.61019516 -8.34858131
v -0.70813703 23.59355545 -8.45322418
v -0.80254507 23.6062355 -8.4702301
v -0.670403 23.58845138 -8.55844593
v -0.76829814 23.60161972 -8.58545303
v -0.62453603 23.58231353 -8.6536293
v -0.72616767 23.59605979 -8.69361209
v -0.5698142 23.57499694 -8.74011898
v -0.67141962 23.58883857 -8.79340457
v -0.51031255 23.56700134 -8.81913089
v -0.60779619 23.58036232 -8.88717842
v -0.44522714 23.55821037 -8.88990783
v -0.53751611 23.57084274 -8.97052669
v -0.4640603 23.56083297 -9.04759502
v -0.38730096 23.55042839 -9.1171751
v -0.23950624 23.53034591 -9.08005714
v -0.30324125 23.53905487 -9.17870521
v -0.16519641 23.52028656 -9.13806629
v -0.21335029 23.52688598 -9.23399257
v -0.07794952 23.50844574 -9.18915176
v -0.11923027 23.51415252 -9.29468536
v 0.01652669 23.49559402 -9.24132156
v -0.01604318 23.50013351 -9.34626197
v 0.12242078 23.48110771 -9.27744197
v 0.09797525 23.48442268 -9.39061355
v 0.23783731 23.46534919 -9.30332851
v 0.22333192 23.46718597 -9.4168148
v 0.36363792 23.44829368 -9.31366348
v 0.36200141 23.44849586 -9.42625808
v 0.49340677 23.43073463 -9.30930709
v 0.50364446 23.42944717 -9.4219799
v 0.61977672 23.41355133 -9.28902244
v 0.64014244 23.41080665 -9.39526557
v 0.74289703 23.3968029 -9.24952602
v 0.77167129 23.39279556 -9.34728336
v 0.86208248 23.38064956 -9.19593906
v 0.89927387 23.37554359 -9.28743648
v 0.97501564 23.36539268 -9.13018226
v 1.02038312 23.35912895 -9.22167778
v 1.08167958 23.35106849 -9.0606985
v 1.1345992 23.34385871 -9.14864921
v 1.1775794 23.33821678 -8.98651027
v 1.24198794 23.32959747 -9.07184982
v 1.26422762 23.32657051 -8.90819835
v 1.33390307 23.31726074 -8.9869461
v 1.34222102 23.3160305 -8.82222652
v 1.19217062 23.33623886 -8.81759929
v 1.26313376 23.32663726 -8.73866367
v 1.32574629 23.3181343 -8.65330028
v 1.41202545 23.30655098 -8.73276138
v 1.37913513 23.31085205 -8.56707286
v 1.23549914 23.33027648 -8.56468868
v 1.27978014 23.32424163 -8.48466301
v 1.31395506 23.31955909 -8.40491008
v 1.42387294 23.30471801 -8.48120594
v 1.33594775 23.31653595 -8.32747554
v 1.45895361 23.29988098 -8.39565563
v 1.19695615 23.33537483 -8.30285453
v 1.21040105 23.3335247 -8.22364711
v 1.13387441 23.34390068 -8.2166996
v 1.17222166 23.33868217 -8.15583324
v 1.22700643 23.33123588 -8.10534286
v 1.15609979 23.34084892 -8.08730316
v 1.23483729 23.33015251 -8.03519535
v 1.36650919 23.31227111 -7.98665094
v 1.36167407 23.31294822 -8.06429576
v 1.49457526 23.29488563 -7.963768
v 1.50010085 23.29414558 -8.05527687
v 1.3614633 23.31293869 -7.90909671
v 1.48266387 23.29648399 -7.87255907
v 1.35074496 23.3143711 -7.82400846
v 1.46564841 23.29877281 -7.77950859
v 1.33079218 23.31706237 -7.73509597
v 1.44007849 23.3022232 -7.68216896
v 1.30167841 23.32099151 -7.64409446
v 1.4048357 23.30698204 -7.58636665
v 1.26279139 23.32624244 -7.55292129
v 1.36190009 23.31278038 -7.48840045
v 1.21558427 23.33263015 -7.46387052
v 1.30965399 23.31983184 -7.39404249
v 1.15691614 23.34057807 -7.38048791
v 1.2476232 23.32821846 -7.30578374
v 1.08982515 23.34969711 -7.30477237
v 1.17686319 23.33783149 -7.22542095
v 1.01563286 23.3597927 -7.237401
v 1.09902334 23.34845161 -7.15455627
v 0.93445873 23.37085342 -7.17716026
v 1.01357483 23.36012649 -7.09209919
v 0.84760952 23.38268089 -7.12647533
v 0.92228126 23.37258148 -7.03936815
v 0.75754547 23.3949337 -7.08637046
v 0.82862377 23.38534355 -6.99655389
v 0.66716003 23.40720939 -7.05523967
v 0.73507785 23.39809417 -6.96368598
v 0.57831049 23.41923904 -7.03224372
v 0.64524078 23.4102993 -6.93955135
v 0.49200201 23.43088531 -7.01545953
v 0.56156206 23.42161369 -6.92599105
v 0.50449991 23.42915153 -7.11355733
v 0.41778612 23.4408493 -7.08684158
v 0.33503627 23.45199203 -7.05384826
v 0.34112072 23.45117187 -7.14451503
v 0.25360107 23.46295738 -7.09646272
v 0.16865778 23.47436332 -7.03442907
v 0.1700387 23.4742279 -7.13441371
v 0.08306169 23.48589134 -7.0656948
v 0.00371503 23.49646949 -6.98956871
v 0.09021234 23.4848442 -6.95801925
v -0.00355672 23.49759101 -7.1055026
v -0.08502674 23.50844955 -7.03183269
v -0.09020519 23.50935554 -7.15586233
v -0.17556858 23.5207901 -7.08568477
v -0.17439746 23.52083778 -7.2154622
v -0.26499986 23.53305244 -7.14883327
v -0.25604391 23.53201293 -7.2837758
v -0.35288667 23.54512405 -7.2217617
v -0.33198261 23.54241943 -7.36051273
v -0.43461275 23.55635261 -7.30315065
v -0.39890909 23.55158996 -7.44453001
v -0.50575113 23.56612205 -7.39369106
v -0.45512056 23.55928802 -7.53394889
v -0.56493902 23.57422828 -7.48920393
v -0.50133848 23.56561279 -7.62938594
v -0.61261606 23.58073806 -7.59136009
v -0.53353643 23.57002449 -7.72819328
v -0.6476655 23.58556556 -7.69962215
v -0.55444479 23.57290077 -7.82938003
v -0.67036962 23.5887165 -7.80750274
v -0.56448316 23.57427787 -7.92964124
v -0.68281316 23.59042358 -7.91214704
v -0.56462907 23.57428932 -8.02822494
v -0.68367338 23.59051322 -8.01493835
v -0.55658388 23.5731678 -8.12704467
v -0.6748166 23.58924865 -8.11916542
v -0.53879594 23.57072448 -8.22687244
v -0.65816164 23.58692741 -8.22567653
v -0.51252317 23.56713867 -8.32429027
v -0.6340518 23.58359527 -8.33142852
v -0.47594976 23.56218147 -8.41553688
v -0.59970903 23.57892036 -8.43384552
v -0.42929172 23.55586814 -8.4996252
v -0.55838441 23.57333183 -8.52826404
v -0.37468767 23.54849052 -8.5726509
v -0.50899171 23.56667709 -8.61146545
v -0.30934524 23.53965568 -8.63710308
v -0.45398759 23.55927085 -8.68598079
v -0.23669862 23.52982521 -8.6989603
v -0.3934617 23.55110549 -8.74785041
v -0.18107128 23.52226257 -8.63087654
v -0.14109611 23.51685714 -8.70605564
v -0.12891864 23.51523017 -8.798707
v -0.06658887 23.50675582 -8.73740768
v -0.06926441 23.50714683 -8.8562088
v -0.11084365 23.51283645 -9.00998687
v -0.1720705 23.52113533 -8.95448875
v -0.00481557 23.49840354 -8.91742801
v -0.03770971 23.50291252 -9.06354522
v 0.07098722 23.4881134 -8.97022151
v 0.04767274 23.49130821 -9.11168003
v 0.15726518 23.47638702 -9.01141929
v 0.14315271 23.478302 -9.1494522
v 0.25286483 23.46339798 -9.03723526
v 0.24851703 23.46396064 -9.17518234
v 0.35626602 23.44935035 -9.05043983
v 0.36211299 23.44853401 -9.18635368
v 0.46245908 23.43494033 -9.05153083
v 0.47874021 23.43271446 -9.18154525
v 0.56933355 23.42044448 -9.0356388
v 0.59565353 23.41684722 -9.16562461
v 0.6746664 23.40615844 -9.00757598
v 0.709836 23.40134811 -9.13142204
v 0.77697277 23.39230155 -8.96744155
v 0.81996154 23.38642692 -9.08507156
v 0.87343883 23.37924957 -8.91609668
v 0.92550754 23.37216377 -9.02759933
v 0.96344757 23.36709785 -8.85652256
v 1.02316021 23.35900497 -8.96172332
v 1.04443383 23.35616111 -8.79172134
v 1.11186361 23.34706687 -8.89390373
v 1.11735487 23.34630584 -8.7196083
v 0.97213649 23.36592483 -8.67526912
v 1.03819489 23.35697937 -8.60874939
v 1.09453344 23.34933853 -8.53724479
v 1.18096399 23.33769226 -8.64385318
v 1.14074468 23.34305191 -8.46115493
v 1.01420426 23.36018371 -8.42578601
v 1.0583775 23.35417366 -8.35533523
v 1.09729433 23.34887886 -8.28451633
v 1.17524957 23.33835029 -8.38383293
v 1.0014677 23.36186599 -8.26299572
v 1.04973721 23.35530471 -8.20085048
v 1.09979009 23.34850311 -8.14191055
v 1.01516556 23.3599739 -8.12203407
v 1.07506585 23.35183715 -8.06658077
v 1.1436181 23.34252357 -8.01366329
v 1.0541718 23.3546524 -7.98998642
v 1.13437128 23.34375762 -7.93428993
v 1.23435282 23.33017921 -7.87693738
v 1.2390306 23.32956314 -7.95823001
v 1.11829423 23.34591865 -7.85268783
v 1.21989774 23.33212089 -7.7931385
v 1.09533262 23.34901619 -7.77043628
v 1.1965518 23.33526802 -7.7058916
v 1.06466507 23.35316658 -7.68788242
v 1.16323518 23.33977127 -7.61967659
v 1.02390027 23.35868644 -7.60683536
v 1.11936998 23.34571075 -7.53512382
v 0.97388076 23.36546707 -7.53132247
v 1.06594967 23.35295295 -7.45472526
v 0.91501426 23.37345504 -7.46092939
v 1.00281429 23.3615303 -7.38296127
v 0.84683227 23.38271522 -7.39807319
v 0.93145084 23.37123107 -7.31805753
v 0.77205658 23.39286613 -7.34278488
v 0.85336494 23.38184356 -7.26136589
v 0.69062805 23.4039154 -7.29510879
v 0.76939392 23.39325904 -7.21311092
v 0.60569095 23.41542816 -7.25432205
v 0.68190765 23.40513992 -7.17331075
v 0.51873636 23.4271965 -7.21769237
v 0.59355163 23.41711616 -7.14092636
v 0.429255 23.43928527 -7.18238163
v 0.44365072 23.43733596 -7.28697586
v 0.35360717 23.44949913 -7.24362373
v 0.26213169 23.46183204 -7.19424724
v 0.27909851 23.45956993 -7.30001878
v 0.18304586 23.47252655 -7.24265098
v 0.08637285 23.48553276 -7.176301
v 0.10598707 23.48296356 -7.2938466
v 0.00344133 23.49677467 -7.22543335
v 0.03040361 23.49322319 -7.34878969
v -0.07648372 23.50764465 -7.28199911
v -0.0410552 23.50294494 -7.40947437
v -0.1528511 23.51805496 -7.34593963
v -0.10442829 23.51157951 -7.47704839
v -0.22407531 23.52778434 -7.41733455
v -0.16029834 23.5192089 -7.55103349
v -0.28458166 23.53606414 -7.49664211
v -0.20724582 23.52562332 -7.62979412
v -0.3353033 23.54300689 -7.58148193
v -0.24312925 23.53052902 -7.71280193
v -0.37470674 23.54839897 -7.6710186
v -0.26873445 23.53403091 -7.79842662
v -0.40341091 23.55233192 -7.76259851
v -0.28584718 23.53637695 -7.88584995
v -0.42291259 23.55500412 -7.85687637
v -0.29326582 23.53739929 -7.97309494
v -0.43164205 23.55620193 -7.95022296
v -0.29214811 23.53726005 -8.06153011
v -0.43082332 23.5560913 -8.04375839
v -0.28188657 23.5358715 -8.14933776
v -0.41975498 23.55458068 -8.13736152
v -0.26278066 23.53328323 -8.23634147
v -0.40045166 23.55195617 -8.23006629
v -0.23429536 23.52942848 -8.32132339
v -0.37259626 23.54817581 -8.31960296
v -0.19939899 23.52470588 -8.40378952
v -0.33424949 23.542984 -8.4046812
v -0.16086769 23.5194931 -8.48418426
v -0.28782892 23.53670501 -8.48331737
v -0.1213665 23.51415062 -8.56422805
v -0.23493909 23.52954864 -8.55768299
v -0.08687305 23.50948715 -8.64681816
v -0.02693986 23.50134468 -8.58267211
v -0.00468397 23.49834251 -8.67653179
v 0.00565576 23.49695587 -8.78507232
v 0.07568502 23.48743629 -8.71093845
v 0.08096742 23.4867382 -8.83053016
v 0.15634679 23.47649002 -8.74199199
v 0.16190958 23.47574615 -8.86930847
v 0.24015569 23.46512031 -8.76494216
v 0.24994945 23.46379661 -8.89678287
v 0.32828807 23.45316124 -8.77839088
v 0.3451538 23.45087051 -8.91129684
v 0.41707563 23.44111824 -8.77700614
v 0.44106531 23.43786048 -8.91152191
v 0.50652837 23.42899131 -8.76321315
v 0.53906774 23.42456817 -8.8981018
v 0.59458923 23.41705513 -8.73860359
v 0.63545322 23.41150474 -8.87258815
v 0.67931652 23.40557289 -8.70414924
v 0.72810173 23.39894866 -8.83610534
v 0.75894737 23.39478302 -8.66064262
v 0.8165245 23.38698196 -8.78978157
v 0.8334093 23.38469886 -8.61051368
v 0.89797782 23.3759613 -8.7362833
v 0.90140724 23.37548446 -8.55495739
v 0.77669811 23.3923664 -8.49511528
v 0.84034633 23.38373756 -8.4426155
v 0.89888477 23.37579727 -8.38584232
v 0.96179866 23.3672924 -8.49248886
v 0.95177364 23.36861801 -8.32498073
v 0.84797477 23.38267517 -8.29010772
v 0.90340614 23.37515258 -8.23477363
v 0.95863723 23.36764907 -8.17809104
v 0.86404323 23.38047027 -8.15111541
v 0.92340469 23.37241363 -8.09813118
v 0.98565959 23.36395645 -8.04464817
v 0.89151287 23.37671661 -8.02019977
v 0.95786953 23.36770629 -7.96668815
v 1.03132844 23.35773086 -7.91133785
v 0.92894363 23.37161636 -7.88905859
v 1.00643444 23.3610897 -7.83160972
v 0.89589023 23.37608718 -7.81241512
v 0.97498703 23.365345 -7.75265598
v 0.85671424 23.38139534 -7.73809337
v 0.93587398 23.3706417 -7.67509651
v 0.80944156 23.3877964 -7.66849422
v 0.88820552 23.37709999 -7.60237503
v 0.75419426 23.39528083 -7.60362148
v 0.83194923 23.38473129 -7.53440761
v 0.69180679 23.40373611 -7.5435028
v 0.76636123 23.39362716 -7.47363758
v 0.62032795 23.41342163 -7.49048519
v 0.69376564 23.40347099 -7.41946697
v 0.54278993 23.42392349 -7.44201469
v 0.61427497 23.41424751 -7.3717308
v 0.45977926 23.43515205 -7.39615917
v 0.53094816 23.42552757 -7.32849645
v 0.37137126 23.44710731 -7.34979724
v 0.39278364 23.44422721 -7.45851326
v 0.30261039 23.45641708 -7.40874862
v 0.20712995 23.46931839 -7.35509014
v 0.23698186 23.46531486 -7.46639299
v 0.13664865 23.47887802 -7.41112232
v 0.17674875 23.47349357 -7.5243721
v 0.0714364 23.48773384 -7.46972084
v 0.12018442 23.48118019 -7.5849266
v 0.01202058 23.49582099 -7.53329849
v 0.07041597 23.48794746 -7.64858865
v -0.0408225 23.50301933 -7.60211849
v 0.02940893 23.49353218 -7.71555614
v -0.0841999 23.50893211 -7.67433929
v -0.00369405 23.49804496 -7.78621578
v -0.11725997 23.5134468 -7.75158214
v -0.02661752 23.50117683 -7.86055994
v -0.1416521 23.51678276 -7.83132696
v -0.04225778 23.50331878 -7.9369049
v -0.15694618 23.51888084 -7.9130516
v -0.05007123 23.50439262 -8.01484584
v -0.1639328 23.51984214 -7.99550581
v -0.05112028 23.50454902 -8.0939207
v -0.16336631 23.51977729 -8.07872676
v -0.04416322 23.50361824 -8.17434406
v -0.15471458 23.51861381 -8.1621046
v -0.03081369 23.5018177 -8.25553703
v -0.13914585 23.51651382 -8.24503994
v -0.01120901 23.49917221 -8.33793926
v -0.11496162 23.51324272 -8.32798385
v 0.01126337 23.49613761 -8.4229927
v -0.08637332 23.50937843 -8.41086196
v 0.03659391 23.49271392 -8.51216888
v -0.05640649 23.50532722 -8.49554157
v 0.05933904 23.48964119 -8.60705471
v 0.12227487 23.48109054 -8.5290451
v 0.14214658 23.47840499 -8.63001442
v 0.2038989 23.47001838 -8.54184532
v 0.22443723 23.46724128 -8.64814281
v 0.2845869 23.45907211 -8.54780006
v 0.30713939 23.45602417 -8.65768146
v 0.36428833 23.44826316 -8.54428482
v 0.39052104 23.4447155 -8.65499591
v 0.44255971 23.43765068 -8.53051853
v 0.47378492 23.43342399 -8.64073467
v 0.51925897 23.4272499 -8.50668335
v 0.55556058 23.42234039 -8.61661624
v 0.59277725 23.41728591 -8.47422409
v 0.63366794 23.4117527 -8.58324432
v 0.66241073 23.40784835 -8.4353733
v 0.70771884 23.40171814 -8.54181575
v 0.72765445 23.39900016 -8.39052677
v 0.62381553 23.41306495 -8.34022712
v 0.6872015 23.40446662 -8.2986164
v 0.74752235 23.39628601 -8.25229454
v 0.78922271 23.39064979 -8.34142398
v 0.80585479 23.38836669 -8.20273399
v 0.71027183 23.4013195 -8.16909122
v 0.76936531 23.3932991 -8.12190818
v 0.82925033 23.38517189 -8.07236099
v 0.73490238 23.39795684 -8.04572105
v 0.79483127 23.38982391 -7.99610757
v 0.85904502 23.38110733 -7.94391489
v 0.7594099 23.39461517 -7.92203903
v 0.8237648 23.38588142 -7.86940288
v 0.72004318 23.3999443 -7.85153007
v 0.7845993 23.39118003 -7.79711151
v 0.67465972 23.40608787 -7.7849636
v 0.73834323 23.39744377 -7.72906684
v 0.62205696 23.413208 -7.72303724
v 0.68407344 23.4047966 -7.66616296
v 0.56038141 23.42155647 -7.66778373
v 0.62309646 23.41305542 -7.60825681
v 0.49149656 23.4308834 -7.61610031
v 0.55300855 23.42254257 -7.55594348
v 0.41540765 23.44117736 -7.56669521
v 0.47640371 23.43291282 -7.50674819
v 0.33032894 23.45268821 -7.51753425
v 0.35878562 23.44886016 -7.62345027
v 0.2728672 23.46048545 -7.57516956
v 0.30660533 23.45594406 -7.67905902
v 0.21851205 23.46786689 -7.6330204
v 0.25980663 23.46229553 -7.7341547
v 0.17017507 23.4744358 -7.69223213
v 0.22157621 23.46749305 -7.79065704
v 0.13141298 23.47970962 -7.75393486
v 0.18891286 23.47193718 -7.84829235
v 0.09881544 23.48414802 -7.81848239
v 0.16411256 23.47531318 -7.90977335
v 0.07490778 23.48740959 -7.88641309
v 0.14711618 23.47763061 -7.9756689
v 0.05911111 23.48956489 -7.95750808
v 0.13631963 23.47910881 -8.04502105
v 0.05035734 23.49076843 -8.03123378
v 0.13344621 23.47951126 -8.11810874
v 0.04758977 23.49115943 -8.10699558
v 0.13838148 23.47885513 -8.19471073
v 0.05265665 23.49048233 -8.1854
v 0.14895486 23.47743415 -8.27416896
v 0.06330061 23.48905181 -8.26562786
v 0.16391897 23.47541618 -8.35638237
v 0.0802617 23.4867649 -8.34866428
v 0.1830821 23.47283172 -8.4456644
v 0.1006236 23.48401641 -8.43569088
v 0.24290132 23.4647026 -8.35831451
v 0.26283073 23.46201324 -8.44953537
v 0.31824874 23.45448684 -8.35377121
v 0.33962154 23.45159721 -8.44504356
v 0.3905096 23.44468498 -8.34032535
v 0.41476965 23.44140434 -8.43201446
v 0.45998144 23.43526268 -8.31800746
v 0.48746347 23.43155098 -8.40877914
v 0.52694177 23.4261856 -8.28881835
v 0.55735445 23.42207527 -8.37734031
v 0.59016799 23.41761207 -8.25352668
v 0.50129652 23.42964935 -8.20922374
v 0.56098794 23.42155265 -8.17519569
v 0.6194458 23.41362571 -8.13580417
v 0.65117073 23.40933799 -8.213068
v 0.67668819 23.40585899 -8.09258174
v 0.58831024 23.41783332 -8.06290435
v 0.6427536 23.41044616 -8.01904487
v 0.69950389 23.4027462 -7.97185945
v 0.60548114 23.41548728 -7.95120811
v 0.66078949 23.40798187 -7.90252876
v 0.56252813 23.42129898 -7.88693141
v 0.61625099 23.414011 -7.83741664
v 0.51108598 23.4282608 -7.82824754
v 0.56418275 23.42105865 -7.77729272
v 0.45233011 23.43621635 -7.77389097
v 0.50404787 23.42919921 -7.72247982
v 0.38491153 23.44534301 -7.72535371
v 0.4357028 23.43845176 -7.67197418
v 0.40688467 23.44238281 -7.82205009
v 0.33929729 23.45153427 -7.77678346
v 0.36762619 23.44771194 -7.8668394
v 0.29984283 23.45689201 -7.82709312
v 0.33577919 23.45203971 -7.90836238
v 0.26720523 23.4613285 -7.87756347
v 0.24085855 23.4649105 -7.92987918
v 0.22264432 23.46739006 -7.99074459
v 0.21211481 23.46883201 -8.05635929
v 0.28131771 23.4594593 -8.1269474
v 0.21003103 23.46912765 -8.12575531
v 0.2890253 23.45842742 -8.19660759
v 0.21585989 23.46834754 -8.19923114
v 0.30161762 23.45672988 -8.27235603
v 0.2270236 23.46684455 -8.27650451
v 0.35790443 23.44908523 -8.18495941
v 0.37201213 23.4471817 -8.25951194
v 0.42169618 23.44043159 -8.16481494
v 0.43826913 23.43819618 -8.23821449
v 0.47871732 23.4326992 -8.13525009
v 0.40901804 23.44214057 -8.09916305
v 0.45728731 23.43559455 -8.06925773
v 0.5056281 23.42903518 -8.03498554
v 0.53378915 23.42523002 -8.10139274
v 0.55482626 23.42235946 -7.99540805
v 0.4705224 23.43378257 -7.97301197
v 0.5141673 23.42786026 -7.93235874
v 0.42556715 23.43986511 -7.91564846
v 0.46500253 23.43451499 -7.87452507
v 0.43334627 23.43882751 -8.00744628
v 0.39449834 23.44408416 -7.95061206
v 0.34949588 23.45021438 -8.11921691
g Group64646
f 1 13 14 15
f 1 16 17 13
f 1 15 18 16
f 19 20 21 22
f 2 23 24 25
f 2 25 26 27
f 2 28 21 23
f 3 29 30 31
f 3 31 32 33
f 3 33 34 29
f 4 35 36 37
f 4 37 38 39
f 4 39 40 35
f 5 41 42 43
f 5 43 44 45
f 5 45 46 41
f 6 47 48 49
f 6 50 51 47
f 6 49 52 50
f 7 53 54 55
f 7 55 56 57
f 7 57 58 53
f 8 59 60 61
f 8 61 62 63
f 9 64 65 66
f 9 67 68 64
f 10 69 70 11
f 10 71 72 69
f 12 73 74 75
f 12 76 77 73
f 12 75 78 76
f 78 75 79 80
f 78 80 81 82
f 78 82 83 76
f 83 82 84 85
f 83 85 86 87
f 83 87 77 76
f 87 86 88 89
f 87 89 90 77
f 90 91 73 77
f 90 89 92 93
f 90 93 94 91
f 94 95 96 97
f 94 97 98 91
f 94 93 99 95
f 99 93 92 100
f 99 100 101 102
f 99 102 103 95
f 103 104 105 106
f 103 106 96 95
f 103 102 107 104
f 107 102 101 108
f 107 108 109 110
f 107 110 111 104
f 111 112 105 104
f 111 110 113 114
f 111 114 115 112
f 115 116 117 112
f 115 114 118 119
f 115 119 120 116
f 120 121 122 116
f 120 119 123 124
f 120 124 125 121
f 125 126 127 121
f 125 124 67 9
f 125 9 128 126
f 127 126 129 130
f 127 130 131 132
f 127 132 122 121
f 132 131 133 134
f 132 134 135 122
f 135 134 136 137
f 135 137 138 117
f 135 117 116 122
f 138 137 139 140
f 138 140 106 105
f 138 105 112 117
f 140 139 141 142
f 140 142 96 106
f 142 141 143 144
f 142 144 97 96
f 144 143 145 146
f 144 146 98 97
f 146 145 147 148
f 146 148 74 98
f 148 147 149 79
f 148 79 75 74
f 149 147 150 151
f 149 151 152 153
f 149 153 80 79
f 153 152 154 155
f 153 155 81 80
f 155 154 156 157
f 155 157 158 81
f 158 157 159 160
f 158 160 161 84
f 158 84 82 81
f 161 160 162 163
f 161 163 164 165
f 161 165 85 84
f 165 164 166 167
f 165 167 86 85
f 167 166 168 169
f 167 169 88 86
f 169 168 170 171
f 169 171 172 88
f 172 92 89 88
f 172 171 173 174
f 172 174 100 92
f 174 173 175 176
f 174 176 101 100
f 176 175 177 178
f 176 178 108 101
f 178 177 179 180
f 178 180 109 108
f 180 179 181 182
f 180 182 183 109
f 183 113 110 109
f 183 182 184 185
f 183 185 186 113
f 186 118 114 113
f 186 185 187 188
f 186 188 189 118
f 189 123 119 118
f 189 188 190 191
f 189 191 192 123
f 192 67 124 123
f 192 191 193 194
f 192 194 68 67
f 194 193 195 196
f 194 196 197 68
f 197 198 199 200
f 197 200 64 68
f 197 196 201 198
f 201 202 203 198
f 201 196 195 204
f 201 204 205 202
f 205 206 207 202
f 205 204 208 209
f 205 209 210 206
f 210 211 212 206
f 210 209 213 214
f 210 214 215 211
f 215 30 216 211
f 215 214 217 218
f 215 218 31 30
f 218 217 219 220
f 218 220 32 31
f 220 219 221 222
f 220 222 223 32
f 223 224 225 226
f 223 226 33 32
f 223 222 227 224
f 227 222 221 228
f 227 228 229 230
f 227 230 231 224
f 231 232 233 234
f 231 234 225 224
f 231 230 235 232
f 235 236 237 232
f 235 230 229 238
f 235 238 239 236
f 239 240 241 236
f 239 238 242 243
f 239 243 244 240
f 244 243 245 246
f 244 246 247 248
f 244 248 249 240
f 249 250 251 252
f 249 252 241 240
f 249 248 253 250
f 253 254 255 250
f 253 248 247 256
f 253 256 257 254
f 257 256 258 259
f 257 259 260 261
f 257 261 262 254
f 262 263 264 265
f 262 265 255 254
f 262 261 36 263
f 265 264 266 267
f 265 267 268 255
f 268 267 269 270
f 268 270 271 251
f 268 251 250 255
f 271 270 272 273
f 271 273 274 275
f 271 275 252 251
f 275 274 276 277
f 275 277 241 252
f 277 276 278 237
f 277 237 236 241
f 278 276 279 280
f 278 280 281 233
f 278 233 232 237
f 281 280 282 283
f 281 283 284 285
f 281 285 234 233
f 285 284 286 287
f 285 287 225 234
f 287 286 288 289
f 287 289 226 225
f 289 288 290 34
f 289 34 33 226
f 290 288 291 292
f 290 292 293 294
f 290 294 29 34
f 294 293 295 216
f 294 216 30 29
f 295 293 26 296
f 295 296 297 212
f 295 212 211 216
f 297 296 298 299
f 297 299 300 207
f 297 207 206 212
f 300 299 301 302
f 300 302 303 203
f 300 203 202 207
f 303 302 304 305
f 303 305 306 199
f 303 199 198 203
f 306 305 307 308
f 306 308 309 310
f 306 310 200 199
f 310 309 311 65
f 310 65 64 200
f 311 309 312 313
f 311 313 314 315
f 311 315 66 65
f 315 314 316 72
f 315 72 71 66
f 316 314 317 318
f 316 318 319 320
f 316 320 69 72
f 320 319 321 322
f 320 322 70 69
f 322 321 323 324
f 322 324 325 70
f 325 324 326 327
f 325 327 328 329
f 325 329 11 70
f 327 326 330 331
f 327 331 129 328
f 331 330 332 333
f 331 333 130 129
f 333 332 334 335
f 333 335 131 130
f 335 334 336 337
f 335 337 133 131
f 337 336 338 339
f 337 339 340 133
f 340 339 341 342
f 340 342 343 136
f 340 136 134 133
f 343 342 344 345
f 343 345 141 139
f 343 139 137 136
f 345 344 346 347
f 345 347 143 141
f 347 346 348 349
f 347 349 145 143
f 349 348 350 150
f 349 150 147 145
f 350 348 351 352
f 350 352 353 354
f 350 354 151 150
f 354 353 355 356
f 354 356 152 151
f 356 355 357 358
f 356 358 154 152
f 358 357 359 360
f 358 360 156 154
f 360 359 361 362
f 360 362 363 156
f 363 362 364 365
f 363 365 366 159
f 363 159 157 156
f 366 365 367 368
f 366 368 369 162
f 366 162 160 159
f 369 368 370 371
f 369 371 372 373
f 369 373 163 162
f 373 372 374 375
f 373 375 164 163
f 375 374 376 377
f 375 377 166 164
f 377 376 378 379
f 377 379 168 166
f 379 378 380 381
f 379 381 170 168
f 381 380 382 383
f 381 383 384 170
f 384 173 171 170
f 384 383 385 386
f 384 386 175 173
f 386 385 387 388
f 386 388 177 175
f 388 387 389 390
f 388 390 179 177
f 390 389 391 392
f 390 392 181 179
f 392 391 393 394
f 392 394 395 181
f 395 184 182 181
f 395 394 396 397
f 395 397 398 184
f 398 187 185 184
f 398 397 399 400
f 398 400 401 187
f 401 190 188 187
f 401 400 402 403
f 401 403 404 190
f 404 193 191 190
f 404 403 405 406
f 404 406 195 193
f 406 405 407 208
f 406 208 204 195
f 407 213 209 208
f 407 405 408 409
f 407 409 410 213
f 410 217 214 213
f 410 409 411 412
f 410 412 219 217
f 412 411 413 414
f 412 414 221 219
f 414 413 415 416
f 414 416 228 221
f 416 415 417 418
f 416 418 229 228
f 418 417 419 242
f 418 242 238 229
f 419 417 420 421
f 419 421 422 245
f 419 245 243 242
f 422 421 423 424
f 422 424 425 426
f 422 426 246 245
f 426 425 427 428
f 426 428 247 246
f 428 427 429 258
f 428 258 256 247
f 429 427 430 431
f 429 431 432 433
f 429 433 259 258
f 433 432 434 435
f 433 435 260 259
f 435 434 436 38
f 435 38 37 260
f 436 434 437 438
f 436 438 439 440
f 436 440 39 38
f 440 439 441 442
f 440 442 40 39
f 442 441 443 444
f 442 444 445 40
f 445 444 446 447
f 445 447 448 449
f 445 449 35 40
f 449 448 264 263
f 449 263 36 35
f 448 447 450 451
f 448 451 266 264
f 451 450 452 453
f 451 453 454 266
f 454 453 455 456
f 454 456 457 269
f 454 269 267 266
f 457 456 458 459
f 457 459 460 272
f 457 272 270 269
f 460 459 461 462
f 460 462 463 464
f 460 464 273 272
f 464 463 465 466
f 464 466 274 273
f 466 465 467 279
f 466 279 276 274
f 467 465 468 469
f 467 469 470 282
f 467 282 280 279
f 470 469 471 472
f 470 472 473 474
f 470 474 283 282
f 474 473 475 476
f 474 476 284 283
f 476 475 477 478
f 476 478 286 284
f 478 477 479 291
f 478 291 288 286
f 479 477 480 481
f 479 481 2 27
f 479 27 292 291
f 481 480 482 483
f 481 483 28 2
f 483 482 484 485
f 483 485 486 28
f 486 485 487 488
f 486 488 489 22
f 486 22 21 28
f 489 488 490 491
f 489 491 492 493
f 489 493 19 22
f 493 492 494 495
f 493 495 20 19
f 495 494 496 497
f 495 497 498 20
f 498 497 499 500
f 498 500 24 23
f 498 23 21 20
f 500 499 501 502
f 500 502 503 24
f 503 502 504 301
f 503 301 299 298
f 503 298 25 24
f 504 502 501 505
f 504 505 506 304
f 504 304 302 301
f 506 505 507 508
f 506 508 509 307
f 506 307 305 304
f 509 508 510 511
f 509 511 512 513
f 509 513 308 307
f 513 512 514 312
f 513 312 309 308
f 514 512 515 516
f 514 516 517 518
f 514 518 313 312
f 518 517 519 317
f 518 317 314 313
f 519 517 520 521
f 519 521 522 523
f 519 523 318 317
f 523 522 524 525
f 523 525 319 318
f 525 524 526 527
f 525 527 321 319
f 527 526 528 529
f 527 529 323 321
f 529 528 530 531
f 529 531 532 323
f 532 531 533 534
f 532 534 330 326
f 532 326 324 323
f 534 533 535 536
f 534 536 332 330
f 536 535 537 538
f 536 538 334 332
f 538 537 539 540
f 538 540 336 334
f 540 539 541 542
f 540 542 338 336
f 542 541 543 544
f 542 544 545 338
f 545 544 546 547
f 545 547 548 341
f 545 341 339 338
f 548 547 549 550
f 548 550 346 344
f 548 344 342 341
f 550 549 551 351
f 550 351 348 346
f 551 549 552 553
f 551 553 554 555
f 551 555 352 351
f 555 554 556 557
f 555 557 353 352
f 557 556 558 559
f 557 559 355 353
f 559 558 560 561
f 559 561 357 355
f 561 560 562 563
f 561 563 359 357
f 563 562 564 565
f 563 565 361 359
f 565 564 566 567
f 565 567 568 361
f 568 567 569 570
f 568 570 571 364
f 568 364 362 361
f 571 570 572 573
f 571 573 574 367
f 571 367 365 364
f 574 573 575 576
f 574 576 577 370
f 574 370 368 367
f 577 576 578 579
f 577 579 580 581
f 577 581 371 370
f 581 580 582 583
f 581 583 372 371
f 583 582 584 585
f 583 585 374 372
f 585 584 586 587
f 585 587 376 374
f 587 586 588 589
f 587 589 378 376
f 589 588 590 591
f 589 591 380 378
f 591 590 592 593
f 591 593 382 380
f 593 592 594 595
f 593 595 596 382
f 596 385 383 382
f 596 595 597 598
f 596 598 387 385
f 598 597 599 600
f 598 600 389 387
f 600 599 601 602
f 600 602 391 389
f 602 601 603 604
f 602 604 393 391
f 604 603 605 606
f 604 606 607 393
f 607 396 394 393
f 607 606 608 609
f 607 609 610 396
f 610 399 397 396
f 610 609 611 612
f 610 612 613 399
f 613 402 400 399
f 613 612 614 615
f 613 615 408 402
f 615 614 413 411
f 615 411 409 408
f 614 612 611 616
f 614 616 415 413
f 616 611 617 420
f 616 420 417 415
f 617 611 609 608
f 617 608 618 423
f 617 423 421 420
f 618 608 606 605
f 618 605 619 620
f 618 620 424 423
f 620 619 621 622
f 620 622 425 424
f 622 621 623 430
f 622 430 427 425
f 623 621 624 625
f 623 625 626 627
f 623 627 431 430
f 627 626 628 629
f 627 629 432 431
f 629 628 630 437
f 629 437 434 432
f 630 628 631 632
f 630 632 633 634
f 630 634 438 437
f 634 633 635 636
f 634 636 439 438
f 636 635 637 638
f 636 638 441 439
f 638 637 639 640
f 638 640 443 441
f 640 639 641 642
f 640 642 643 443
f 643 642 644 645
f 643 645 646 446
f 643 446 444 443
f 646 645 647 648
f 646 648 452 450
f 646 450 447 446
f 648 647 649 650
f 648 650 651 452
f 651 650 652 653
f 651 653 654 455
f 651 455 453 452
f 654 653 655 656
f 654 656 657 458
f 654 458 456 455
f 657 656 658 659
f 657 659 660 461
f 657 461 459 458
f 660 659 661 662
f 660 662 663 664
f 660 664 462 461
f 664 663 665 666
f 664 666 463 462
f 666 665 667 468
f 666 468 465 463
f 667 665 668 669
f 667 669 670 471
f 667 471 469 468
f 670 669 671 672
f 670 672 673 674
f 670 674 472 471
f 674 673 675 676
f 674 676 473 472
f 676 675 677 678
f 676 678 475 473
f 678 677 482 480
f 678 480 477 475
f 677 675 679 680
f 677 680 484 482
f 680 679 681 682
f 680 682 683 484
f 683 682 684 685
f 683 685 686 487
f 683 487 485 484
f 686 685 687 688
f 686 688 689 490
f 686 490 488 487
f 689 688 690 691
f 689 691 692 693
f 689 693 491 490
f 693 692 694 695
f 693 695 492 491
f 695 694 696 697
f 695 697 494 492
f 697 696 698 699
f 697 699 496 494
f 699 698 700 701
f 699 701 702 496
f 702 701 703 704
f 702 704 501 499
f 702 499 497 496
f 704 703 705 507
f 704 507 505 501
f 705 703 706 707
f 705 707 708 510
f 705 510 508 507
f 708 707 709 710
f 708 710 711 712
f 708 712 511 510
f 712 711 713 515
f 712 515 512 511
f 713 711 714 715
f 713 715 716 717
f 713 717 516 515
f 717 716 718 520
f 717 520 517 516
f 718 716 719 720
f 718 720 721 722
f 718 722 521 520
f 722 721 723 724
f 722 724 522 521
f 724 723 725 726
f 724 726 524 522
f 726 725 727 728
f 726 728 526 524
f 728 727 729 730
f 728 730 528 526
f 730 729 731 732
f 730 732 530 528
f 732 731 733 734
f 732 734 735 530
f 735 734 736 737
f 735 737 535 533
f 735 533 531 530
f 737 736 738 739
f 737 739 537 535
f 739 738 740 741
f 739 741 539 537
f 741 740 742 743
f 741 743 541 539
f 743 742 744 745
f 743 745 543 541
f 745 744 746 747
f 745 747 748 543
f 748 747 749 750
f 748 750 552 546
f 748 546 544 543
f 750 749 751 752
f 750 752 553 552
f 752 751 753 754
f 752 754 554 553
f 754 753 755 756
f 754 756 556 554
f 756 755 757 758
f 756 758 558 556
f 758 757 759 760
f 758 760 560 558
f 760 759 761 762
f 760 762 562 560
f 762 761 763 764
f 762 764 564 562
f 764 763 765 766
f 764 766 566 564
f 766 765 767 768
f 766 768 769 566
f 769 768 770 771
f 769 771 772 569
f 769 569 567 566
f 772 771 773 774
f 772 774 775 572
f 772 572 570 569
f 775 774 776 777
f 775 777 778 575
f 775 575 573 572
f 778 777 779 780
f 778 780 781 578
f 778 578 576 575
f 781 780 782 783
f 781 783 784 785
f 781 785 579 578
f 785 784 786 787
f 785 787 580 579
f 787 786 788 789
f 787 789 582 580
f 789 788 790 791
f 789 791 584 582
f 791 790 792 793
f 791 793 586 584
f 793 792 794 795
f 793 795 588 586
f 795 794 796 797
f 795 797 590 588
f 797 796 798 799
f 797 799 592 590
f 799 798 800 801
f 799 801 594 592
f 801 800 802 803
f 801 803 804 594
f 804 597 595 594
f 804 803 805 806
f 804 806 599 597
f 806 805 807 808
f 806 808 601 599
f 808 807 624 809
f 808 809 603 601
f 809 624 621 619
f 809 619 605 603
f 807 805 810 811
f 807 811 625 624
f 811 810 812 813
f 811 813 626 625
f 813 812 814 631
f 813 631 628 626
f 814 812 815 816
f 814 816 817 818
f 814 818 632 631
f 818 817 819 820
f 818 820 633 632
f 820 819 821 822
f 820 822 635 633
f 822 821 823 824
f 822 824 637 635
f 824 823 825 826
f 824 826 639 637
f 826 825 827 828
f 826 828 641 639
f 828 827 829 830
f 828 830 831 641
f 831 830 832 833
f 831 833 834 644
f 831 644 642 641
f 834 833 835 836
f 834 836 649 647
f 834 647 645 644
f 836 835 837 838
f 836 838 839 649
f 839 838 840 841
f 839 841 842 652
f 839 652 650 649
f 842 841 843 844
f 842 844 845 655
f 842 655 653 652
f 845 844 846 847
f 845 847 848 658
f 845 658 656 655
f 848 847 849 850
f 848 850 851 661
f 848 661 659 658
f 851 850 852 853
f 851 853 854 855
f 851 855 662 661
f 855 854 856 857
f 855 857 663 662
f 857 856 858 668
f 857 668 665 663
f 858 856 859 860
f 858 860 861 671
f 858 671 669 668
f 861 860 862 863
f 861 863 864 865
f 861 865 672 671
f 865 864 866 867
f 865 867 673 672
f 867 866 681 679
f 867 679 675 673
f 866 864 868 869
f 866 869 870 681
f 870 869 871 872
f 870 872 873 684
f 870 684 682 681
f 873 872 874 875
f 873 875 876 687
f 873 687 685 684
f 876 875 877 878
f 876 878 879 690
f 876 690 688 687
f 879 878 880 881
f 879 881 882 883
f 879 883 691 690
f 883 882 884 885
f 883 885 692 691
f 885 884 886 887
f 885 887 694 692
f 887 886 888 889
f 887 889 696 694
f 889 888 890 891
f 889 891 698 696
f 891 890 892 893
f 891 893 700 698
f 893 892 894 895
f 893 895 706 700
f 895 894 896 709
f 895 709 707 706
f 896 894 897 898
f 896 898 899 900
f 896 900 710 709
f 900 899 901 714
f 900 714 711 710
f 901 899 902 903
f 901 903 904 905
f 901 905 715 714
f 905 904 906 719
f 905 719 716 715
f 906 904 907 908
f 906 908 909 910
f 906 910 720 719
f 910 909 911 912
f 910 912 721 720
f 912 911 913 914
f 912 914 723 721
f 914 913 915 916
f 914 916 725 723
f 916 915 917 918
f 916 918 727 725
f 918 917 919 920
f 918 920 729 727
f 920 919 921 922
f 920 922 731 729
f 922 921 923 924
f 922 924 733 731
f 924 923 925 926
f 924 926 927 733
f 927 926 928 929
f 927 929 738 736
f 927 736 734 733
f 929 928 930 931
f 929 931 740 738
f 931 930 932 933
f 931 933 742 740
f 933 932 934 935
f 933 935 744 742
f 935 934 936 937
f 935 937 746 744
f 937 936 938 939
f 937 939 940 746
f 940 939 941 942
f 940 942 751 749
f 940 749 747 746
f 942 941 943 944
f 942 944 753 751
f 944 943 945 946
f 944 946 755 753
f 946 945 947 948
f 946 948 757 755
f 948 947 949 950
f 948 950 759 757
f 950 949 951 952
f 950 952 761 759
f 952 951 953 954
f 952 954 763 761
f 954 953 955 956
f 954 956 765 763
f 956 955 957 958
f 956 958 767 765
f 958 957 959 960
f 958 960 961 767
f 961 960 962 963
f 961 963 964 770
f 961 770 768 767
f 964 963 965 966
f 964 966 967 773
f 964 773 771 770
f 967 966 968 969
f 967 969 970 776
f 967 776 774 773
f 970 969 971 972
f 970 972 973 779
f 970 779 777 776
f 973 972 974 975
f 973 975 976 782
f 973 782 780 779
f 976 975 977 978
f 976 978 979 980
f 976 980 783 782
f 980 979 981 982
f 980 982 784 783
f 982 981 983 984
f 982 984 786 784
f 984 983 985 986
f 984 986 788 786
f 986 985 987 988
f 986 988 790 788
f 988 987 989 990
f 988 990 792 790
f 990 989 991 992
f 990 992 794 792
f 992 991 993 994
f 992 994 796 794
f 994 993 995 996
f 994 996 798 796
f 996 995 997 998
f 996 998 800 798
f 998 997 816 815
f 998 815 802 800
f 997 995 999 1000
f 997 1000 817 816
f 1000 999 1001 1002
f 1000 1002 819 817
f 1002 1001 1003 1004
f 1002 1004 821 819
f 1004 1003 1005 1006
f 1004 1006 823 821
f 1006 1005 1007 1008
f 1006 1008 825 823
f 1008 1007 1009 1010
f 1008 1010 827 825
f 1010 1009 48 1011
f 1010 1011 829 827
f 1011 48 47 1012
f 1011 1012 1013 829
f 1013 1012 1014 1015
f 1013 1015 1016 832
f 1013 832 830 829
f 1016 1015 1017 1018
f 1016 1018 837 835
f 1016 835 833 832
f 1018 1017 1019 1020
f 1018 1020 1021 837
f 1021 1020 1022 1023
f 1021 1023 1024 840
f 1021 840 838 837
f 1024 1023 1025 1026
f 1024 1026 1027 843
f 1024 843 841 840
f 1027 1026 1028 1029
f 1027 1029 1030 846
f 1027 846 844 843
f 1030 1029 1031 1032
f 1030 1032 1033 849
f 1030 849 847 846
f 1033 1032 1034 1035
f 1033 1035 1036 852
f 1033 852 850 849
f 1036 1035 1037 1038
f 1036 1038 1039 1040
f 1036 1040 853 852
f 1040 1039 1041 1042
f 1040 1042 854 853
f 1042 1041 1043 859
f 1042 859 856 854
f 1043 1041 1044 1045
f 1043 1045 1046 862
f 1043 862 860 859
f 1046 1045 1047 1048
f 1046 1048 1049 1050
f 1046 1050 863 862
f 1050 1049 1051 868
f 1050 868 864 863
f 1051 1049 1052 1053
f 1051 1053 1054 871
f 1051 871 869 868
f 1054 1053 1055 1056
f 1054 1056 1057 874
f 1054 874 872 871
f 1057 1056 1058 1059
f 1057 1059 1060 877
f 1057 877 875 874
f 1060 1059 1061 1062
f 1060 1062 1063 880
f 1060 880 878 877
f 1063 1062 1064 1065
f 1063 1065 1066 1067
f 1063 1067 881 880
f 1067 1066 1068 1069
f 1067 1069 882 881
f 1069 1068 1070 1071
f 1069 1071 884 882
f 1071 1070 1072 1073
f 1071 1073 886 884
f 1073 1072 1074 1075
f 1073 1075 888 886
f 1075 1074 1076 1077
f 1075 1077 890 888
f 1077 1076 1078 1079
f 1077 1079 892 890
f 1079 1078 1080 897
f 1079 897 894 892
f 1080 1078 1081 1082
f 1080 1082 1083 1084
f 1080 1084 898 897
f 1084 1083 1085 902
f 1084 902 899 898
f 1085 1083 1086 1087
f 1085 1087 1088 1089
f 1085 1089 903 902
f 1089 1088 1090 907
f 1089 907 904 903
f 1090 1088 1091 1092
f 1090 1092 1093 1094
f 1090 1094 908 907
f 1094 1093 1095 1096
f 1094 1096 909 908
f 1096 1095 1097 1098
f 1096 1098 911 909
f 1098 1097 1099 1100
f 1098 1100 913 911
f 1100 1099 1101 1102
f 1100 1102 915 913
f 1102 1101 1103 1104
f 1102 1104 917 915
f 1104 1103 1105 1106
f 1104 1106 919 917
f 1106 1105 1107 1108
f 1106 1108 921 919
f 1108 1107 1109 1110
f 1108 1110 923 921
f 1110 1109 1111 1112
f 1110 1112 925 923
f 1112 1111 1113 1114
f 1112 1114 1115 925
f 1115 1114 1116 1117
f 1115 1117 930 928
f 1115 928 926 925
f 1117 1116 1118 1119
f 1117 1119 932 930
f 1119 1118 1120 1121
f 1119 1121 934 932
f 1121 1120 1122 1123
f 1121 1123 936 934
f 1123 1122 1124 1125
f 1123 1125 938 936
f 1125 1124 1126 1127
f 1125 1127 1128 938
f 1128 1127 1129 1130
f 1128 1130 943 941
f 1128 941 939 938
f 1130 1129 1131 1132
f 1130 1132 945 943
f 1132 1131 1133 1134
f 1132 1134 947 945
f 1134 1133 1135 1136
f 1134 1136 949 947
f 1136 1135 1137 1138
f 1136 1138 951 949
f 1138 1137 1139 1140
f 1138 1140 953 951
f 1140 1139 1141 1142
f 1140 1142 955 953
f 1142 1141 1143 1144
f 1142 1144 957 955
f 1144 1143 1145 1146
f 1144 1146 959 957
f 1146 1145 1147 1148
f 1146 1148 1149 959
f 1149 1148 1150 1151
f 1149 1151 1152 962
f 1149 962 960 959
f 1152 1151 1153 1154
f 1152 1154 1155 965
f 1152 965 963 962
f 1155 1154 1156 1157
f 1155 1157 1158 968
f 1155 968 966 965
f 1158 1157 1159 1160
f 1158 1160 1161 971
f 1158 971 969 968
f 1161 1160 1162 1163
f 1161 1163 1164 974
f 1161 974 972 971
f 1164 1163 1165 1166
f 1164 1166 1167 977
f 1164 977 975 974
f 1167 1166 1168 1169
f 1167 1169 1170 1171
f 1167 1171 978 977
f 1171 1170 1172 1173
f 1171 1173 979 978
f 1173 1172 1174 1175
f 1173 1175 981 979
f 1175 1174 1176 1177
f 1175 1177 983 981
f 1177 1176 1178 1179
f 1177 1179 985 983
f 1179 1178 1180 1181
f 1179 1181 987 985
f 1181 1180 1182 1183
f 1181 1183 989 987
f 1183 1182 1184 1185
f 1183 1185 991 989
f 1185 1184 1186 1187
f 1185 1187 993 991
f 1187 1186 1001 999
f 1187 999 995 993
f 1186 1184 1188 1189
f 1186 1189 1003 1001
f 1189 1188 1190 1191
f 1189 1191 1005 1003
f 1191 1190 1192 1193
f 1191 1193 1007 1005
f 1193 1192 1194 1195
f 1193 1195 1009 1007
f 1195 1194 52 49
f 1195 49 48 1009
f 1194 1192 1196 1197
f 1194 1197 1198 52
f 1198 1197 1199 1200
f 1198 1200 1201 1202
f 1198 1202 50 52
f 1202 1201 1203 1204
f 1202 1204 51 50
f 1204 1203 1205 1206
f 1204 1206 1014 51
f 1206 1205 1019 1017
f 1206 1017 1015 1014
f 1205 1203 1207 1208
f 1205 1208 1209 1019
f 1209 1208 1210 1211
f 1209 1211 1212 1022
f 1209 1022 1020 1019
f 1212 1211 1213 1214
f 1212 1214 1215 1025
f 1212 1025 1023 1022
f 1215 1214 1216 1217
f 1215 1217 1218 1028
f 1215 1028 1026 1025
f 1218 1217 1219 1220
f 1218 1220 1221 1031
f 1218 1031 1029 1028
f 1221 1220 1222 1223
f 1221 1223 1224 1034
f 1221 1034 1032 1031
f 1224 1223 1225 1226
f 1224 1226 1227 1037
f 1224 1037 1035 1034
f 1227 1226 1228 1229
f 1227 1229 1230 1231
f 1227 1231 1038 1037
f 1231 1230 1232 1233
f 1231 1233 1039 1038
f 1233 1232 1234 1044
f 1233 1044 1041 1039
f 1234 1232 1235 1236
f 1234 1236 1237 1047
f 1234 1047 1045 1044
f 1237 1236 1238 1239
f 1237 1239 1240 1241
f 1237 1241 1048 1047
f 1241 1240 1242 1052
f 1241 1052 1049 1048
f 1242 1240 1243 1244
f 1242 1244 1245 1055
f 1242 1055 1053 1052
f 1245 1244 1246 1247
f 1245 1247 1248 1058
f 1245 1058 1056 1055
f 1248 1247 1249 1250
f 1248 1250 1251 1061
f 1248 1061 1059 1058
f 1251 1250 1252 1253
f 1251 1253 1254 1064
f 1251 1064 1062 1061
f 1254 1253 1255 1256
f 1254 1256 1257 1258
f 1254 1258 1065 1064
f 1258 1257 1259 1260
f 1258 1260 1066 1065
f 1260 1259 1261 1262
f 1260 1262 1068 1066
f 1262 1261 1263 1264
f 1262 1264 1070 1068
f 1264 1263 1265 1266
f 1264 1266 1072 1070
f 1266 1265 1267 1268
f 1266 1268 1074 1072
f 1268 1267 1269 1270
f 1268 1270 1076 1074
f 1270 1269 1271 1081
f 1270 1081 1078 1076
f 1271 1269 1272 1273
f 1271 1273 1274 1275
f 1271 1275 1082 1081
f 1275 1274 1276 1086
f 1275 1086 1083 1082
f 1276 1274 1277 1278
f 1276 1278 1279 1280
f 1276 1280 1087 1086
f 1280 1279 1281 1091
f 1280 1091 1088 1087
f 1281 1279 1282 1283
f 1281 1283 1284 1285
f 1281 1285 1092 1091
f 1285 1284 1286 1287
f 1285 1287 1093 1092
f 1287 1286 1288 1289
f 1287 1289 1095 1093
f 1289 1288 1290 1291
f 1289 1291 1097 1095
f 1291 1290 1292 1293
f 1291 1293 1099 1097
f 1293 1292 1294 1295
f 1293 1295 1101 1099
f 1295 1294 1296 1297
f 1295 1297 1103 1101
f 1297 1296 1298 1299
f 1297 1299 1105 1103
f 1299 1298 1300 1301
f 1299 1301 1107 1105
f 1301 1300 1302 1303
f 1301 1303 1109 1107
f 1303 1302 1304 1305
f 1303 1305 1111 1109
f 1305 1304 1306 1307
f 1305 1307 1113 1111
f 1307 1306 1308 1309
f 1307 1309 1310 1113
f 1310 1309 1311 1312
f 1310 1312 1118 1116
f 1310 1116 1114 1113
f 1312 1311 1313 1314
f 1312 1314 1120 1118
f 1314 1313 1315 1316
f 1314 1316 1122 1120
f 1316 1315 1317 1318
f 1316 1318 1124 1122
f 1318 1317 1319 1320
f 1318 1320 1126 1124
f 1320 1319 1321 1322
f 1320 1322 1323 1126
f 1323 1322 1324 1325
f 1323 1325 1131 1129
f 1323 1129 1127 1126
f 1325 1324 1326 1327
f 1325 1327 1133 1131
f 1327 1326 1328 1329
f 1327 1329 1135 1133
f 1329 1328 1330 1331
f 1329 1331 1137 1135
f 1331 1330 1332 1333
f 1331 1333 1139 1137
f 1333 1332 1334 1335
f 1333 1335 1141 1139
f 1335 1334 1336 1337
f 1335 1337 1143 1141
f 1337 1336 1338 1339
f 1337 1339 1145 1143
f 1339 1338 1340 1341
f 1339 1341 1147 1145
f 1341 1340 1342 1343
f 1341 1343 1344 1147
f 1344 1343 1345 1346
f 1344 1346 1347 1150
f 1344 1150 1148 1147
f 1347 1346 1348 1349
f 1347 1349 1350 1153
f 1347 1153 1151 1150
f 1350 1349 1351 1352
f 1350 1352 1353 1156
f 1350 1156 1154 1153
f 1353 1352 1354 1355
f 1353 1355 1356 1159
f 1353 1159 1157 1156
f 1356 1355 1357 1358
f 1356 1358 1359 1162
f 1356 1162 1160 1159
f 1359 1358 1360 1361
f 1359 1361 1362 1165
f 1359 1165 1163 1162
f 1362 1361 1363 1364
f 1362 1364 1365 1168
f 1362 1168 1166 1165
f 1365 1364 1366 1367
f 1365 1367 1368 1369
f 1365 1369 1169 1168
f 1369 1368 1370 1371
f 1369 1371 1170 1169
f 1371 1370 1372 1373
f 1371 1373 1172 1170
f 1373 1372 1374 1375
f 1373 1375 1174 1172
f 1375 1374 1376 1377
f 1375 1377 1176 1174
f 1377 1376 1378 1379
f 1377 1379 1178 1176
f 1379 1378 1380 1381
f 1379 1381 1180 1178
f 1381 1380 1382 1383
f 1381 1383 1182 1180
f 1383 1382 1190 1188
f 1383 1188 1184 1182
f 1382 1380 1384 1196
f 1382 1196 1192 1190
f 1384 1380 1378 1385
f 1384 1385 1386 1199
f 1384 1199 1197 1196
f 1386 1385 1387 1388
f 1386 1388 1389 1390
f 1386 1390 1200 1199
f 1390 1389 1391 1392
f 1390 1392 1201 1200
f 1392 1391 1393 1207
f 1392 1207 1203 1201
f 1393 1391 1394 1395
f 1393 1395 1396 1210
f 1393 1210 1208 1207
f 1396 1395 1397 1398
f 1396 1398 1399 1213
f 1396 1213 1211 1210
f 1399 1398 1400 1401
f 1399 1401 1402 1216
f 1399 1216 1214 1213
f 1402 1401 1403 1404
f 1402 1404 1405 1219
f 1402 1219 1217 1216
f 1405 1404 1406 1407
f 1405 1407 1408 1222
f 1405 1222 1220 1219
f 1408 1407 1409 1410
f 1408 1410 1411 1225
f 1408 1225 1223 1222
f 1411 1410 1412 1413
f 1411 1413 1414 1228
f 1411 1228 1226 1225
f 1414 1413 1415 1416
f 1414 1416 1417 1418
f 1414 1418 1229 1228
f 1418 1417 1419 1420
f 1418 1420 1230 1229
f 1420 1419 1421 1235
f 1420 1235 1232 1230
f 1421 1419 1422 1423
f 1421 1423 1424 1238
f 1421 1238 1236 1235
f 1424 1423 1425 1426
f 1424 1426 1427 1428
f 1424 1428 1239 1238
f 1428 1427 1429 1243
f 1428 1243 1240 1239
f 1429 1427 1430 1431
f 1429 1431 1432 1246
f 1429 1246 1244 1243
f 1432 1431 1433 1434
f 1432 1434 1435 1249
f 1432 1249 1247 1246
f 1435 1434 1436 1437
f 1435 1437 1438 1252
f 1435 1252 1250 1249
f 1438 1437 1439 1440
f 1438 1440 1441 1255
f 1438 1255 1253 1252
f 1441 1440 1442 1443
f 1441 1443 1444 1445
f 1441 1445 1256 1255
f 1445 1444 1446 1447
f 1445 1447 1257 1256
f 1447 1446 1448 1449
f 1447 1449 1259 1257
f 1449 1448 1450 1451
f 1449 1451 1261 1259
f 1451 1450 1452 1453
f 1451 1453 1263 1261
f 1453 1452 1454 1455
f 1453 1455 1265 1263
f 1455 1454 1456 1457
f 1455 1457 1267 1265
f 1457 1456 1458 1272
f 1457 1272 1269 1267
f 1458 1456 1459 1460
f 1458 1460 1461 1462
f 1458 1462 1273 1272
f 1462 1461 1463 1277
f 1462 1277 1274 1273
f 1463 1461 1464 1465
f 1463 1465 1466 1467
f 1463 1467 1278 1277
f 1467 1466 1468 1282
f 1467 1282 1279 1278
f 1468 1466 1469 1470
f 1468 1470 1471 1472
f 1468 1472 1283 1282
f 1472 1471 1473 1474
f 1472 1474 1284 1283
f 1474 1473 1475 1476
f 1474 1476 1286 1284
f 1476 1475 1477 1478
f 1476 1478 1288 1286
f 1478 1477 1479 1480
f 1478 1480 1290 1288
f 1480 1479 1481 1482
f 1480 1482 1292 1290
f 1482 1481 1483 1484
f 1482 1484 1294 1292
f 1484 1483 1485 1486
f 1484 1486 1296 1294
f 1486 1485 1487 1488
f 1486 1488 1298 1296
f 1488 1487 1489 1490
f 1488 1490 1300 1298
f 1490 1489 1491 1492
f 1490 1492 1302 1300
f 1492 1491 1493 1494
f 1492 1494 1304 1302
f 1494 1493 1495 1496
f 1494 1496 1306 1304
f 1496 1495 1497 1498
f 1496 1498 1308 1306
f 1498 1497 1499 1500
f 1498 1500 1501 1308
f 1501 1500 1502 1503
f 1501 1503 1313 1311
f 1501 1311 1309 1308
f 1503 1502 1504 1505
f 1503 1505 1315 1313
f 1505 1504 1506 1507
f 1505 1507 1317 1315
f 1507 1506 1508 1509
f 1507 1509 1319 1317
f 1509 1508 1510 1511
f 1509 1511 1321 1319
f 1511 1510 1512 1513
f 1511 1513 1514 1321
f 1514 1513 1515 1516
f 1514 1516 1326 1324
f 1514 1324 1322 1321
f 1516 1515 1517 1518
f 1516 1518 1328 1326
f 1518 1517 1519 1520
f 1518 1520 1330 1328
f 1520 1519 1521 1522
f 1520 1522 1332 1330
f 1522 1521 1523 1524
f 1522 1524 1334 1332
f 1524 1523 1525 1526
f 1524 1526 1336 1334
f 1526 1525 1527 1528
f 1526 1528 1338 1336
f 1528 1527 1529 1530
f 1528 1530 1340 1338
f 1530 1529 1531 1532
f 1530 1532 1342 1340
f 1532 1531 1533 1534
f 1532 1534 1535 1342
f 1535 1534 1536 1537
f 1535 1537 1538 1345
f 1535 1345 1343 1342
f 1538 1537 1539 1540
f 1538 1540 1541 1348
f 1538 1348 1346 1345
f 1541 1540 1542 1543
f 1541 1543 1544 1351
f 1541 1351 1349 1348
f 1544 1543 1545 1546
f 1544 1546 1547 1354
f 1544 1354 1352 1351
f 1547 1546 1548 1549
f 1547 1549 1550 1357
f 1547 1357 1355 1354
f 1550 1549 1551 1552
f 1550 1552 1553 1360
f 1550 1360 1358 1357
f 1553 1552 1554 1555
f 1553 1555 1556 1363
f 1553 1363 1361 1360
f 1556 1555 1557 1558
f 1556 1558 1559 1366
f 1556 1366 1364 1363
f 1559 1558 1560 1561
f 1559 1561 1562 1563
f 1559 1563 1367 1366
f 1563 1562 1564 1565
f 1563 1565 1368 1367
f 1565 1564 1566 1567
f 1565 1567 1370 1368
f 1567 1566 1568 1569
f 1567 1569 1372 1370
f 1569 1568 1570 1571
f 1569 1571 1374 1372
f 1571 1570 1388 1387
f 1571 1387 1376 1374
f 1570 1568 1572 1573
f 1570 1573 1389 1388
f 1573 1572 1574 1394
f 1573 1394 1391 1389
f 1574 1572 1575 1576
f 1574 1576 1577 1397
f 1574 1397 1395 1394
f 1577 1576 1578 1579
f 1577 1579 1580 1400
f 1577 1400 1398 1397
f 1580 1579 1581 1582
f 1580 1582 1583 1403
f 1580 1403 1401 1400
f 1583 1582 1584 1585
f 1583 1585 1586 1406
f 1583 1406 1404 1403
f 1586 1585 1587 1588
f 1586 1588 1589 1409
f 1586 1409 1407 1406
f 1589 1588 1590 1591
f 1589 1591 1592 1412
f 1589 1412 1410 1409
f 1592 1591 1593 1594
f 1592 1594 1595 1415
f 1592 1415 1413 1412
f 1595 1594 1596 1597
f 1595 1597 1598 1599
f 1595 1599 1416 1415
f 1599 1598 1600 1601
f 1599 1601 1417 1416
f 1601 1600 1602 1422
f 1601 1422 1419 1417
f 1602 1600 1603 1604
f 1602 1604 1605 1425
f 1602 1425 1423 1422
f 1605 1604 1606 1607
f 1605 1607 1608 1609
f 1605 1609 1426 1425
f 1609 1608 1610 1430
f 1609 1430 1427 1426
f 1610 1608 1611 1612
f 1610 1612 1613 1433
f 1610 1433 1431 1430
f 1613 1612 1614 1615
f 1613 1615 1616 1436
f 1613 1436 1434 1433
f 1616 1615 1617 1618
f 1616 1618 1619 1439
f 1616 1439 1437 1436
f 1619 1618 1620 1621
f 1619 1621 1622 1442
f 1619 1442 1440 1439
f 1622 1621 1623 1624
f 1622 1624 1625 1626
f 1622 1626 1443 1442
f 1626 1625 1627 1628
f 1626 1628 1444 1443
f 1628 1627 1629 1630
f 1628 1630 1446 1444
f 1630 1629 1631 1632
f 1630 1632 1448 1446
f 1632 1631 1633 1634
f 1632 1634 1450 1448
f 1634 1633 1635 1636
f 1634 1636 1452 1450
f 1636 1635 1637 1638
f 1636 1638 1454 1452
f 1638 1637 1639 1459
f 1638 1459 1456 1454
f 1639 1637 1640 1641
f 1639 1641 1642 1643
f 1639 1643 1460 1459
f 1643 1642 1644 1464
f 1643 1464 1461 1460
f 1644 1642 1645 1646
f 1644 1646 1647 1648
f 1644 1648 1465 1464
f 1648 1647 1649 1469
f 1648 1469 1466 1465
f 1649 1647 1650 1651
f 1649 1651 1652 1653
f 1649 1653 1470 1469
f 1653 1652 1654 1655
f 1653 1655 1471 1470
f 1655 1654 1656 1657
f 1655 1657 1473 1471
f 1657 1656 1658 1659
f 1657 1659 1475 1473
f 1659 1658 1660 1661
f 1659 1661 1477 1475
f 1661 1660 1662 1663
f 1661 1663 1479 1477
f 1663 1662 1664 1665
f 1663 1665 1481 1479
f 1665 1664 1666 1667
f 1665 1667 1483 1481
f 1667 1666 1668 1669
f 1667 1669 1485 1483
f 1669 1668 1670 1671
f 1669 1671 1487 1485
f 1671 1670 1672 1673
f 1671 1673 1489 1487
f 1673 1672 1674 1675
f 1673 1675 1491 1489
f 1675 1674 1676 1677
f 1675 1677 1493 1491
f 1677 1676 1678 1679
f 1677 1679 1495 1493
f 1679 1678 1680 1681
f 1679 1681 1497 1495
f 1681 1680 1682 1683
f 1681 1683 1499 1497
f 1683 1682 1684 1685
f 1683 1685 1686 1499
f 1686 1685 1687 1688
f 1686 1688 1504 1502
f 1686 1502 1500 1499
f 1688 1687 1689 1690
f 1688 1690 1506 1504
f 1690 1689 1691 1692
f 1690 1692 1508 1506
f 1692 1691 1693 1694
f 1692 1694 1510 1508
f 1694 1693 1695 1696
f 1694 1696 1512 1510
f 1696 1695 1697 1698
f 1696 1698 1699 1512
f 1699 1698 1700 1701
f 1699 1701 1517 1515
f 1699 1515 1513 1512
f 1701 1700 1702 1703
f 1701 1703 1519 1517
f 1703 1702 1704 1705
f 1703 1705 1521 1519
f 1705 1704 1706 1707
f 1705 1707 1523 1521
f 1707 1706 1708 1709
f 1707 1709 1525 1523
f 1709 1708 1710 1711
f 1709 1711 1527 1525
f 1711 1710 1712 1713
f 1711 1713 1529 1527
f 1713 1712 1714 1715
f 1713 1715 1531 1529
f 1715 1714 1716 1717
f 1715 1717 1533 1531
f 1717 1716 1718 1719
f 1717 1719 1720 1533
f 1720 1719 1721 1722
f 1720 1722 1723 1536
f 1720 1536 1534 1533
f 1723 1722 1724 1725
f 1723 1725 1726 1539
f 1723 1539 1537 1536
f 1726 1725 1727 1728
f 1726 1728 1729 1542
f 1726 1542 1540 1539
f 1729 1728 1730 1731
f 1729 1731 1732 1545
f 1729 1545 1543 1542
f 1732 1731 1733 1734
f 1732 1734 1735 1548
f 1732 1548 1546 1545
f 1735 1734 1736 1737
f 1735 1737 1738 1551
f 1735 1551 1549 1548
f 1738 1737 1739 1740
f 1738 1740 1741 1554
f 1738 1554 1552 1551
f 1741 1740 1742 1743
f 1741 1743 1744 1557
f 1741 1557 1555 1554
f 1744 1743 1745 1746
f 1744 1746 1747 1560
f 1744 1560 1558 1557
f 1747 1746 1748 1749
f 1747 1749 1750 1751
f 1747 1751 1561 1560
f 1751 1750 1752 1753
f 1751 1753 1562 1561
f 1753 1752 1578 1754
f 1753 1754 1564 1562
f 1754 1578 1576 1575
f 1754 1575 1566 1564
f 1752 1750 1755 1581
f 1752 1581 1579 1578
f 1755 1750 1749 1756
f 1755 1756 1757 1584
f 1755 1584 1582 1581
f 1757 1756 1758 1759
f 1757 1759 1760 1587
f 1757 1587 1585 1584
f 1760 1759 1761 1762
f 1760 1762 1763 1590
f 1760 1590 1588 1587
f 1763 1762 1764 1765
f 1763 1765 1766 1593
f 1763 1593 1591 1590
f 1766 1765 1767 1768
f 1766 1768 1769 1596
f 1766 1596 1594 1593
f 1769 1768 1770 1771
f 1769 1771 1772 1773
f 1769 1773 1597 1596
f 1773 1772 1774 1775
f 1773 1775 1598 1597
f 1775 1774 1776 1603
f 1775 1603 1600 1598
f 1776 1774 1777 1778
f 1776 1778 1779 1606
f 1776 1606 1604 1603
f 1779 1778 1780 1781
f 1779 1781 1782 1783
f 1779 1783 1607 1606
f 1783 1782 1784 1611
f 1783 1611 1608 1607
f 1784 1782 1785 1786
f 1784 1786 1787 1614
f 1784 1614 1612 1611
f 1787 1786 1788 1789
f 1787 1789 1790 1617
f 1787 1617 1615 1614
f 1790 1789 1791 1792
f 1790 1792 1793 1620
f 1790 1620 1618 1617
f 1793 1792 1794 1795
f 1793 1795 1796 1623
f 1793 1623 1621 1620
f 1796 1795 1797 1798
f 1796 1798 1799 1800
f 1796 1800 1624 1623
f 1800 1799 1801 1802
f 1800 1802 1625 1624
f 1802 1801 1803 1804
f 1802 1804 1627 1625
f 1804 1803 1805 1806
f 1804 1806 1629 1627
f 1806 1805 1807 1808
f 1806 1808 1631 1629
f 1808 1807 1809 1810
f 1808 1810 1633 1631
f 1810 1809 1811 1812
f 1810 1812 1635 1633
f 1812 1811 1813 1640
f 1812 1640 1637 1635
f 1813 1811 1814 1815
f 1813 1815 1816 1817
f 1813 1817 1641 1640
f 1817 1816 1818 1645
f 1817 1645 1642 1641
f 1818 1816 1819 1820
f 1818 1820 1821 1822
f 1818 1822 1646 1645
f 1822 1821 1823 1650
f 1822 1650 1647 1646
f 1823 1821 1824 1825
f 1823 1825 1826 1827
f 1823 1827 1651 1650
f 1827 1826 1828 1829
f 1827 1829 1652 1651
f 1829 1828 1830 1831
f 1829 1831 1654 1652
f 1831 1830 1832 1833
f 1831 1833 1656 1654
f 1833 1832 1834 1835
f 1833 1835 1658 1656
f 1835 1834 1836 1837
f 1835 1837 1660 1658
f 1837 1836 1838 1839
f 1837 1839 1662 1660
f 1839 1838 1840 1841
f 1839 1841 1664 1662
f 1841 1840 1842 1843
f 1841 1843 1666 1664
f 1843 1842 1844 1845
f 1843 1845 1668 1666
f 1845 1844 1846 1847
f 1845 1847 1670 1668
f 1847 1846 1848 1849
f 1847 1849 1672 1670
f 1849 1848 1850 1851
f 1849 1851 1674 1672
f 1851 1850 1852 1853
f 1851 1853 1676 1674
f 1853 1852 1854 1855
f 1853 1855 1678 1676
f 1855 1854 1856 1857
f 1855 1857 1680 1678
f 1857 1856 1858 1859
f 1857 1859 1682 1680
f 1859 1858 1860 1861
f 1859 1861 1684 1682
f 1861 1860 1862 1863
f 1861 1863 1864 1684
f 1864 1863 1865 1866
f 1864 1866 1689 1687
f 1864 1687 1685 1684
f 1866 1865 1867 1868
f 1866 1868 1691 1689
f 1868 1867 1869 1870
f 1868 1870 1693 1691
f 1870 1869 1871 1872
f 1870 1872 1695 1693
f 1872 1871 1873 1874
f 1872 1874 1697 1695
f 1874 1873 1875 1876
f 1874 1876 1877 1697
f 1877 1876 1878 1879
f 1877 1879 1702 1700
f 1877 1700 1698 1697
f 1879 1878 1880 1881
f 1879 1881 1704 1702
f 1881 1880 1882 1883
f 1881 1883 1706 1704
f 1883 1882 1884 1885
f 1883 1885 1708 1706
f 1885 1884 1886 1887
f 1885 1887 1710 1708
f 1887 1886 1888 1889
f 1887 1889 1712 1710
f 1889 1888 1890 1891
f 1889 1891 1714 1712
f 1891 1890 1892 1893
f 1891 1893 1716 1714
f 1893 1892 1894 1895
f 1893 1895 1718 1716
f 1895 1894 1896 1897
f 1895 1897 1898 1718
f 1898 1897 1899 1900
f 1898 1900 1901 1721
f 1898 1721 1719 1718
f 1901 1900 1902 1903
f 1901 1903 1904 1724
f 1901 1724 1722 1721
f 1904 1903 1905 1906
f 1904 1906 1907 1727
f 1904 1727 1725 1724
f 1907 1906 1908 1909
f 1907 1909 1910 1730
f 1907 1730 1728 1727
f 1910 1909 1911 1912
f 1910 1912 1913 1733
f 1910 1733 1731 1730
f 1913 1912 1914 1915
f 1913 1915 1916 1736
f 1913 1736 1734 1733
f 1916 1915 1917 1918
f 1916 1918 1919 1739
f 1916 1739 1737 1736
f 1919 1918 1920 1921
f 1919 1921 1922 1742
f 1919 1742 1740 1739
f 1922 1921 1923 1924
f 1922 1924 1925 1745
f 1922 1745 1743 1742
f 1925 1924 1926 1927
f 1925 1927 1758 1748
f 1925 1748 1746 1745
f 1927 1926 1928 1761
f 1927 1761 1759 1758
f 1928 1926 1929 1930
f 1928 1930 1931 1764
f 1928 1764 1762 1761
f 1931 1930 1932 1933
f 1931 1933 1934 1767
f 1931 1767 1765 1764
f 1934 1933 1935 1936
f 1934 1936 1937 1770
f 1934 1770 1768 1767
f 1937 1936 1938 1939
f 1937 1939 1940 1941
f 1937 1941 1771 1770
f 1941 1940 1942 1943
f 1941 1943 1772 1771
f 1943 1942 1944 1777
f 1943 1777 1774 1772
f 1944 1942 1945 1946
f 1944 1946 1947 1780
f 1944 1780 1778 1777
f 1947 1946 1948 1949
f 1947 1949 1950 1951
f 1947 1951 1781 1780
f 1951 1950 1952 1785
f 1951 1785 1782 1781
f 1952 1950 1953 1954
f 1952 1954 1955 1788
f 1952 1788 1786 1785
f 1955 1954 1956 1957
f 1955 1957 1958 1791
f 1955 1791 1789 1788
f 1958 1957 1959 1960
f 1958 1960 1961 1794
f 1958 1794 1792 1791
f 1961 1960 1962 1963
f 1961 1963 1964 1797
f 1961 1797 1795 1794
f 1964 1963 1965 1966
f 1964 1966 1967 1968
f 1964 1968 1798 1797
f 1968 1967 1969 1970
f 1968 1970 1799 1798
f 1970 1969 1971 1972
f 1970 1972 1801 1799
f 1972 1971 1973 1974
f 1972 1974 1803 1801
f 1974 1973 1975 1976
f 1974 1976 1805 1803
f 1976 1975 1977 1978
f 1976 1978 1807 1805
f 1978 1977 1979 1980
f 1978 1980 1809 1807
f 1980 1979 1981 1814
f 1980 1814 1811 1809
f 1981 1979 1982 1983
f 1981 1983 1984 1985
f 1981 1985 1815 1814
f 1985 1984 1986 1819
f 1985 1819 1816 1815
f 1986 1984 1987 1988
f 1986 1988 1989 1990
f 1986 1990 1820 1819
f 1990 1989 1991 1824
f 1990 1824 1821 1820
f 1991 1989 1992 1993
f 1991 1993 1994 1995
f 1991 1995 1825 1824
f 1995 1994 1996 1997
f 1995 1997 1826 1825
f 1997 1996 1998 1999
f 1997 1999 1828 1826
f 1999 1998 2000 2001
f 1999 2001 1830 1828
f 2001 2000 2002 2003
f 2001 2003 1832 1830
f 2003 2002 2004 2005
f 2003 2005 1834 1832
f 2005 2004 2006 2007
f 2005 2007 1836 1834
f 2007 2006 2008 2009
f 2007 2009 1838 1836
f 2009 2008 2010 2011
f 2009 2011 1840 1838
f 2011 2010 2012 2013
f 2011 2013 1842 1840
f 2013 2012 2014 2015
f 2013 2015 1844 1842
f 2015 2014 2016 2017
f 2015 2017 1846 1844
f 2017 2016 2018 2019
f 2017 2019 1848 1846
f 2019 2018 2020 2021
f 2019 2021 1850 1848
f 2021 2020 2022 2023
f 2021 2023 1852 1850
f 2023 2022 2024 2025
f 2023 2025 1854 1852
f 2025 2024 2026 2027
f 2025 2027 1856 1854
f 2027 2026 2028 2029
f 2027 2029 1858 1856
f 2029 2028 2030 2031
f 2029 2031 1860 1858
f 2031 2030 2032 2033
f 2031 2033 1862 1860
f 2033 2032 2034 2035
f 2033 2035 2036 1862
f 2036 2035 2037 2038
f 2036 2038 1867 1865
f 2036 1865 1863 1862
f 2038 2037 2039 2040
f 2038 2040 1869 1867
f 2040 2039 2041 2042
f 2040 2042 1871 1869
f 2042 2041 2043 2044
f 2042 2044 1873 1871
f 2044 2043 2045 2046
f 2044 2046 1875 1873
f 2046 2045 2047 2048
f 2046 2048 2049 1875
f 2049 2048 2050 2051
f 2049 2051 1880 1878
f 2049 1878 1876 1875
f 2051 2050 2052 2053
f 2051 2053 1882 1880
f 2053 2052 2054 2055
f 2053 2055 1884 1882
f 2055 2054 2056 2057
f 2055 2057 1886 1884
f 2057 2056 2058 2059
f 2057 2059 1888 1886
f 2059 2058 2060 2061
f 2059 2061 1890 1888
f 2061 2060 2062 2063
f 2061 2063 1892 1890
f 2063 2062 2064 2065
f 2063 2065 1894 1892
f 2065 2064 2066 2067
f 2065 2067 1896 1894
f 2067 2066 2068 2069
f 2067 2069 2070 1896
f 2070 2069 2071 2072
f 2070 2072 2073 1899
f 2070 1899 1897 1896
f 2073 2072 2074 2075
f 2073 2075 2076 1902
f 2073 1902 1900 1899
f 2076 2075 2077 2078
f 2076 2078 2079 1905
f 2076 1905 1903 1902
f 2079 2078 2080 2081
f 2079 2081 2082 1908
f 2079 1908 1906 1905
f 2082 2081 2083 2084
f 2082 2084 2085 1911
f 2082 1911 1909 1908
f 2085 2084 2086 2087
f 2085 2087 2088 1914
f 2085 1914 1912 1911
f 2088 2087 2089 2090
f 2088 2090 2091 1917
f 2088 1917 1915 1914
f 2091 2090 2092 2093
f 2091 2093 2094 1920
f 2091 1920 1918 1917
f 2094 2093 2095 2096
f 2094 2096 1929 1923
f 2094 1923 1921 1920
f 2096 2095 2097 1932
f 2096 1932 1930 1929
f 2097 2095 2098 2099
f 2097 2099 2100 1935
f 2097 1935 1933 1932
f 2100 2099 2101 2102
f 2100 2102 2103 1938
f 2100 1938 1936 1935
f 2103 2102 2104 2105
f 2103 2105 2106 2107
f 2103 2107 1939 1938
f 2107 2106 2108 2109
f 2107 2109 1940 1939
f 2109 2108 2110 1945
f 2109 1945 1942 1940
f 2110 2108 2111 2112
f 2110 2112 2113 1948
f 2110 1948 1946 1945
f 2113 2112 2114 2115
f 2113 2115 2116 2117
f 2113 2117 1949 1948
f 2117 2116 2118 1953
f 2117 1953 1950 1949
f 2118 2116 2119 2120
f 2118 2120 2121 1956
f 2118 1956 1954 1953
f 2121 2120 2122 2123
f 2121 2123 2124 1959
f 2121 1959 1957 1956
f 2124 2123 2125 2126
f 2124 2126 2127 1962
f 2124 1962 1960 1959
f 2127 2126 2128 2129
f 2127 2129 2130 1965
f 2127 1965 1963 1962
f 2130 2129 2131 2132
f 2130 2132 2133 2134
f 2130 2134 1966 1965
f 2134 2133 2135 2136
f 2134 2136 1967 1966
f 2136 2135 2137 2138
f 2136 2138 1969 1967
f 2138 2137 2139 2140
f 2138 2140 1971 1969
f 2140 2139 2141 2142
f 2140 2142 1973 1971
f 2142 2141 2143 2144
f 2142 2144 1975 1973
f 2144 2143 2145 2146
f 2144 2146 1977 1975
f 2146 2145 2147 1982
f 2146 1982 1979 1977
f 2147 2145 2148 2149
f 2147 2149 2150 2151
f 2147 2151 1983 1982
f 2151 2150 2152 1987
f 2151 1987 1984 1983
f 2152 2150 2153 2154
f 2152 2154 2155 2156
f 2152 2156 1988 1987
f 2156 2155 2157 1992
f 2156 1992 1989 1988
f 2157 2155 2158 2159
f 2157 2159 2160 2161
f 2157 2161 1993 1992
f 2161 2160 2162 2163
f 2161 2163 1994 1993
f 2163 2162 2164 2165
f 2163 2165 1996 1994
f 2165 2164 2166 2167
f 2165 2167 1998 1996
f 2167 2166 2168 2169
f 2167 2169 2000 1998
f 2169 2168 2170 2171
f 2169 2171 2002 2000
f 2171 2170 2172 2173
f 2171 2173 2004 2002
f 2173 2172 2174 2175
f 2173 2175 2006 2004
f 2175 2174 2176 2177
f 2175 2177 2008 2006
f 2177 2176 2178 2179
f 2177 2179 2010 2008
f 2179 2178 2180 2181
f 2179 2181 2012 2010
f 2181 2180 2182 2183
f 2181 2183 2014 2012
f 2183 2182 2184 2185
f 2183 2185 2016 2014
f 2185 2184 2186 2187
f 2185 2187 2018 2016
f 2187 2186 2188 2189
f 2187 2189 2020 2018
f 2189 2188 2190 2191
f 2189 2191 2022 2020
f 2191 2190 2192 2193
f 2191 2193 2024 2022
f 2193 2192 2194 2195
f 2193 2195 2026 2024
f 2195 2194 2196 2197
f 2195 2197 2028 2026
f 2197 2196 2198 2199
f 2197 2199 2030 2028
f 2199 2198 2200 2201
f 2199 2201 2032 2030
f 2201 2200 2202 2203
f 2201 2203 2034 2032
f 2203 2202 2204 2205
f 2203 2205 2206 2034
f 2206 2205 2207 2208
f 2206 2208 2039 2037
f 2206 2037 2035 2034
f 2208 2207 2209 2210
f 2208 2210 2041 2039
f 2210 2209 2211 2212
f 2210 2212 2043 2041
f 2212 2211 2213 2214
f 2212 2214 2045 2043
f 2214 2213 2215 2216
f 2214 2216 2047 2045
f 2216 2215 2217 2218
f 2216 2218 2219 2047
f 2219 2218 2220 2221
f 2219 2221 2052 2050
f 2219 2050 2048 2047
f 2221 2220 2222 2223
f 2221 2223 2054 2052
f 2223 2222 2224 2225
f 2223 2225 2056 2054
f 2225 2224 2226 2227
f 2225 2227 2058 2056
f 2227 2226 2228 2229
f 2227 2229 2060 2058
f 2229 2228 2230 2231
f 2229 2231 2062 2060
f 2231 2230 2232 2233
f 2231 2233 2064 2062
f 2233 2232 2234 2235
f 2233 2235 2066 2064
f 2235 2234 2236 2237
f 2235 2237 2068 2066
f 2237 2236 2238 2239
f 2237 2239 2240 2068
f 2240 2239 2241 2242
f 2240 2242 2243 2071
f 2240 2071 2069 2068
f 2243 2242 2244 2245
f 2243 2245 2246 2074
f 2243 2074 2072 2071
f 2246 2245 2247 2248
f 2246 2248 2249 2077
f 2246 2077 2075 2074
f 2249 2248 2250 2251
f 2249 2251 2252 2080
f 2249 2080 2078 2077
f 2252 2251 2253 2254
f 2252 2254 2255 2083
f 2252 2083 2081 2080
f 2255 2254 2256 2257
f 2255 2257 2258 2086
f 2255 2086 2084 2083
f 2258 2257 2259 2260
f 2258 2260 2261 2089
f 2258 2089 2087 2086
f 2261 2260 2262 2263
f 2261 2263 2098 2092
f 2261 2092 2090 2089
f 2263 2262 2264 2101
f 2263 2101 2099 2098
f 2264 2262 2265 2266
f 2264 2266 2267 2104
f 2264 2104 2102 2101
f 2267 2266 2268 2269
f 2267 2269 2270 2271
f 2267 2271 2105 2104
f 2271 2270 2272 2273
f 2271 2273 2106 2105
f 2273 2272 2274 2111
f 2273 2111 2108 2106
f 2274 2272 2275 2276
f 2274 2276 2277 2114
f 2274 2114 2112 2111
f 2277 2276 2278 2279
f 2277 2279 2280 2281
f 2277 2281 2115 2114
f 2281 2280 2282 2119
f 2281 2119 2116 2115
f 2282 2280 2283 2284
f 2282 2284 2285 2122
f 2282 2122 2120 2119
f 2285 2284 2286 2287
f 2285 2287 2288 2125
f 2285 2125 2123 2122
f 2288 2287 2289 2290
f 2288 2290 2291 2128
f 2288 2128 2126 2125
f 2291 2290 2292 2293
f 2291 2293 2294 2131
f 2291 2131 2129 2128
f 2294 2293 2295 2296
f 2294 2296 2297 2298
f 2294 2298 2132 2131
f 2298 2297 2299 2300
f 2298 2300 2133 2132
f 2300 2299 2301 2302
f 2300 2302 2135 2133
f 2302 2301 2303 2304
f 2302 2304 2137 2135
f 2304 2303 2305 2306
f 2304 2306 2139 2137
f 2306 2305 2307 2308
f 2306 2308 2141 2139
f 2308 2307 2309 2310
f 2308 2310 2143 2141
f 2310 2309 2311 2148
f 2310 2148 2145 2143
f 2311 2309 2312 2313
f 2311 2313 2314 2315
f 2311 2315 2149 2148
f 2315 2314 2316 2153
f 2315 2153 2150 2149
f 2316 2314 2317 2318
f 2316 2318 2319 2320
f 2316 2320 2154 2153
f 2320 2319 2321 2158
f 2320 2158 2155 2154
f 2321 2319 2322 2323
f 2321 2323 2324 2325
f 2321 2325 2159 2158
f 2325 2324 2326 2327
f 2325 2327 2160 2159
f 2327 2326 2328 2329
f 2327 2329 2162 2160
f 2329 2328 2330 2331
f 2329 2331 2164 2162
f 2331 2330 2332 2333
f 2331 2333 2166 2164
f 2333 2332 2334 2335
f 2333 2335 2168 2166
f 2335 2334 2336 2337
f 2335 2337 2170 2168
f 2337 2336 2338 2339
f 2337 2339 2172 2170
f 2339 2338 2340 2341
f 2339 2341 2174 2172
f 2341 2340 2342 2343
f 2341 2343 2176 2174
f 2343 2342 2344 2345
f 2343 2345 2178 2176
f 2345 2344 2346 2347
f 2345 2347 2180 2178
f 2347 2346 2348 2349
f 2347 2349 2182 2180
f 2349 2348 2350 2351
f 2349 2351 2184 2182
f 2351 2350 2352 2353
f 2351 2353 2186 2184
f 2353 2352 2354 2355
f 2353 2355 2188 2186
f 2355 2354 2356 2357
f 2355 2357 2190 2188
f 2357 2356 2358 2359
f 2357 2359 2192 2190
f 2359 2358 2360 2361
f 2359 2361 2194 2192
f 2361 2360 2362 2363
f 2361 2363 2196 2194
f 2363 2362 2364 2365
f 2363 2365 2198 2196
f 2365 2364 2366 2367
f 2365 2367 2200 2198
f 2367 2366 2368 2369
f 2367 2369 2202 2200
f 2369 2368 2370 2371
f 2369 2371 2204 2202
f 2371 2370 2372 2373
f 2371 2373 2374 2204
f 2374 2373 2375 2376
f 2374 2376 2209 2207
f 2374 2207 2205 2204
f 2376 2375 2377 2378
f 2376 2378 2211 2209
f 2378 2377 2379 2380
f 2378 2380 2213 2211
f 2380 2379 2381 2382
f 2380 2382 2215 2213
f 2382 2381 2383 2384
f 2382 2384 2217 2215
f 2384 2383 2385 2386
f 2384 2386 2387 2217
f 2387 2386 2388 2389
f 2387 2389 2222 2220
f 2387 2220 2218 2217
f 2389 2388 2390 2391
f 2389 2391 2224 2222
f 2391 2390 2392 2393
f 2391 2393 2226 2224
f 2393 2392 2394 2395
f 2393 2395 2228 2226
f 2395 2394 2396 2397
f 2395 2397 2230 2228
f 2397 2396 2398 2399
f 2397 2399 2232 2230
f 2399 2398 2400 2401
f 2399 2401 2234 2232
f 2401 2400 2402 2403
f 2401 2403 2236 2234
f 2403 2402 2404 2405
f 2403 2405 2238 2236
f 2405 2404 2406 2407
f 2405 2407 2408 2238
f 2408 2407 2409 2410
f 2408 2410 2411 2241
f 2408 2241 2239 2238
f 2411 2410 2412 2413
f 2411 2413 2414 2244
f 2411 2244 2242 2241
f 2414 2413 2415 2416
f 2414 2416 2417 2247
f 2414 2247 2245 2244
f 2417 2416 2418 2419
f 2417 2419 2420 2250
f 2417 2250 2248 2247
f 2420 2419 2421 2422
f 2420 2422 2423 2253
f 2420 2253 2251 2250
f 2423 2422 2424 2425
f 2423 2425 2426 2256
f 2423 2256 2254 2253
f 2426 2425 2427 2428
f 2426 2428 2265 2259
f 2426 2259 2257 2256
f 2428 2427 2429 2268
f 2428 2268 2266 2265
f 2429 2427 2430 2431
f 2429 2431 2432 2433
f 2429 2433 2269 2268
f 2433 2432 2434 2435
f 2433 2435 2270 2269
f 2435 2434 2436 2275
f 2435 2275 2272 2270
f 2436 2434 2437 2438
f 2436 2438 2439 2278
f 2436 2278 2276 2275
f 2439 2438 2440 2441
f 2439 2441 2442 2443
f 2439 2443 2279 2278
f 2443 2442 2444 2283
f 2443 2283 2280 2279
f 2444 2442 2445 2446
f 2444 2446 2447 2286
f 2444 2286 2284 2283
f 2447 2446 2448 2449
f 2447 2449 2450 2289
f 2447 2289 2287 2286
f 2450 2449 2451 2452
f 2450 2452 2453 2292
f 2450 2292 2290 2289
f 2453 2452 2454 2455
f 2453 2455 2456 2295
f 2453 2295 2293 2292
f 2456 2455 2457 2458
f 2456 2458 2459 2460
f 2456 2460 2296 2295
f 2460 2459 2461 2462
f 2460 2462 2297 2296
f 2462 2461 2463 2464
f 2462 2464 2299 2297
f 2464 2463 2465 2466
f 2464 2466 2301 2299
f 2466 2465 2467 2468
f 2466 2468 2303 2301
f 2468 2467 2469 2470
f 2468 2470 2305 2303
f 2470 2469 2471 2472
f 2470 2472 2307 2305
f 2472 2471 2473 2312
f 2472 2312 2309 2307
f 2473 2471 2474 2475
f 2473 2475 2476 2477
f 2473 2477 2313 2312
f 2477 2476 2478 2317
f 2477 2317 2314 2313
f 2478 2476 2479 2480
f 2478 2480 2481 2482
f 2478 2482 2318 2317
f 2482 2481 2483 2322
f 2482 2322 2319 2318
f 2483 2481 2484 2485
f 2483 2485 2486 2487
f 2483 2487 2323 2322
f 2487 2486 2488 2489
f 2487 2489 2324 2323
f 2489 2488 2490 2491
f 2489 2491 2326 2324
f 2491 2490 2492 2493
f 2491 2493 2328 2326
f 2493 2492 2494 2495
f 2493 2495 2330 2328
f 2495 2494 2496 2497
f 2495 2497 2332 2330
f 2497 2496 2498 2499
f 2497 2499 2334 2332
f 2499 2498 2500 2501
f 2499 2501 2336 2334
f 2501 2500 2502 2503
f 2501 2503 2338 2336
f 2503 2502 2504 2505
f 2503 2505 2340 2338
f 2505 2504 2506 2507
f 2505 2507 2342 2340
f 2507 2506 2508 2509
f 2507 2509 2344 2342
f 2509 2508 2510 2511
f 2509 2511 2346 2344
f 2511 2510 2512 2513
f 2511 2513 2348 2346
f 2513 2512 2514 2515
f 2513 2515 2350 2348
f 2515 2514 2516 2517
f 2515 2517 2352 2350
f 2517 2516 2518 2519
f 2517 2519 2354 2352
f 2519 2518 2520 2521
f 2519 2521 2356 2354
f 2521 2520 2522 2523
f 2521 2523 2358 2356
f 2523 2522 2524 2525
f 2523 2525 2360 2358
f 2525 2524 2526 2527
f 2525 2527 2362 2360
f 2527 2526 2528 2529
f 2527 2529 2364 2362
f 2529 2528 2530 2531
f 2529 2531 2366 2364
f 2531 2530 2532 2533
f 2531 2533 2368 2366
f 2533 2532 2534 2535
f 2533 2535 2370 2368
f 2535 2534 2536 2537
f 2535 2537 2372 2370
f 2537 2536 2538 2539
f 2537 2539 2540 2372
f 2540 2539 2541 2542
f 2540 2542 2377 2375
f 2540 2375 2373 2372
f 2542 2541 2543 2544
f 2542 2544 2379 2377
f 2544 2543 2545 2546
f 2544 2546 2381 2379
f 2546 2545 2547 2548
f 2546 2548 2383 2381
f 2548 2547 2549 2550
f 2548 2550 2385 2383
f 2550 2549 2551 2552
f 2550 2552 2553 2385
f 2553 2552 2554 2555
f 2553 2555 2390 2388
f 2553 2388 2386 2385
f 2555 2554 2556 2557
f 2555 2557 2392 2390
f 2557 2556 2558 2559
f 2557 2559 2394 2392
f 2559 2558 2560 2561
f 2559 2561 2396 2394
f 2561 2560 2562 2563
f 2561 2563 2398 2396
f 2563 2562 2564 2565
f 2563 2565 2400 2398
f 2565 2564 2566 2567
f 2565 2567 2402 2400
f 2567 2566 2568 2569
f 2567 2569 2404 2402
f 2569 2568 2570 2571
f 2569 2571 2406 2404
f 2571 2570 2572 2573
f 2571 2573 2574 2406
f 2574 2573 2575 2576
f 2574 2576 2577 2409
f 2574 2409 2407 2406
f 2577 2576 2578 2579
f 2577 2579 2580 2412
f 2577 2412 2410 2409
f 2580 2579 2581 2582
f 2580 2582 2583 2415
f 2580 2415 2413 2412
f 2583 2582 2584 2585
f 2583 2585 2586 2418
f 2583 2418 2416 2415
f 2586 2585 2587 2588
f 2586 2588 2589 2421
f 2586 2421 2419 2418
f 2589 2588 2590 2591
f 2589 2591 2430 2424
f 2589 2424 2422 2421
f 2591 2590 2592 2593
f 2591 2593 2431 2430
f 2593 2592 2594 2595
f 2593 2595 2432 2431
f 2595 2594 2596 2437
f 2595 2437 2434 2432
f 2596 2594 2597 2598
f 2596 2598 2599 2440
f 2596 2440 2438 2437
f 2599 2598 2600 2601
f 2599 2601 2602 2603
f 2599 2603 2441 2440
f 2603 2602 2604 2445
f 2603 2445 2442 2441
f 2604 2602 2605 2606
f 2604 2606 2607 2448
f 2604 2448 2446 2445
f 2607 2606 2608 2609
f 2607 2609 2610 2451
f 2607 2451 2449 2448
f 2610 2609 2611 2612
f 2610 2612 2613 2454
f 2610 2454 2452 2451
f 2613 2612 2614 2615
f 2613 2615 2616 2457
f 2613 2457 2455 2454
f 2616 2615 2617 2618
f 2616 2618 2619 2620
f 2616 2620 2458 2457
f 2620 2619 2621 2622
f 2620 2622 2459 2458
f 2622 2621 2623 2624
f 2622 2624 2461 2459
f 2624 2623 2625 2626
f 2624 2626 2463 2461
f 2626 2625 2627 2628
f 2626 2628 2465 2463
f 2628 2627 2629 2630
f 2628 2630 2467 2465
f 2630 2629 2631 2632
f 2630 2632 2469 2467
f 2632 2631 2633 2474
f 2632 2474 2471 2469
f 2633 2631 2634 2635
f 2633 2635 2636 2637
f 2633 2637 2475 2474
f 2637 2636 2638 2479
f 2637 2479 2476 2475
f 2638 2636 2639 2640
f 2638 2640 2641 2642
f 2638 2642 2480 2479
f 2642 2641 2643 2484
f 2642 2484 2481 2480
f 2643 2641 2644 2645
f 2643 2645 2646 2647
f 2643 2647 2485 2484
f 2647 2646 2648 2649
f 2647 2649 2486 2485
f 2649 2648 2650 2651
f 2649 2651 2488 2486
f 2651 2650 2652 2653
f 2651 2653 2490 2488
f 2653 2652 2654 2655
f 2653 2655 2492 2490
f 2655 2654 2656 2657
f 2655 2657 2494 2492
f 2657 2656 2658 2659
f 2657 2659 2496 2494
f 2659 2658 2660 2661
f 2659 2661 2498 2496
f 2661 2660 2662 2663
f 2661 2663 2500 2498
f 2663 2662 2664 2665
f 2663 2665 2502 2500
f 2665 2664 2666 2667
f 2665 2667 2504 2502
f 2667 2666 2668 2669
f 2667 2669 2506 2504
f 2669 2668 2670 2671
f 2669 2671 2508 2506
f 2671 2670 2672 2673
f 2671 2673 2510 2508
f 2673 2672 2674 2675
f 2673 2675 2512 2510
f 2675 2674 2676 2677
f 2675 2677 2514 2512
f 2677 2676 2678 2679
f 2677 2679 2516 2514
f 2679 2678 2680 2681
f 2679 2681 2518 2516
f 2681 2680 2682 2683
f 2681 2683 2520 2518
f 2683 2682 2684 2685
f 2683 2685 2522 2520
f 2685 2684 2686 2687
f 2685 2687 2524 2522
f 2687 2686 2688 2689
f 2687 2689 2526 2524
f 2689 2688 2690 2691
f 2689 2691 2528 2526
f 2691 2690 2692 2693
f 2691 2693 2530 2528
f 2693 2692 2694 2695
f 2693 2695 2532 2530
f 2695 2694 2696 2697
f 2695 2697 2534 2532
f 2697 2696 2698 2699
f 2697 2699 2536 2534
f 2699 2698 2700 2701
f 2699 2701 2538 2536
f 2701 2700 2702 2703
f 2701 2703 2704 2538
f 2704 2703 2705 2706
f 2704 2706 2543 2541
f 2704 2541 2539 2538
f 2706 2705 2707 2708
f 2706 2708 2545 2543
f 2708 2707 2709 2710
f 2708 2710 2547 2545
f 2710 2709 2711 2712
f 2710 2712 2549 2547
f 2712 2711 2713 2714
f 2712 2714 2551 2549
f 2714 2713 2715 2716
f 2714 2716 2717 2551
f 2717 2716 2718 2719
f 2717 2719 2556 2554
f 2717 2554 2552 2551
f 2719 2718 2720 2721
f 2719 2721 2558 2556
f 2721 2720 2722 2723
f 2721 2723 2560 2558
f 2723 2722 2724 2725
f 2723 2725 2562 2560
f 2725 2724 2726 2727
f 2725 2727 2564 2562
f 2727 2726 2728 2729
f 2727 2729 2566 2564
f 2729 2728 2730 2731
f 2729 2731 2568 2566
f 2731 2730 2732 2733
f 2731 2733 2570 2568
f 2733 2732 2734 2735
f 2733 2735 2572 2570
f 2735 2734 2736 2737
f 2735 2737 2738 2572
f 2738 2737 2739 2740
f 2738 2740 2741 2575
f 2738 2575 2573 2572
f 2741 2740 2742 2743
f 2741 2743 2744 2578
f 2741 2578 2576 2575
f 2744 2743 2745 2746
f 2744 2746 2747 2581
f 2744 2581 2579 2578
f 2747 2746 2748 2749
f 2747 2749 2750 2584
f 2747 2584 2582 2581
f 2750 2749 2751 2752
f 2750 2752 2753 2587
f 2750 2587 2585 2584
f 2753 2752 2754 2755
f 2753 2755 2592 2590
f 2753 2590 2588 2587
f 2755 2754 2756 2597
f 2755 2597 2594 2592
f 2756 2754 2757 2758
f 2756 2758 2759 2600
f 2756 2600 2598 2597
f 2759 2758 2760 2761
f 2759 2761 2762 2763
f 2759 2763 2601 2600
f 2763 2762 2764 2605
f 2763 2605 2602 2601
f 2764 2762 2765 2766
f 2764 2766 2767 2608
f 2764 2608 2606 2605
f 2767 2766 2768 2769
f 2767 2769 2770 2611
f 2767 2611 2609 2608
f 2770 2769 2771 2772
f 2770 2772 2773 2614
f 2770 2614 2612 2611
f 2773 2772 2774 2775
f 2773 2775 2776 2617
f 2773 2617 2615 2614
f 2776 2775 2777 2778
f 2776 2778 2779 2780
f 2776 2780 2618 2617
f 2780 2779 2781 2782
f 2780 2782 2619 2618
f 2782 2781 2783 2784
f 2782 2784 2621 2619
f 2784 2783 2785 2786
f 2784 2786 2623 2621
f 2786 2785 2787 2788
f 2786 2788 2625 2623
f 2788 2787 2789 2790
f 2788 2790 2627 2625
f 2790 2789 2791 2792
f 2790 2792 2629 2627
f 2792 2791 2793 2634
f 2792 2634 2631 2629
f 2793 2791 2794 2795
f 2793 2795 2796 2797
f 2793 2797 2635 2634
f 2797 2796 2798 2639
f 2797 2639 2636 2635
f 2798 2796 2799 2800
f 2798 2800 2801 2802
f 2798 2802 2640 2639
f 2802 2801 2803 2644
f 2802 2644 2641 2640
f 2803 2801 2804 2805
f 2803 2805 2806 2807
f 2803 2807 2645 2644
f 2807 2806 2808 2809
f 2807 2809 2646 2645
f 2809 2808 2810 2811
f 2809 2811 2648 2646
f 2811 2810 2812 2813
f 2811 2813 2650 2648
f 2813 2812 2814 2815
f 2813 2815 2652 2650
f 2815 2814 2816 2817
f 2815 2817 2654 2652
f 2817 2816 2818 2819
f 2817 2819 2656 2654
f 2819 2818 2820 2821
f 2819 2821 2658 2656
f 2821 2820 2822 2823
f 2821 2823 2660 2658
f 2823 2822 2824 2825
f 2823 2825 2662 2660
f 2825 2824 2826 2827
f 2825 2827 2664 2662
f 2827 2826 2828 2829
f 2827 2829 2666 2664
f 2829 2828 2830 2831
f 2829 2831 2668 2666
f 2831 2830 2832 2833
f 2831 2833 2670 2668
f 2833 2832 2834 2835
f 2833 2835 2672 2670
f 2835 2834 2836 2837
f 2835 2837 2674 2672
f 2837 2836 2838 2839
f 2837 2839 2676 2674
f 2839 2838 2840 2841
f 2839 2841 2678 2676
f 2841 2840 2842 2843
f 2841 2843 2680 2678
f 2843 2842 2844 2845
f 2843 2845 2682 2680
f 2845 2844 2846 2847
f 2845 2847 2684 2682
f 2847 2846 2848 2849
f 2847 2849 2686 2684
f 2849 2848 2850 2851
f 2849 2851 2688 2686
f 2851 2850 2852 2853
f 2851 2853 2690 2688
f 2853 2852 2854 2855
f 2853 2855 2692 2690
f 2855 2854 2856 2857
f 2855 2857 2694 2692
f 2857 2856 2858 2859
f 2857 2859 2696 2694
f 2859 2858 2860 2861
f 2859 2861 2698 2696
f 2861 2860 2862 2863
f 2861 2863 2700 2698
f 2863 2862 2864 2865
f 2863 2865 2702 2700
f 2865 2864 2866 2867
f 2865 2867 2868 2702
f 2868 2867 2869 2870
f 2868 2870 2707 2705
f 2868 2705 2703 2702
f 2870 2869 2871 2872
f 2870 2872 2709 2707
f 2872 2871 2873 2874
f 2872 2874 2711 2709
f 2874 2873 2875 2876
f 2874 2876 2713 2711
f 2876 2875 2877 2878
f 2876 2878 2715 2713
f 2878 2877 2879 2880
f 2878 2880 2881 2715
f 2881 2880 2882 2883
f 2881 2883 2720 2718
f 2881 2718 2716 2715
f 2883 2882 2884 2885
f 2883 2885 2722 2720
f 2885 2884 2886 2887
f 2885 2887 2724 2722
f 2887 2886 2888 2889
f 2887 2889 2726 2724
f 2889 2888 2890 2891
f 2889 2891 2728 2726
f 2891 2890 2892 2893
f 2891 2893 2730 2728
f 2893 2892 2894 2895
f 2893 2895 2732 2730
f 2895 2894 2896 2897
f 2895 2897 2734 2732
f 2897 2896 2898 2899
f 2897 2899 2736 2734
f 2899 2898 2900 2901
f 2899 2901 2902 2736
f 2902 2901 2903 2904
f 2902 2904 2905 2739
f 2902 2739 2737 2736
f 2905 2904 2906 2907
f 2905 2907 2908 2742
f 2905 2742 2740 2739
f 2908 2907 2909 2910
f 2908 2910 2911 2745
f 2908 2745 2743 2742
f 2911 2910 2912 2913
f 2911 2913 2914 2748
f 2911 2748 2746 2745
f 2914 2913 2915 2916
f 2914 2916 2757 2751
f 2914 2751 2749 2748
f 2916 2915 2917 2760
f 2916 2760 2758 2757
f 2917 2915 2918 2919
f 2917 2919 2920 2921
f 2917 2921 2761 2760
f 2921 2920 2922 2765
f 2921 2765 2762 2761
f 2922 2920 2923 2924
f 2922 2924 2925 2768
f 2922 2768 2766 2765
f 2925 2924 2926 2927
f 2925 2927 2928 2771
f 2925 2771 2769 2768
f 2928 2927 2929 2930
f 2928 2930 2931 2774
f 2928 2774 2772 2771
f 2931 2930 2932 2933
f 2931 2933 2934 2777
f 2931 2777 2775 2774
f 2934 2933 2935 2936
f 2934 2936 2937 2938
f 2934 2938 2778 2777
f 2938 2937 2939 2940
f 2938 2940 2779 2778
f 2940 2939 2941 2942
f 2940 2942 2781 2779
f 2942 2941 2943 2944
f 2942 2944 2783 2781
f 2944 2943 2945 2946
f 2944 2946 2785 2783
f 2946 2945 2947 2948
f 2946 2948 2787 2785
f 2948 2947 2949 2950
f 2948 2950 2789 2787
f 2950 2949 2951 2794
f 2950 2794 2791 2789
f 2951 2949 2952 2953
f 2951 2953 2954 2955
f 2951 2955 2795 2794
f 2955 2954 2956 2799
f 2955 2799 2796 2795
f 2956 2954 2957 2958
f 2956 2958 2959 2960
f 2956 2960 2800 2799
f 2960 2959 2961 2804
f 2960 2804 2801 2800
f 2961 2959 2962 2963
f 2961 2963 2964 2965
f 2961 2965 2805 2804
f 2965 2964 2966 2967
f 2965 2967 2806 2805
f 2967 2966 2968 2969
f 2967 2969 2808 2806
f 2969 2968 2970 2971
f 2969 2971 2810 2808
f 2971 2970 2972 2973
f 2971 2973 2812 2810
f 2973 2972 2974 2975
f 2973 2975 2814 2812
f 2975 2974 2976 2977
f 2975 2977 2816 2814
f 2977 2976 2978 2979
f 2977 2979 2818 2816
f 2979 2978 2980 2981
f 2979 2981 2820 2818
f 2981 2980 2982 2983
f 2981 2983 2822 2820
f 2983 2982 2984 2985
f 2983 2985 2824 2822
f 2985 2984 2986 2987
f 2985 2987 2826 2824
f 2987 2986 2988 2989
f 2987 2989 2828 2826
f 2989 2988 2990 2991
f 2989 2991 2830 2828
f 2991 2990 2992 2993
f 2991 2993 2832 2830
f 2993 2992 2994 2995
f 2993 2995 2834 2832
f 2995 2994 2996 2997
f 2995 2997 2836 2834
f 2997 2996 2998 2999
f 2997 2999 2838 2836
f 2999 2998 3000 3001
f 2999 3001 2840 2838
f 3001 3000 3002 3003
f 3001 3003 2842 2840
f 3003 3002 3004 3005
f 3003 3005 2844 2842
f 3005 3004 3006 3007
f 3005 3007 2846 2844
f 3007 3006 3008 3009
f 3007 3009 2848 2846
f 3009 3008 3010 3011
f 3009 3011 2850 2848
f 3011 3010 3012 3013
f 3011 3013 2852 2850
f 3013 3012 3014 3015
f 3013 3015 2854 2852
f 3015 3014 3016 3017
f 3015 3017 2856 2854
f 3017 3016 3018 3019
f 3017 3019 2858 2856
f 3019 3018 3020 3021
f 3019 3021 2860 2858
f 3021 3020 3022 3023
f 3021 3023 2862 2860
f 3023 3022 3024 3025
f 3023 3025 2864 2862
f 3025 3024 3026 3027
f 3025 3027 2866 2864
f 3027 3026 3028 3029
f 3027 3029 3030 2866
f 3030 3029 3031 3032
f 3030 3032 2871 2869
f 3030 2869 2867 2866
f 3032 3031 3033 3034
f 3032 3034 2873 2871
f 3034 3033 3035 3036
f 3034 3036 2875 2873
f 3036 3035 3037 3038
f 3036 3038 2877 2875
f 3038 3037 3039 3040
f 3038 3040 2879 2877
f 3040 3039 3041 3042
f 3040 3042 3043 2879
f 3043 3042 3044 3045
f 3043 3045 2884 2882
f 3043 2882 2880 2879
f 3045 3044 3046 3047
f 3045 3047 2886 2884
f 3047 3046 3048 3049
f 3047 3049 2888 2886
f 3049 3048 3050 3051
f 3049 3051 2890 2888
f 3051 3050 3052 3053
f 3051 3053 2892 2890
f 3053 3052 3054 3055
f 3053 3055 2894 2892
f 3055 3054 3056 3057
f 3055 3057 2896 2894
f 3057 3056 3058 3059
f 3057 3059 2898 2896
f 3059 3058 3060 3061
f 3059 3061 2900 2898
f 3061 3060 3062 3063
f 3061 3063 3064 2900
f 3064 3063 3065 3066
f 3064 3066 3067 2903
f 3064 2903 2901 2900
f 3067 3066 3068 3069
f 3067 3069 3070 2906
f 3067 2906 2904 2903
f 3070 3069 3071 3072
f 3070 3072 3073 2909
f 3070 2909 2907 2906
f 3073 3072 3074 3075
f 3073 3075 2918 2912
f 3073 2912 2910 2909
f 3075 3074 3076 3077
f 3075 3077 2919 2918
f 3077 3076 3078 2923
f 3077 2923 2920 2919
f 3078 3076 3079 3080
f 3078 3080 3081 2926
f 3078 2926 2924 2923
f 3081 3080 3082 3083
f 3081 3083 3084 2929
f 3081 2929 2927 2926
f 3084 3083 3085 3086
f 3084 3086 3087 2932
f 3084 2932 2930 2929
f 3087 3086 3088 3089
f 3087 3089 3090 2935
f 3087 2935 2933 2932
f 3090 3089 3091 3092
f 3090 3092 3093 3094
f 3090 3094 2936 2935
f 3094 3093 3095 3096
f 3094 3096 2937 2936
f 3096 3095 3097 3098
f 3096 3098 2939 2937
f 3098 3097 3099 3100
f 3098 3100 2941 2939
f 3100 3099 3101 3102
f 3100 3102 2943 2941
f 3102 3101 3103 3104
f 3102 3104 2945 2943
f 3104 3103 3105 3106
f 3104 3106 2947 2945
f 3106 3105 3107 2952
f 3106 2952 2949 2947
f 3107 3105 3108 3109
f 3107 3109 3110 3111
f 3107 3111 2953 2952
f 3111 3110 3112 2957
f 3111 2957 2954 2953
f 3112 3110 3113 3114
f 3112 3114 3115 3116
f 3112 3116 2958 2957
f 3116 3115 3117 2962
f 3116 2962 2959 2958
f 3117 3115 3118 3119
f 3117 3119 3120 3121
f 3117 3121 2963 2962
f 3121 3120 3122 3123
f 3121 3123 2964 2963
f 3123 3122 3124 3125
f 3123 3125 2966 2964
f 3125 3124 3126 3127
f 3125 3127 2968 2966
f 3127 3126 3128 3129
f 3127 3129 2970 2968
f 3129 3128 3130 3131
f 3129 3131 2972 2970
f 3131 3130 3132 3133
f 3131 3133 2974 2972
f 3133 3132 3134 3135
f 3133 3135 2976 2974
f 3135 3134 3136 3137
f 3135 3137 2978 2976
f 3137 3136 3138 3139
f 3137 3139 2980 2978
f 3139 3138 3140 3141
f 3139 3141 2982 2980
f 3141 3140 3142 3143
f 3141 3143 2984 2982
f 3143 3142 3144 3145
f 3143 3145 2986 2984
f 3145 3144 3146 3147
f 3145 3147 2988 2986
f 3147 3146 3148 3149
f 3147 3149 2990 2988
f 3149 3148 3150 3151
f 3149 3151 2992 2990
f 3151 3150 3152 3153
f 3151 3153 2994 2992
f 3153 3152 3154 3155
f 3153 3155 2996 2994
f 3155 3154 3156 3157
f 3155 3157 2998 2996
f 3157 3156 3158 3159
f 3157 3159 3000 2998
f 3159 3158 3160 3161
f 3159 3161 3002 3000
f 3161 3160 3162 3163
f 3161 3163 3004 3002
f 3163 3162 3164 3165
f 3163 3165 3006 3004
f 3165 3164 3166 3167
f 3165 3167 3008 3006
f 3167 3166 3168 3169
f 3167 3169 3010 3008
f 3169 3168 3170 3171
f 3169 3171 3012 3010
f 3171 3170 3172 3173
f 3171 3173 3014 3012
f 3173 3172 3174 3175
f 3173 3175 3016 3014
f 3175 3174 3176 3177
f 3175 3177 3018 3016
f 3177 3176 3178 3179
f 3177 3179 3020 3018
f 3179 3178 3180 3181
f 3179 3181 3022 3020
f 3181 3180 3182 3183
f 3181 3183 3024 3022
f 3183 3182 3184 3185
f 3183 3185 3026 3024
f 3185 3184 3186 3187
f 3185 3187 3028 3026
f 3187 3186 3188 3189
f 3187 3189 3190 3028
f 3190 3189 3191 3192
f 3190 3192 3033 3031
f 3190 3031 3029 3028
f 3192 3191 3193 3194
f 3192 3194 3035 3033
f 3194 3193 3195 3196
f 3194 3196 3037 3035
f 3196 3195 3197 3198
f 3196 3198 3039 3037
f 3198 3197 3199 3200
f 3198 3200 3041 3039
f 3200 3199 3201 3202
f 3200 3202 3203 3041
f 3203 3202 3204 3205
f 3203 3205 3046 3044
f 3203 3044 3042 3041
f 3205 3204 3206 3207
f 3205 3207 3048 3046
f 3207 3206 3208 3209
f 3207 3209 3050 3048
f 3209 3208 3210 3211
f 3209 3211 3052 3050
f 3211 3210 3212 3213
f 3211 3213 3054 3052
f 3213 3212 3214 3215
f 3213 3215 3056 3054
f 3215 3214 3216 3217
f 3215 3217 3058 3056
f 3217 3216 3218 3219
f 3217 3219 3060 3058
f 3219 3218 3220 3221
f 3219 3221 3062 3060
f 3221 3220 3222 3223
f 3221 3223 3224 3062
f 3224 3223 3225 3226
f 3224 3226 3227 3065
f 3224 3065 3063 3062
f 3227 3226 3228 3229
f 3227 3229 3230 3068
f 3227 3068 3066 3065
f 3230 3229 3231 3232
f 3230 3232 3233 3071
f 3230 3071 3069 3068
f 3233 3232 3234 3079
f 3233 3079 3076 3074
f 3233 3074 3072 3071
f 3234 3232 3231 3235
f 3234 3235 3236 3082
f 3234 3082 3080 3079
f 3236 3235 3237 3238
f 3236 3238 3239 3085
f 3236 3085 3083 3082
f 3239 3238 3240 3241
f 3239 3241 3242 3088
f 3239 3088 3086 3085
f 3242 3241 3243 3244
f 3242 3244 3245 3091
f 3242 3091 3089 3088
f 3245 3244 3246 3247
f 3245 3247 3248 3249
f 3245 3249 3092 3091
f 3249 3248 3250 3251
f 3249 3251 3093 3092
f 3251 3250 3252 3253
f 3251 3253 3095 3093
f 3253 3252 3254 3255
f 3253 3255 3097 3095
f 3255 3254 3256 3257
f 3255 3257 3099 3097
f 3257 3256 3258 3259
f 3257 3259 3101 3099
f 3259 3258 3260 3261
f 3259 3261 3103 3101
f 3261 3260 3262 3108
f 3261 3108 3105 3103
f 3262 3260 3263 3264
f 3262 3264 3265 3266
f 3262 3266 3109 3108
f 3266 3265 3267 3113
f 3266 3113 3110 3109
f 3267 3265 3268 3269
f 3267 3269 3270 3271
f 3267 3271 3114 3113
f 3271 3270 3272 3118
f 3271 3118 3115 3114
f 3272 3270 3273 3274
f 3272 3274 3275 3276
f 3272 3276 3119 3118
f 3276 3275 3277 3278
f 3276 3278 3120 3119
f 3278 3277 3279 3280
f 3278 3280 3122 3120
f 3280 3279 3281 3282
f 3280 3282 3124 3122
f 3282 3281 3283 3284
f 3282 3284 3126 3124
f 3284 3283 3285 3286
f 3284 3286 3128 3126
f 3286 3285 3287 3288
f 3286 3288 3130 3128
f 3288 3287 3289 3290
f 3288 3290 3132 3130
f 3290 3289 3291 3292
f 3290 3292 3134 3132
f 3292 3291 3293 3294
f 3292 3294 3136 3134
f 3294 3293 3295 3296
f 3294 3296 3138 3136
f 3296 3295 3297 3298
f 3296 3298 3140 3138
f 3298 3297 3299 3300
f 3298 3300 3142 3140
f 3300 3299 3301 3302
f 3300 3302 3144 3142
f 3302 3301 3303 3304
f 3302 3304 3146 3144
f 3304 3303 3305 3306
f 3304 3306 3148 3146
f 3306 3305 3307 3308
f 3306 3308 3150 3148
f 3308 3307 3309 3310
f 3308 3310 3152 3150
f 3310 3309 3311 3312
f 3310 3312 3154 3152
f 3312 3311 3313 3314
f 3312 3314 3156 3154
f 3314 3313 3315 3316
f 3314 3316 3158 3156
f 3316 3315 3317 3318
f 3316 3318 3160 3158
f 3318 3317 3319 3320
f 3318 3320 3162 3160
f 3320 3319 3321 3322
f 3320 3322 3164 3162
f 3322 3321 3323 3324
f 3322 3324 3166 3164
f 3324 3323 3325 3326
f 3324 3326 3168 3166
f 3326 3325 3327 3328
f 3326 3328 3170 3168
f 3328 3327 3329 3330
f 3328 3330 3172 3170
f 3330 3329 3331 3332
f 3330 3332 3174 3172
f 3332 3331 3333 3334
f 3332 3334 3176 3174
f 3334 3333 3335 3336
f 3334 3336 3178 3176
f 3336 3335 3337 3338
f 3336 3338 3180 3178
f 3338 3337 3339 3340
f 3338 3340 3182 3180
f 3340 3339 3341 3342
f 3340 3342 3184 3182
f 3342 3341 3343 3344
f 3342 3344 3186 3184
f 3344 3343 3345 3346
f 3344 3346 3188 3186
f 3346 3345 3347 3348
f 3346 3348 3349 3188
f 3349 3348 3350 3351
f 3349 3351 3193 3191
f 3349 3191 3189 3188
f 3351 3350 3352 3353
f 3351 3353 3195 3193
f 3353 3352 3354 3355
f 3353 3355 3197 3195
f 3355 3354 3356 3357
f 3355 3357 3199 3197
f 3357 3356 3358 3359
f 3357 3359 3201 3199
f 3359 3358 3360 3361
f 3359 3361 3362 3201
f 3362 3361 3363 3364
f 3362 3364 3206 3204
f 3362 3204 3202 3201
f 3364 3363 3365 3366
f 3364 3366 3208 3206
f 3366 3365 3367 3368
f 3366 3368 3210 3208
f 3368 3367 3369 3370
f 3368 3370 3212 3210
f 3370 3369 3371 3372
f 3370 3372 3214 3212
f 3372 3371 3373 3374
f 3372 3374 3216 3214
f 3374 3373 3375 3376
f 3374 3376 3218 3216
f 3376 3375 3377 3378
f 3376 3378 3220 3218
f 3378 3377 3379 3380
f 3378 3380 3222 3220
f 3380 3379 3381 3382
f 3380 3382 3383 3222
f 3383 3382 3384 3385
f 3383 3385 3386 3225
f 3383 3225 3223 3222
f 3386 3385 3387 3388
f 3386 3388 3389 3228
f 3386 3228 3226 3225
f 3389 3388 3390 3237
f 3389 3237 3235 3231
f 3389 3231 3229 3228
f 3390 3388 3387 3391
f 3390 3391 3392 3240
f 3390 3240 3238 3237
f 3392 3391 3393 3394
f 3392 3394 3395 3243
f 3392 3243 3241 3240
f 3395 3394 3396 3397
f 3395 3397 3398 3246
f 3395 3246 3244 3243
f 3398 3397 3399 3400
f 3398 3400 3401 3402
f 3398 3402 3247 3246
f 3402 3401 3403 3404
f 3402 3404 3248 3247
f 3404 3403 3405 3406
f 3404 3406 3250 3248
f 3406 3405 3407 3408
f 3406 3408 3252 3250
f 3408 3407 3409 3410
f 3408 3410 3254 3252
f 3410 3409 3411 3412
f 3410 3412 3256 3254
f 3412 3411 3413 3414
f 3412 3414 3258 3256
f 3414 3413 3415 3263
f 3414 3263 3260 3258
f 3415 3413 3416 3417
f 3415 3417 3418 3419
f 3415 3419 3264 3263
f 3419 3418 3420 3268
f 3419 3268 3265 3264
f 3420 3418 3421 3422
f 3420 3422 3423 3424
f 3420 3424 3269 3268
f 3424 3423 3425 3273
f 3424 3273 3270 3269
f 3425 3423 3426 3427
f 3425 3427 3428 3429
f 3425 3429 3274 3273
f 3429 3428 3430 3431
f 3429 3431 3275 3274
f 3431 3430 3432 3433
f 3431 3433 3277 3275
f 3433 3432 3434 3435
f 3433 3435 3279 3277
f 3435 3434 3436 3437
f 3435 3437 3281 3279
f 3437 3436 3438 3439
f 3437 3439 3283 3281
f 3439 3438 3440 3441
f 3439 3441 3285 3283
f 3441 3440 3442 3443
f 3441 3443 3287 3285
f 3443 3442 3444 3445
f 3443 3445 3289 3287
f 3445 3444 3446 3447
f 3445 3447 3291 3289
f 3447 3446 3448 3449
f 3447 3449 3293 3291
f 3449 3448 3450 3451
f 3449 3451 3295 3293
f 3451 3450 3452 3453
f 3451 3453 3297 3295
f 3453 3452 3454 3455
f 3453 3455 3299 3297
f 3455 3454 3456 3457
f 3455 3457 3301 3299
f 3457 3456 3458 3459
f 3457 3459 3303 3301
f 3459 3458 3460 3461
f 3459 3461 3305 3303
f 3461 3460 3462 3463
f 3461 3463 3307 3305
f 3463 3462 3464 3465
f 3463 3465 3309 3307
f 3465 3464 3466 3467
f 3465 3467 3311 3309
f 3467 3466 3468 3469
f 3467 3469 3313 3311
f 3469 3468 3470 3471
f 3469 3471 3315 3313
f 3471 3470 3472 3473
f 3471 3473 3317 3315
f 3473 3472 3474 3475
f 3473 3475 3319 3317
f 3475 3474 3476 3477
f 3475 3477 3321 3319
f 3477 3476 3478 3479
f 3477 3479 3323 3321
f 3479 3478 3480 3481
f 3479 3481 3325 3323
f 3481 3480 3482 3483
f 3481 3483 3327 3325
f 3483 3482 3484 3485
f 3483 3485 3329 3327
f 3485 3484 3486 3487
f 3485 3487 3331 3329
f 3487 3486 3488 3489
f 3487 3489 3333 3331
f 3489 3488 3490 3491
f 3489 3491 3335 3333
f 3491 3490 3492 3493
f 3491 3493 3337 3335
f 3493 3492 3494 3495
f 3493 3495 3339 3337
f 3495 3494 3496 3497
f 3495 3497 3341 3339
f 3497 3496 3498 3499
f 3497 3499 3343 3341
f 3499 3498 3500 3501
f 3499 3501 3345 3343
f 3501 3500 3502 3503
f 3501 3503 3347 3345
f 3503 3502 3504 3505
f 3503 3505 3506 3347
f 3506 3505 3507 3508
f 3506 3508 3352 3350
f 3506 3350 3348 3347
f 3508 3507 3509 3510
f 3508 3510 3354 3352
f 3510 3509 3511 3512
f 3510 3512 3356 3354
f 3512 3511 3513 3514
f 3512 3514 3358 3356
f 3514 3513 3515 3516
f 3514 3516 3360 3358
f 3516 3515 3517 3518
f 3516 3518 3519 3360
f 3519 3518 3520 3521
f 3519 3521 3365 3363
f 3519 3363 3361 3360
f 3521 3520 3522 3523
f 3521 3523 3367 3365
f 3523 3522 3524 3525
f 3523 3525 3369 3367
f 3525 3524 3526 3527
f 3525 3527 3371 3369
f 3527 3526 3528 3529
f 3527 3529 3373 3371
f 3529 3528 3530 3531
f 3529 3531 3375 3373
f 3531 3530 3532 3533
f 3531 3533 3377 3375
f 3533 3532 3534 3535
f 3533 3535 3379 3377
f 3535 3534 3536 3537
f 3535 3537 3381 3379
f 3537 3536 3538 3539
f 3537 3539 3540 3381
f 3540 3539 3541 3542
f 3540 3542 3543 3384
f 3540 3384 3382 3381
f 3543 3542 3544 3393
f 3543 3393 3391 3387
f 3543 3387 3385 3384
f 3544 3542 3541 3545
f 3544 3545 3546 3396
f 3544 3396 3394 3393
f 3546 3545 3547 3548
f 3546 3548 3549 3399
f 3546 3399 3397 3396
f 3549 3548 3550 3551
f 3549 3551 3552 3553
f 3549 3553 3400 3399
f 3553 3552 3554 3555
f 3553 3555 3401 3400
f 3555 3554 3556 3557
f 3555 3557 3403 3401
f 3557 3556 3558 3559
f 3557 3559 3405 3403
f 3559 3558 3560 3561
f 3559 3561 3407 3405
f 3561 3560 3562 3563
f 3561 3563 3409 3407
f 3563 3562 3564 3565
f 3563 3565 3411 3409
f 3565 3564 3566 3416
f 3565 3416 3413 3411
f 3566 3564 3567 3568
f 3566 3568 3569 3570
f 3566 3570 3417 3416
f 3570 3569 3571 3421
f 3570 3421 3418 3417
f 3571 3569 3572 3573
f 3571 3573 3574 3575
f 3571 3575 3422 3421
f 3575 3574 3576 3426
f 3575 3426 3423 3422
f 3576 3574 3577 3578
f 3576 3578 3579 3580
f 3576 3580 3427 3426
f 3580 3579 3581 3582
f 3580 3582 3428 3427
f 3582 3581 3583 3584
f 3582 3584 3430 3428
f 3584 3583 3585 3586
f 3584 3586 3432 3430
f 3586 3585 3587 3588
f 3586 3588 3434 3432
f 3588 3587 3589 3590
f 3588 3590 3436 3434
f 3590 3589 3591 3592
f 3590 3592 3438 3436
f 3592 3591 3593 3594
f 3592 3594 3440 3438
f 3594 3593 3595 3596
f 3594 3596 3442 3440
f 3596 3595 3597 3598
f 3596 3598 3444 3442
f 3598 3597 3599 3600
f 3598 3600 3446 3444
f 3600 3599 3601 3602
f 3600 3602 3448 3446
f 3602 3601 3603 3604
f 3602 3604 3450 3448
f 3604 3603 3605 3606
f 3604 3606 3452 3450
f 3606 3605 3607 3608
f 3606 3608 3454 3452
f 3608 3607 3609 3610
f 3608 3610 3456 3454
f 3610 3609 3611 3612
f 3610 3612 3458 3456
f 3612 3611 3613 3614
f 3612 3614 3460 3458
f 3614 3613 3615 3616
f 3614 3616 3462 3460
f 3616 3615 3617 3618
f 3616 3618 3464 3462
f 3618 3617 3619 3620
f 3618 3620 3466 3464
f 3620 3619 3621 3622
f 3620 3622 3468 3466
f 3622 3621 3623 3624
f 3622 3624 3470 3468
f 3624 3623 3625 3626
f 3624 3626 3472 3470
f 3626 3625 3627 3628
f 3626 3628 3474 3472
f 3628 3627 3629 3630
f 3628 3630 3476 3474
f 3630 3629 3631 3632
f 3630 3632 3478 3476
f 3632 3631 3633 3634
f 3632 3634 3480 3478
f 3634 3633 3635 3636
f 3634 3636 3482 3480
f 3636 3635 3637 3638
f 3636 3638 3484 3482
f 3638 3637 3639 3640
f 3638 3640 3486 3484
f 3640 3639 3641 3642
f 3640 3642 3488 3486
f 3642 3641 3643 3644
f 3642 3644 3490 3488
f 3644 3643 3645 3646
f 3644 3646 3492 3490
f 3646 3645 3647 3648
f 3646 3648 3494 3492
f 3648 3647 3649 3650
f 3648 3650 3496 3494
f 3650 3649 3651 3652
f 3650 3652 3498 3496
f 3652 3651 3653 3654
f 3652 3654 3500 3498
f 3654 3653 3655 3656
f 3654 3656 3502 3500
f 3656 3655 3657 3658
f 3656 3658 3504 3502
f 3658 3657 3659 3660
f 3658 3660 3661 3504
f 3661 3660 3662 3663
f 3661 3663 3509 3507
f 3661 3507 3505 3504
f 3663 3662 3664 3665
f 3663 3665 3511 3509
f 3665 3664 3666 3667
f 3665 3667 3513 3511
f 3667 3666 3668 3669
f 3667 3669 3515 3513
f 3669 3668 3670 3671
f 3669 3671 3517 3515
f 3671 3670 3672 3673
f 3671 3673 3674 3517
f 3674 3673 3675 3676
f 3674 3676 3522 3520
f 3674 3520 3518 3517
f 3676 3675 3677 3678
f 3676 3678 3524 3522
f 3678 3677 3679 3680
f 3678 3680 3526 3524
f 3680 3679 3681 3682
f 3680 3682 3528 3526
f 3682 3681 3683 3684
f 3682 3684 3530 3528
f 3684 3683 3685 3686
f 3684 3686 3532 3530
f 3686 3685 3687 3688
f 3686 3688 3534 3532
f 3688 3687 3689 3690
f 3688 3690 3536 3534
f 3690 3689 3691 3692
f 3690 3692 3538 3536
f 3692 3691 3693 3694
f 3692 3694 3695 3538
f 3695 3694 3696 3547
f 3695 3547 3545 3541
f 3695 3541 3539 3538
f 3696 3694 3693 3697
f 3696 3697 3698 3550
f 3696 3550 3548 3547
f 3698 3697 3699 3700
f 3698 3700 3701 3702
f 3698 3702 3551 3550
f 3702 3701 3703 3704
f 3702 3704 3552 3551
f 3704 3703 3705 3706
f 3704 3706 3554 3552
f 3706 3705 3707 3708
f 3706 3708 3556 3554
f 3708 3707 3709 3710
f 3708 3710 3558 3556
f 3710 3709 3711 3712
f 3710 3712 3560 3558
f 3712 3711 3713 3714
f 3712 3714 3562 3560
f 3714 3713 3715 3567
f 3714 3567 3564 3562
f 3715 3713 3716 3717
f 3715 3717 3718 3719
f 3715 3719 3568 3567
f 3719 3718 3720 3572
f 3719 3572 3569 3568
f 3720 3718 3721 3722
f 3720 3722 3723 3724
f 3720 3724 3573 3572
f 3724 3723 3725 3577
f 3724 3577 3574 3573
f 3725 3723 3726 3727
f 3725 3727 3728 3729
f 3725 3729 3578 3577
f 3729 3728 3730 3731
f 3729 3731 3579 3578
f 3731 3730 3732 3733
f 3731 3733 3581 3579
f 3733 3732 3734 3735
f 3733 3735 3583 3581
f 3735 3734 3736 3737
f 3735 3737 3585 3583
f 3737 3736 3738 3739
f 3737 3739 3587 3585
f 3739 3738 3740 3741
f 3739 3741 3589 3587
f 3741 3740 3742 3743
f 3741 3743 3591 3589
f 3743 3742 3744 3745
f 3743 3745 3593 3591
f 3745 3744 3746 3747
f 3745 3747 3595 3593
f 3747 3746 3748 3749
f 3747 3749 3597 3595
f 3749 3748 3750 3751
f 3749 3751 3599 3597
f 3751 3750 3752 3753
f 3751 3753 3601 3599
f 3753 3752 3754 3755
f 3753 3755 3603 3601
f 3755 3754 3756 3757
f 3755 3757 3605 3603
f 3757 3756 3758 3759
f 3757 3759 3607 3605
f 3759 3758 3760 3761
f 3759 3761 3609 3607
f 3761 3760 3762 3763
f 3761 3763 3611 3609
f 3763 3762 3764 3765
f 3763 3765 3613 3611
f 3765 3764 3766 3767
f 3765 3767 3615 3613
f 3767 3766 3768 3769
f 3767 3769 3617 3615
f 3769 3768 3770 3771
f 3769 3771 3619 3617
f 3771 3770 3772 3773
f 3771 3773 3621 3619
f 3773 3772 3774 3775
f 3773 3775 3623 3621
f 3775 3774 3776 3777
f 3775 3777 3625 3623
f 3777 3776 3778 3779
f 3777 3779 3627 3625
f 3779 3778 3780 3781
f 3779 3781 3629 3627
f 3781 3780 3782 3783
f 3781 3783 3631 3629
f 3783 3782 3784 3785
f 3783 3785 3633 3631
f 3785 3784 3786 3787
f 3785 3787 3635 3633
f 3787 3786 3788 3789
f 3787 3789 3637 3635
f 3789 3788 3790 3791
f 3789 3791 3639 3637
f 3791 3790 3792 3793
f 3791 3793 3641 3639
f 3793 3792 3794 3795
f 3793 3795 3643 3641
f 3795 3794 3796 3797
f 3795 3797 3645 3643
f 3797 3796 3798 3799
f 3797 3799 3647 3645
f 3799 3798 3800 3801
f 3799 3801 3649 3647
f 3801 3800 3802 3803
f 3801 3803 3651 3649
f 3803 3802 3804 3805
f 3803 3805 3653 3651
f 3805 3804 3806 3807
f 3805 3807 3655 3653
f 3807 3806 3808 3809
f 3807 3809 3657 3655
f 3809 3808 3810 3811
f 3809 3811 3659 3657
f 3811 3810 3812 3813
f 3811 3813 3814 3659
f 3814 3813 3815 3816
f 3814 3816 3664 3662
f 3814 3662 3660 3659
f 3816 3815 3817 3818
f 3816 3818 3666 3664
f 3818 3817 3819 3820
f 3818 3820 3668 3666
f 3820 3819 3821 3822
f 3820 3822 3670 3668
f 3822 3821 3823 3824
f 3822 3824 3672 3670
f 3824 3823 3825 3826
f 3824 3826 3827 3672
f 3827 3826 3828 3829
f 3827 3829 3677 3675
f 3827 3675 3673 3672
f 3829 3828 3830 3831
f 3829 3831 3679 3677
f 3831 3830 3832 3833
f 3831 3833 3681 3679
f 3833 3832 3834 3835
f 3833 3835 3683 3681
f 3835 3834 3836 3837
f 3835 3837 3685 3683
f 3837 3836 3838 3839
f 3837 3839 3687 3685
f 3839 3838 3840 3841
f 3839 3841 3689 3687
f 3841 3840 3842 3843
f 3841 3843 3691 3689
f 3843 3842 3844 3845
f 3843 3845 3693 3691
f 3845 3844 3846 3699
f 3845 3699 3697 3693
f 3846 3844 3847 3848
f 3846 3848 3849 3850
f 3846 3850 3700 3699
f 3850 3849 3851 3852
f 3850 3852 3701 3700
f 3852 3851 3853 3854
f 3852 3854 3703 3701
f 3854 3853 3855 3856
f 3854 3856 3705 3703
f 3856 3855 3857 3858
f 3856 3858 3707 3705
f 3858 3857 3859 3860
f 3858 3860 3709 3707
f 3860 3859 3861 3862
f 3860 3862 3711 3709
f 3862 3861 3863 3716
f 3862 3716 3713 3711
f 3863 3861 3864 3865
f 3863 3865 3866 3867
f 3863 3867 3717 3716
f 3867 3866 3868 3721
f 3867 3721 3718 3717
f 3868 3866 3869 3870
f 3868 3870 3871 3872
f 3868 3872 3722 3721
f 3872 3871 3873 3726
f 3872 3726 3723 3722
f 3873 3871 3874 3875
f 3873 3875 3876 3877
f 3873 3877 3727 3726
f 3877 3876 3878 3879
f 3877 3879 3728 3727
f 3879 3878 3880 3881
f 3879 3881 3730 3728
f 3881 3880 3882 3883
f 3881 3883 3732 3730
f 3883 3882 3884 3885
f 3883 3885 3734 3732
f 3885 3884 3886 3887
f 3885 3887 3736 3734
f 3887 3886 3888 3889
f 3887 3889 3738 3736
f 3889 3888 3890 3891
f 3889 3891 3740 3738
f 3891 3890 3892 3893
f 3891 3893 3742 3740
f 3893 3892 3894 3895
f 3893 3895 3744 3742
f 3895 3894 3896 3897
f 3895 3897 3746 3744
f 3897 3896 3898 3899
f 3897 3899 3748 3746
f 3899 3898 3900 3901
f 3899 3901 3750 3748
f 3901 3900 3902 3903
f 3901 3903 3752 3750
f 3903 3902 3904 3905
f 3903 3905 3754 3752
f 3905 3904 3906 3907
f 3905 3907 3756 3754
f 3907 3906 3908 3909
f 3907 3909 3758 3756
f 3909 3908 3910 3911
f 3909 3911 3760 3758
f 3911 3910 3912 3913
f 3911 3913 3762 3760
f 3913 3912 3914 3915
f 3913 3915 3764 3762
f 3915 3914 3916 3917
f 3915 3917 3766 3764
f 3917 3916 3918 3919
f 3917 3919 3768 3766
f 3919 3918 3920 3921
f 3919 3921 3770 3768
f 3921 3920 3922 3923
f 3921 3923 3772 3770
f 3923 3922 3924 3925
f 3923 3925 3774 3772
f 3925 3924 3926 3927
f 3925 3927 3776 3774
f 3927 3926 3928 3929
f 3927 3929 3778 3776
f 3929 3928 3930 3931
f 3929 3931 3780 3778
f 3931 3930 3932 3933
f 3931 3933 3782 3780
f 3933 3932 3934 3935
f 3933 3935 3784 3782
f 3935 3934 3936 3937
f 3935 3937 3786 3784
f 3937 3936 3938 3939
f 3937 3939 3788 3786
f 3939 3938 3940 3941
f 3939 3941 3790 3788
f 3941 3940 3942 3943
f 3941 3943 3792 3790
f 3943 3942 3944 3945
f 3943 3945 3794 3792
f 3945 3944 3946 3947
f 3945 3947 3796 3794
f 3947 3946 3948 3949
f 3947 3949 3798 3796
f 3949 3948 3950 3951
f 3949 3951 3800 3798
f 3951 3950 3952 3953
f 3951 3953 3802 3800
f 3953 3952 3954 3955
f 3953 3955 3804 3802
f 3955 3954 3956 3957
f 3955 3957 3806 3804
f 3957 3956 3958 3959
f 3957 3959 3808 3806
f 3959 3958 3960 3961
f 3959 3961 3810 3808
f 3961 3960 3962 3963
f 3961 3963 3812 3810
f 3963 3962 3964 3965
f 3963 3965 3966 3812
f 3966 3965 3967 3968
f 3966 3968 3817 3815
f 3966 3815 3813 3812
f 3968 3967 3969 3970
f 3968 3970 3819 3817
f 3970 3969 3971 3972
f 3970 3972 3821 3819
f 3972 3971 3973 3974
f 3972 3974 3823 3821
f 3974 3973 3975 3976
f 3974 3976 3825 3823
f 3976 3975 3977 3978
f 3976 3978 3979 3825
f 3979 3978 3980 3981
f 3979 3981 3830 3828
f 3979 3828 3826 3825
f 3981 3980 3982 3983
f 3981 3983 3832 3830
f 3983 3982 3984 3985
f 3983 3985 3834 3832
f 3985 3984 3986 3987
f 3985 3987 3836 3834
f 3987 3986 3988 3989
f 3987 3989 3838 3836
f 3989 3988 3990 3991
f 3989 3991 3840 3838
f 3991 3990 3992 3993
f 3991 3993 3842 3840
f 3993 3992 3994 3847
f 3993 3847 3844 3842
f 3994 3992 3995 3996
f 3994 3996 3997 3998
f 3994 3998 3848 3847
f 3998 3997 3999 4000
f 3998 4000 3849 3848
f 4000 3999 4001 4002
f 4000 4002 3851 3849
f 4002 4001 4003 4004
f 4002 4004 3853 3851
f 4004 4003 4005 4006
f 4004 4006 3855 3853
f 4006 4005 4007 4008
f 4006 4008 3857 3855
f 4008 4007 4009 4010
f 4008 4010 3859 3857
f 4010 4009 4011 3864
f 4010 3864 3861 3859
f 4011 4009 4012 4013
f 4011 4013 4014 4015
f 4011 4015 3865 3864
f 4015 4014 4016 3869
f 4015 3869 3866 3865
f 4016 4014 4017 4018
f 4016 4018 4019 4020
f 4016 4020 3870 3869
f 4020 4019 4021 3874
f 4020 3874 3871 3870
f 4021 4019 4022 4023
f 4021 4023 4024 4025
f 4021 4025 3875 3874
f 4025 4024 4026 4027
f 4025 4027 3876 3875
f 4027 4026 4028 4029
f 4027 4029 3878 3876
f 4029 4028 4030 4031
f 4029 4031 3880 3878
f 4031 4030 4032 4033
f 4031 4033 3882 3880
f 4033 4032 4034 4035
f 4033 4035 3884 3882
f 4035 4034 4036 4037
f 4035 4037 3886 3884
f 4037 4036 4038 4039
f 4037 4039 3888 3886
f 4039 4038 4040 4041
f 4039 4041 3890 3888
f 4041 4040 4042 4043
f 4041 4043 3892 3890
f 4043 4042 4044 4045
f 4043 4045 3894 3892
f 4045 4044 4046 4047
f 4045 4047 3896 3894
f 4047 4046 4048 4049
f 4047 4049 3898 3896
f 4049 4048 4050 4051
f 4049 4051 3900 3898
f 4051 4050 4052 4053
f 4051 4053 3902 3900
f 4053 4052 4054 4055
f 4053 4055 3904 3902
f 4055 4054 4056 4057
f 4055 4057 3906 3904
f 4057 4056 4058 4059
f 4057 4059 3908 3906
f 4059 4058 4060 4061
f 4059 4061 3910 3908
f 4061 4060 4062 4063
f 4061 4063 3912 3910
f 4063 4062 4064 4065
f 4063 4065 3914 3912
f 4065 4064 4066 4067
f 4065 4067 3916 3914
f 4067 4066 4068 4069
f 4067 4069 3918 3916
f 4069 4068 4070 4071
f 4069 4071 3920 3918
f 4071 4070 4072 4073
f 4071 4073 3922 3920
f 4073 4072 4074 4075
f 4073 4075 3924 3922
f 4075 4074 4076 4077
f 4075 4077 3926 3924
f 4077 4076 4078 4079
f 4077 4079 3928 3926
f 4079 4078 4080 4081
f 4079 4081 3930 3928
f 4081 4080 4082 4083
f 4081 4083 3932 3930
f 4083 4082 4084 4085
f 4083 4085 3934 3932
f 4085 4084 4086 4087
f 4085 4087 3936 3934
f 4087 4086 4088 4089
f 4087 4089 3938 3936
f 4089 4088 4090 4091
f 4089 4091 3940 3938
f 4091 4090 4092 4093
f 4091 4093 3942 3940
f 4093 4092 4094 4095
f 4093 4095 3944 3942
f 4095 4094 4096 4097
f 4095 4097 3946 3944
f 4097 4096 4098 4099
f 4097 4099 3948 3946
f 4099 4098 4100 4101
f 4099 4101 3950 3948
f 4101 4100 4102 4103
f 4101 4103 3952 3950
f 4103 4102 4104 4105
f 4103 4105 3954 3952
f 4105 4104 4106 4107
f 4105 4107 3956 3954
f 4107 4106 4108 4109
f 4107 4109 3958 3956
f 4109 4108 4110 4111
f 4109 4111 3960 3958
f 4111 4110 4112 4113
f 4111 4113 3962 3960
f 4113 4112 4114 4115
f 4113 4115 3964 3962
f 4115 4114 4116 4117
f 4115 4117 4118 3964
f 4118 4117 4119 4120
f 4118 4120 3969 3967
f 4118 3967 3965 3964
f 4120 4119 4121 4122
f 4120 4122 3971 3969
f 4122 4121 4123 4124
f 4122 4124 3973 3971
f 4124 4123 4125 4126
f 4124 4126 3975 3973
f 4126 4125 4127 4128
f 4126 4128 3977 3975
f 4128 4127 4129 4130
f 4128 4130 4131 3977
f 4131 4130 4132 4133
f 4131 4133 3982 3980
f 4131 3980 3978 3977
f 4133 4132 4134 4135
f 4133 4135 3984 3982
f 4135 4134 4136 4137
f 4135 4137 3986 3984
f 4137 4136 4138 4139
f 4137 4139 3988 3986
f 4139 4138 4140 4141
f 4139 4141 3990 3988
f 4141 4140 4142 3995
f 4141 3995 3992 3990
f 4142 4140 4143 4144
f 4142 4144 4145 4146
f 4142 4146 3996 3995
f 4146 4145 4147 4148
f 4146 4148 3997 3996
f 4148 4147 4149 4150
f 4148 4150 3999 3997
f 4150 4149 4151 4152
f 4150 4152 4001 3999
f 4152 4151 4153 4154
f 4152 4154 4003 4001
f 4154 4153 4155 4156
f 4154 4156 4005 4003
f 4156 4155 4157 4158
f 4156 4158 4007 4005
f 4158 4157 4159 4012
f 4158 4012 4009 4007
f 4159 4157 4160 4161
f 4159 4161 4162 4163
f 4159 4163 4013 4012
f 4163 4162 4164 4017
f 4163 4017 4014 4013
f 4164 4162 4165 4166
f 4164 4166 4167 4168
f 4164 4168 4018 4017
f 4168 4167 4169 4022
f 4168 4022 4019 4018
f 4169 4167 4170 4171
f 4169 4171 4172 4173
f 4169 4173 4023 4022
f 4173 4172 4174 4175
f 4173 4175 4024 4023
f 4175 4174 4176 4177
f 4175 4177 4026 4024
f 4177 4176 4178 4179
f 4177 4179 4028 4026
f 4179 4178 4180 4181
f 4179 4181 4030 4028
f 4181 4180 4182 4183
f 4181 4183 4032 4030
f 4183 4182 4184 4185
f 4183 4185 4034 4032
f 4185 4184 4186 4187
f 4185 4187 4036 4034
f 4187 4186 4188 4189
f 4187 4189 4038 4036
f 4189 4188 4190 4191
f 4189 4191 4040 4038
f 4191 4190 4192 4193
f 4191 4193 4042 4040
f 4193 4192 4194 4195
f 4193 4195 4044 4042
f 4195 4194 4196 4197
f 4195 4197 4046 4044
f 4197 4196 4198 4199
f 4197 4199 4048 4046
f 4199 4198 4200 4201
f 4199 4201 4050 4048
f 4201 4200 4202 4203
f 4201 4203 4052 4050
f 4203 4202 4204 4205
f 4203 4205 4054 4052
f 4205 4204 4206 4207
f 4205 4207 4056 4054
f 4207 4206 4208 4209
f 4207 4209 4058 4056
f 4209 4208 4210 4211
f 4209 4211 4060 4058
f 4211 4210 4212 4213
f 4211 4213 4062 4060
f 4213 4212 4214 4215
f 4213 4215 4064 4062
f 4215 4214 4216 4217
f 4215 4217 4066 4064
f 4217 4216 4218 4219
f 4217 4219 4068 4066
f 4219 4218 4220 4221
f 4219 4221 4070 4068
f 4221 4220 4222 4223
f 4221 4223 4072 4070
f 4223 4222 4224 4225
f 4223 4225 4074 4072
f 4225 4224 4226 4227
f 4225 4227 4076 4074
f 4227 4226 4228 4229
f 4227 4229 4078 4076
f 4229 4228 4230 4231
f 4229 4231 4080 4078
f 4231 4230 4232 4233
f 4231 4233 4082 4080
f 4233 4232 4234 4235
f 4233 4235 4084 4082
f 4235 4234 4236 4237
f 4235 4237 4086 4084
f 4237 4236 4238 4239
f 4237 4239 4088 4086
f 4239 4238 4240 4241
f 4239 4241 4090 4088
f 4241 4240 4242 4243
f 4241 4243 4092 4090
f 4243 4242 4244 4245
f 4243 4245 4094 4092
f 4245 4244 4246 4247
f 4245 4247 4096 4094
f 4247 4246 4248 4249
f 4247 4249 4098 4096
f 4249 4248 4250 4251
f 4249 4251 4100 4098
f 4251 4250 4252 4253
f 4251 4253 4102 4100
f 4253 4252 4254 4255
f 4253 4255 4104 4102
f 4255 4254 4256 4257
f 4255 4257 4106 4104
f 4257 4256 4258 4259
f 4257 4259 4108 4106
f 4259 4258 4260 4261
f 4259 4261 4110 4108
f 4261 4260 4262 4263
f 4261 4263 4112 4110
f 4263 4262 4264 4265
f 4263 4265 4114 4112
f 4265 4264 4266 4267
f 4265 4267 4116 4114
f 4267 4266 4268 4269
f 4267 4269 4270 4116
f 4270 4269 4271 4272
f 4270 4272 4121 4119
f 4270 4119 4117 4116
f 4272 4271 4273 4274
f 4272 4274 4123 4121
f 4274 4273 4275 4276
f 4274 4276 4125 4123
f 4276 4275 4277 4278
f 4276 4278 4127 4125
f 4278 4277 4279 4280
f 4278 4280 4129 4127
f 4280 4279 4281 4282
f 4280 4282 4283 4129
f 4283 4282 4284 4285
f 4283 4285 4134 4132
f 4283 4132 4130 4129
f 4285 4284 4286 4287
f 4285 4287 4136 4134
f 4287 4286 4288 4289
f 4287 4289 4138 4136
f 4289 4288 4290 4143
f 4289 4143 4140 4138
f 4290 4288 4291 4292
f 4290 4292 4293 4294
f 4290 4294 4144 4143
f 4294 4293 4295 4296
f 4294 4296 4145 4144
f 4296 4295 4297 4298
f 4296 4298 4147 4145
f 4298 4297 4299 4300
f 4298 4300 4149 4147
f 4300 4299 4301 4302
f 4300 4302 4151 4149
f 4302 4301 4303 4304
f 4302 4304 4153 4151
f 4304 4303 4305 4306
f 4304 4306 4155 4153
f 4306 4305 4307 4160
f 4306 4160 4157 4155
f 4307 4305 4308 4309
f 4307 4309 4310 4311
f 4307 4311 4161 4160
f 4311 4310 4312 4165
f 4311 4165 4162 4161
f 4312 4310 4313 4314
f 4312 4314 4315 4316
f 4312 4316 4166 4165
f 4316 4315 4317 4170
f 4316 4170 4167 4166
f 4317 4315 4318 4319
f 4317 4319 4320 4321
f 4317 4321 4171 4170
f 4321 4320 4322 4323
f 4321 4323 4172 4171
f 4323 4322 4324 4325
f 4323 4325 4174 4172
f 4325 4324 4326 4327
f 4325 4327 4176 4174
f 4327 4326 4328 4329
f 4327 4329 4178 4176
f 4329 4328 4330 4331
f 4329 4331 4180 4178
f 4331 4330 4332 4333
f 4331 4333 4182 4180
f 4333 4332 4334 4335
f 4333 4335 4184 4182
f 4335 4334 4336 4337
f 4335 4337 4186 4184
f 4337 4336 4338 4339
f 4337 4339 4188 4186
f 4339 4338 4340 4341
f 4339 4341 4190 4188
f 4341 4340 4342 4343
f 4341 4343 4192 4190
f 4343 4342 4344 4345
f 4343 4345 4194 4192
f 4345 4344 4346 4347
f 4345 4347 4196 4194
f 4347 4346 4348 4349
f 4347 4349 4198 4196
f 4349 4348 4350 4351
f 4349 4351 4200 4198
f 4351 4350 4352 4353
f 4351 4353 4202 4200
f 4353 4352 4354 4355
f 4353 4355 4204 4202
f 4355 4354 4356 4357
f 4355 4357 4206 4204
f 4357 4356 4358 4359
f 4357 4359 4208 4206
f 4359 4358 4360 4361
f 4359 4361 4210 4208
f 4361 4360 4362 4363
f 4361 4363 4212 4210
f 4363 4362 4364 4365
f 4363 4365 4214 4212
f 4365 4364 4366 4367
f 4365 4367 4216 4214
f 4367 4366 4368 4369
f 4367 4369 4218 4216
f 4369 4368 4370 4371
f 4369 4371 4220 4218
f 4371 4370 4372 4373
f 4371 4373 4222 4220
f 4373 4372 4374 4375
f 4373 4375 4224 4222
f 4375 4374 4376 4377
f 4375 4377 4226 4224
f 4377 4376 4378 4379
f 4377 4379 4228 4226
f 4379 4378 4380 4381
f 4379 4381 4230 4228
f 4381 4380 4382 4383
f 4381 4383 4232 4230
f 4383 4382 4384 4385
f 4383 4385 4234 4232
f 4385 4384 4386 4387
f 4385 4387 4236 4234
f 4387 4386 4388 4389
f 4387 4389 4238 4236
f 4389 4388 4390 4391
f 4389 4391 4240 4238
f 4391 4390 4392 4393
f 4391 4393 4242 4240
f 4393 4392 4394 4395
f 4393 4395 4244 4242
f 4395 4394 4396 4397
f 4395 4397 4246 4244
f 4397 4396 4398 4399
f 4397 4399 4248 4246
f 4399 4398 4400 4401
f 4399 4401 4250 4248
f 4401 4400 4402 4403
f 4401 4403 4252 4250
f 4403 4402 4404 4405
f 4403 4405 4254 4252
f 4405 4404 4406 4407
f 4405 4407 4256 4254
f 4407 4406 4408 4409
f 4407 4409 4258 4256
f 4409 4408 4410 4411
f 4409 4411 4260 4258
f 4411 4410 4412 4413
f 4411 4413 4262 4260
f 4413 4412 4414 4415
f 4413 4415 4264 4262
f 4415 4414 4416 4417
f 4415 4417 4266 4264
f 4417 4416 4418 4419
f 4417 4419 4268 4266
f 4419 4418 4420 4421
f 4419 4421 4422 4268
f 4422 4421 4423 4424
f 4422 4424 4273 4271
f 4422 4271 4269 4268
f 4424 4423 4425 4426
f 4424 4426 4275 4273
f 4426 4425 4427 4428
f 4426 4428 4277 4275
f 4428 4427 4429 4430
f 4428 4430 4279 4277
f 4430 4429 4431 4432
f 4430 4432 4281 4279
f 4432 4431 4433 4434
f 4432 4434 4435 4281
f 4435 4434 4436 4437
f 4435 4437 4286 4284
f 4435 4284 4282 4281
f 4437 4436 4438 4291
f 4437 4291 4288 4286
f 4438 4436 4439 4440
f 4438 4440 4441 4442
f 4438 4442 4292 4291
f 4442 4441 4443 4444
f 4442 4444 4293 4292
f 4444 4443 4445 4446
f 4444 4446 4295 4293
f 4446 4445 4447 4448
f 4446 4448 4297 4295
f 4448 4447 4449 4450
f 4448 4450 4299 4297
f 4450 4449 4451 4452
f 4450 4452 4301 4299
f 4452 4451 4453 4454
f 4452 4454 4303 4301
f 4454 4453 4455 4308
f 4454 4308 4305 4303
f 4455 4453 4456 4457
f 4455 4457 4458 4459
f 4455 4459 4309 4308
f 4459 4458 4460 4313
f 4459 4313 4310 4309
f 4460 4458 4461 4462
f 4460 4462 4463 4464
f 4460 4464 4314 4313
f 4464 4463 4465 4318
f 4464 4318 4315 4314
f 4465 4463 4466 4467
f 4465 4467 4468 4469
f 4465 4469 4319 4318
f 4469 4468 4470 4471
f 4469 4471 4320 4319
f 4471 4470 4472 4473
f 4471 4473 4322 4320
f 4473 4472 4474 4475
f 4473 4475 4324 4322
f 4475 4474 4476 4477
f 4475 4477 4326 4324
f 4477 4476 4478 4479
f 4477 4479 4328 4326
f 4479 4478 4480 4481
f 4479 4481 4330 4328
f 4481 4480 4482 4483
f 4481 4483 4332 4330
f 4483 4482 4484 4485
f 4483 4485 4334 4332
f 4485 4484 4486 4487
f 4485 4487 4336 4334
f 4487 4486 4488 4489
f 4487 4489 4338 4336
f 4489 4488 4490 4491
f 4489 4491 4340 4338
f 4491 4490 4492 4493
f 4491 4493 4342 4340
f 4493 4492 4494 4495
f 4493 4495 4344 4342
f 4495 4494 4496 4497
f 4495 4497 4346 4344
f 4497 4496 4498 4499
f 4497 4499 4348 4346
f 4499 4498 4500 4501
f 4499 4501 4350 4348
f 4501 4500 4502 4503
f 4501 4503 4352 4350
f 4503 4502 4504 4505
f 4503 4505 4354 4352
f 4505 4504 4506 4507
f 4505 4507 4356 4354
f 4507 4506 4508 4509
f 4507 4509 4358 4356
f 4509 4508 4510 4511
f 4509 4511 4360 4358
f 4511 4510 4512 4513
f 4511 4513 4362 4360
f 4513 4512 4514 4515
f 4513 4515 4364 4362
f 4515 4514 4516 4517
f 4515 4517 4366 4364
f 4517 4516 4518 4519
f 4517 4519 4368 4366
f 4519 4518 4520 4521
f 4519 4521 4370 4368
f 4521 4520 4522 4523
f 4521 4523 4372 4370
f 4523 4522 4524 4525
f 4523 4525 4374 4372
f 4525 4524 4526 4527
f 4525 4527 4376 4374
f 4527 4526 4528 4529
f 4527 4529 4378 4376
f 4529 4528 4530 4531
f 4529 4531 4380 4378
f 4531 4530 4532 4533
f 4531 4533 4382 4380
f 4533 4532 4534 4535
f 4533 4535 4384 4382
f 4535 4534 4536 4537
f 4535 4537 4386 4384
f 4537 4536 4538 4539
f 4537 4539 4388 4386
f 4539 4538 4540 4541
f 4539 4541 4390 4388
f 4541 4540 4542 4543
f 4541 4543 4392 4390
f 4543 4542 4544 4545
f 4543 4545 4394 4392
f 4545 4544 4546 4547
f 4545 4547 4396 4394
f 4547 4546 4548 4549
f 4547 4549 4398 4396
f 4549 4548 4550 4551
f 4549 4551 4400 4398
f 4551 4550 4552 4553
f 4551 4553 4402 4400
f 4553 4552 4554 4555
f 4553 4555 4404 4402
f 4555 4554 4556 4557
f 4555 4557 4406 4404
f 4557 4556 4558 4559
f 4557 4559 4408 4406
f 4559 4558 4560 4561
f 4559 4561 4410 4408
f 4561 4560 4562 4563
f 4561 4563 4412 4410
f 4563 4562 4564 4565
f 4563 4565 4414 4412
f 4565 4564 4566 4567
f 4565 4567 4416 4414
f 4567 4566 4568 4569
f 4567 4569 4418 4416
f 4569 4568 4570 4571
f 4569 4571 4420 4418
f 4571 4570 4572 4573
f 4571 4573 4574 4420
f 4574 4573 4575 4576
f 4574 4576 4425 4423
f 4574 4423 4421 4420
f 4576 4575 4577 4578
f 4576 4578 4427 4425
f 4578 4577 4579 4580
f 4578 4580 4429 4427
f 4580 4579 4581 4582
f 4580 4582 4431 4429
f 4582 4581 4583 4584
f 4582 4584 4433 4431
f 4584 4583 4585 4586
f 4584 4586 4439 4433
f 4586 4585 4587 4588
f 4586 4588 4440 4439
f 4588 4587 4589 4590
f 4588 4590 4441 4440
f 4590 4589 4591 4592
f 4590 4592 4443 4441
f 4592 4591 4593 4594
f 4592 4594 4445 4443
f 4594 4593 4595 4596
f 4594 4596 4447 4445
f 4596 4595 4597 4598
f 4596 4598 4449 4447
f 4598 4597 4599 4600
f 4598 4600 4451 4449
f 4600 4599 4601 4456
f 4600 4456 4453 4451
f 4601 4599 4602 4603
f 4601 4603 4604 4605
f 4601 4605 4457 4456
f 4605 4604 4606 4461
f 4605 4461 4458 4457
f 4606 4604 4607 4608
f 4606 4608 4609 4610
f 4606 4610 4462 4461
f 4610 4609 4611 4466
f 4610 4466 4463 4462
f 4611 4609 4612 4613
f 4611 4613 4614 4615
f 4611 4615 4467 4466
f 4615 4614 4616 4617
f 4615 4617 4468 4467
f 4617 4616 4618 4619
f 4617 4619 4470 4468
f 4619 4618 4620 4621
f 4619 4621 4472 4470
f 4621 4620 4622 4623
f 4621 4623 4474 4472
f 4623 4622 4624 4625
f 4623 4625 4476 4474
f 4625 4624 4626 4627
f 4625 4627 4478 4476
f 4627 4626 4628 4629
f 4627 4629 4480 4478
f 4629 4628 4630 4631
f 4629 4631 4482 4480
f 4631 4630 4632 4633
f 4631 4633 4484 4482
f 4633 4632 4634 4635
f 4633 4635 4486 4484
f 4635 4634 4636 4637
f 4635 4637 4488 4486
f 4637 4636 4638 4639
f 4637 4639 4490 4488
f 4639 4638 4640 4641
f 4639 4641 4492 4490
f 4641 4640 4642 4643
f 4641 4643 4494 4492
f 4643 4642 4644 4645
f 4643 4645 4496 4494
f 4645 4644 4646 4647
f 4645 4647 4498 4496
f 4647 4646 4648 4649
f 4647 4649 4500 4498
f 4649 4648 4650 4651
f 4649 4651 4502 4500
f 4651 4650 4652 4653
f 4651 4653 4504 4502
f 4653 4652 4654 4655
f 4653 4655 4506 4504
f 4655 4654 4656 4657
f 4655 4657 4508 4506
f 4657 4656 4658 4659
f 4657 4659 4510 4508
f 4659 4658 4660 4661
f 4659 4661 4512 4510
f 4661 4660 4662 4663
f 4661 4663 4514 4512
f 4663 4662 4664 4665
f 4663 4665 4516 4514
f 4665 4664 4666 4667
f 4665 4667 4518 4516
f 4667 4666 4668 4669
f 4667 4669 4520 4518
f 4669 4668 4670 4671
f 4669 4671 4522 4520
f 4671 4670 4672 4673
f 4671 4673 4524 4522
f 4673 4672 4674 4675
f 4673 4675 4526 4524
f 4675 4674 4676 4677
f 4675 4677 4528 4526
f 4677 4676 4678 4679
f 4677 4679 4530 4528
f 4679 4678 4680 4681
f 4679 4681 4532 4530
f 4681 4680 4682 4683
f 4681 4683 4534 4532
f 4683 4682 4684 4685
f 4683 4685 4536 4534
f 4685 4684 4686 4687
f 4685 4687 4538 4536
f 4687 4686 4688 4689
f 4687 4689 4540 4538
f 4689 4688 4690 4691
f 4689 4691 4542 4540
f 4691 4690 4692 4693
f 4691 4693 4544 4542
f 4693 4692 4694 4695
f 4693 4695 4546 4544
f 4695 4694 4696 4697
f 4695 4697 4548 4546
f 4697 4696 4698 4699
f 4697 4699 4550 4548
f 4699 4698 4700 4701
f 4699 4701 4552 4550
f 4701 4700 4702 4703
f 4701 4703 4554 4552
f 4703 4702 4704 4705
f 4703 4705 4556 4554
f 4705 4704 4706 4707
f 4705 4707 4558 4556
f 4707 4706 4708 4709
f 4707 4709 4560 4558
f 4709 4708 4710 4711
f 4709 4711 4562 4560
f 4711 4710 4712 4713
f 4711 4713 4564 4562
f 4713 4712 4714 4715
f 4713 4715 4566 4564
f 4715 4714 4716 4717
f 4715 4717 4568 4566
f 4717 4716 4718 4719
f 4717 4719 4570 4568
f 4719 4718 4720 4721
f 4719 4721 4572 4570
f 4721 4720 4722 4723
f 4721 4723 4724 4572
f 4724 4723 4725 4726
f 4724 4726 4577 4575
f 4724 4575 4573 4572
f 4726 4725 4727 4728
f 4726 4728 4579 4577
f 4728 4727 4729 4730
f 4728 4730 4581 4579
f 4730 4729 4731 4732
f 4730 4732 4583 4581
f 4732 4731 4733 4734
f 4732 4734 4585 4583
f 4734 4733 4735 4736
f 4734 4736 4587 4585
f 4736 4735 4737 4738
f 4736 4738 4589 4587
f 4738 4737 4739 4740
f 4738 4740 4591 4589
f 4740 4739 4741 4742
f 4740 4742 4593 4591
f 4742 4741 4743 4744
f 4742 4744 4595 4593
f 4744 4743 4745 4746
f 4744 4746 4597 4595
f 4746 4745 4747 4602
f 4746 4602 4599 4597
f 4747 4745 4748 4749
f 4747 4749 4750 4751
f 4747 4751 4603 4602
f 4751 4750 4752 4607
f 4751 4607 4604 4603
f 4752 4750 4753 4754
f 4752 4754 4755 4756
f 4752 4756 4608 4607
f 4756 4755 4757 4612
f 4756 4612 4609 4608
f 4757 4755 4758 4759
f 4757 4759 4760 4761
f 4757 4761 4613 4612
f 4761 4760 4762 4763
f 4761 4763 4614 4613
f 4763 4762 4764 4765
f 4763 4765 4616 4614
f 4765 4764 4766 4767
f 4765 4767 4618 4616
f 4767 4766 4768 4769
f 4767 4769 4620 4618
f 4769 4768 4770 4771
f 4769 4771 4622 4620
f 4771 4770 4772 4773
f 4771 4773 4624 4622
f 4773 4772 4774 4775
f 4773 4775 4626 4624
f 4775 4774 4776 4777
f 4775 4777 4628 4626
f 4777 4776 4778 4779
f 4777 4779 4630 4628
f 4779 4778 4780 4781
f 4779 4781 4632 4630
f 4781 4780 4782 4783
f 4781 4783 4634 4632
f 4783 4782 4784 4785
f 4783 4785 4636 4634
f 4785 4784 4786 4787
f 4785 4787 4638 4636
f 4787 4786 4788 4789
f 4787 4789 4640 4638
f 4789 4788 4790 4791
f 4789 4791 4642 4640
f 4791 4790 4792 4793
f 4791 4793 4644 4642
f 4793 4792 4794 4795
f 4793 4795 4646 4644
f 4795 4794 4796 4797
f 4795 4797 4648 4646
f 4797 4796 4798 4799
f 4797 4799 4650 4648
f 4799 4798 4800 4801
f 4799 4801 4652 4650
f 4801 4800 4802 4803
f 4801 4803 4654 4652
f 4803 4802 4804 4805
f 4803 4805 4656 4654
f 4805 4804 4806 4807
f 4805 4807 4658 4656
f 4807 4806 4808 4809
f 4807 4809 4660 4658
f 4809 4808 4810 4811
f 4809 4811 4662 4660
f 4811 4810 4812 4813
f 4811 4813 4664 4662
f 4813 4812 4814 4815
f 4813 4815 4666 4664
f 4815 4814 4816 4817
f 4815 4817 4668 4666
f 4817 4816 4818 4819
f 4817 4819 4670 4668
f 4819 4818 4820 4821
f 4819 4821 4672 4670
f 4821 4820 4822 4823
f 4821 4823 4674 4672
f 4823 4822 4824 4825
f 4823 4825 4676 4674
f 4825 4824 4826 4827
f 4825 4827 4678 4676
f 4827 4826 4828 4829
f 4827 4829 4680 4678
f 4829 4828 4830 4831
f 4829 4831 4682 4680
f 4831 4830 4832 4833
f 4831 4833 4684 4682
f 4833 4832 4834 4835
f 4833 4835 4686 4684
f 4835 4834 4836 4837
f 4835 4837 4688 4686
f 4837 4836 4838 4839
f 4837 4839 4690 4688
f 4839 4838 4840 4841
f 4839 4841 4692 4690
f 4841 4840 4842 4843
f 4841 4843 4694 4692
f 4843 4842 4844 4845
f 4843 4845 4696 4694
f 4845 4844 4846 4847
f 4845 4847 4698 4696
f 4847 4846 4848 4849
f 4847 4849 4700 4698
f 4849 4848 4850 4851
f 4849 4851 4702 4700
f 4851 4850 4852 4853
f 4851 4853 4704 4702
f 4853 4852 4854 4855
f 4853 4855 4706 4704
f 4855 4854 4856 4857
f 4855 4857 4708 4706
f 4857 4856 4858 4859
f 4857 4859 4710 4708
f 4859 4858 4860 4861
f 4859 4861 4712 4710
f 4861 4860 4862 4863
f 4861 4863 4714 4712
f 4863 4862 4864 4865
f 4863 4865 4716 4714
f 4865 4864 4866 4867
f 4865 4867 4718 4716
f 4867 4866 4868 4869
f 4867 4869 4720 4718
f 4869 4868 4870 4871
f 4869 4871 4722 4720
f 4871 4870 4872 4873
f 4871 4873 4874 4722
f 4874 4873 4875 4876
f 4874 4876 4727 4725
f 4874 4725 4723 4722
f 4876 4875 4877 4878
f 4876 4878 4729 4727
f 4878 4877 4879 4880
f 4878 4880 4731 4729
f 4880 4879 4881 4882
f 4880 4882 4733 4731
f 4882 4881 4883 4884
f 4882 4884 4735 4733
f 4884 4883 4885 4886
f 4884 4886 4737 4735
f 4886 4885 4887 4888
f 4886 4888 4739 4737
f 4888 4887 4889 4890
f 4888 4890 4741 4739
f 4890 4889 4891 4892
f 4890 4892 4743 4741
f 4892 4891 4893 4748
f 4892 4748 4745 4743
f 4893 4891 4894 4895
f 4893 4895 4896 4897
f 4893 4897 4749 4748
f 4897 4896 4898 4753
f 4897 4753 4750 4749
f 4898 4896 4899 4900
f 4898 4900 4901 4902
f 4898 4902 4754 4753
f 4902 4901 4903 4758
f 4902 4758 4755 4754
f 4903 4901 4904 4905
f 4903 4905 4906 4907
f 4903 4907 4759 4758
f 4907 4906 4908 4909
f 4907 4909 4760 4759
f 4909 4908 4910 4911
f 4909 4911 4762 4760
f 4911 4910 4912 4913
f 4911 4913 4764 4762
f 4913 4912 4914 4915
f 4913 4915 4766 4764
f 4915 4914 4916 4917
f 4915 4917 4768 4766
f 4917 4916 4918 4919
f 4917 4919 4770 4768
f 4919 4918 4920 4921
f 4919 4921 4772 4770
f 4921 4920 4922 4923
f 4921 4923 4774 4772
f 4923 4922 4924 4925
f 4923 4925 4776 4774
f 4925 4924 4926 4927
f 4925 4927 4778 4776
f 4927 4926 4928 4929
f 4927 4929 4780 4778
f 4929 4928 4930 4931
f 4929 4931 4782 4780
f 4931 4930 4932 4933
f 4931 4933 4784 4782
f 4933 4932 4934 4935
f 4933 4935 4786 4784
f 4935 4934 4936 4937
f 4935 4937 4788 4786
f 4937 4936 4938 4939
f 4937 4939 4790 4788
f 4939 4938 4940 4941
f 4939 4941 4792 4790
f 4941 4940 4942 4943
f 4941 4943 4794 4792
f 4943 4942 4944 4945
f 4943 4945 4796 4794
f 4945 4944 4946 4947
f 4945 4947 4798 4796
f 4947 4946 4948 4949
f 4947 4949 4800 4798
f 4949 4948 4950 4951
f 4949 4951 4802 4800
f 4951 4950 4952 4953
f 4951 4953 4804 4802
f 4953 4952 4954 4955
f 4953 4955 4806 4804
f 4955 4954 4956 4957
f 4955 4957 4808 4806
f 4957 4956 4958 4959
f 4957 4959 4810 4808
f 4959 4958 4960 4961
f 4959 4961 4812 4810
f 4961 4960 4962 4963
f 4961 4963 4814 4812
f 4963 4962 4964 4965
f 4963 4965 4816 4814
f 4965 4964 4966 4967
f 4965 4967 4818 4816
f 4967 4966 4968 4969
f 4967 4969 4820 4818
f 4969 4968 4970 4971
f 4969 4971 4822 4820
f 4971 4970 4972 4973
f 4971 4973 4824 4822
f 4973 4972 4974 4975
f 4973 4975 4826 4824
f 4975 4974 4976 4977
f 4975 4977 4828 4826
f 4977 4976 4978 4979
f 4977 4979 4830 4828
f 4979 4978 4980 4981
f 4979 4981 4832 4830
f 4981 4980 4982 4983
f 4981 4983 4834 4832
f 4983 4982 4984 4985
f 4983 4985 4836 4834
f 4985 4984 4986 4987
f 4985 4987 4838 4836
f 4987 4986 4988 4989
f 4987 4989 4840 4838
f 4989 4988 4990 4991
f 4989 4991 4842 4840
f 4991 4990 4992 4993
f 4991 4993 4844 4842
f 4993 4992 4994 4995
f 4993 4995 4846 4844
f 4995 4994 4996 4997
f 4995 4997 4848 4846
f 4997 4996 4998 4999
f 4997 4999 4850 4848
f 4999 4998 5000 5001
f 4999 5001 4852 4850
f 5001 5000 5002 5003
f 5001 5003 4854 4852
f 5003 5002 5004 5005
f 5003 5005 4856 4854
f 5005 5004 5006 5007
f 5005 5007 4858 4856
f 5007 5006 5008 5009
f 5007 5009 4860 4858
f 5009 5008 5010 5011
f 5009 5011 4862 4860
f 5011 5010 5012 5013
f 5011 5013 4864 4862
f 5013 5012 5014 5015
f 5013 5015 4866 4864
f 5015 5014 5016 5017
f 5015 5017 4868 4866
f 5017 5016 5018 5019
f 5017 5019 4870 4868
f 5019 5018 5020 5021
f 5019 5021 4872 4870
f 5021 5020 5022 5023
f 5021 5023 5024 4872
f 5024 5023 5025 5026
f 5024 5026 4877 4875
f 5024 4875 4873 4872
f 5026 5025 5027 5028
f 5026 5028 4879 4877
f 5028 5027 5029 5030
f 5028 5030 4881 4879
f 5030 5029 5031 5032
f 5030 5032 4883 4881
f 5032 5031 5033 5034
f 5032 5034 4885 4883
f 5034 5033 5035 5036
f 5034 5036 4887 4885
f 5036 5035 5037 5038
f 5036 5038 4889 4887
f 5038 5037 5039 4894
f 5038 4894 4891 4889
f 5039 5037 5040 5041
f 5039 5041 5042 5043
f 5039 5043 4895 4894
f 5043 5042 5044 4899
f 5043 4899 4896 4895
f 5044 5042 5045 5046
f 5044 5046 5047 5048
f 5044 5048 4900 4899
f 5048 5047 5049 4904
f 5048 4904 4901 4900
f 5049 5047 5050 5051
f 5049 5051 5052 5053
f 5049 5053 4905 4904
f 5053 5052 5054 5055
f 5053 5055 4906 4905
f 5055 5054 5056 5057
f 5055 5057 4908 4906
f 5057 5056 5058 5059
f 5057 5059 4910 4908
f 5059 5058 5060 5061
f 5059 5061 4912 4910
f 5061 5060 5062 5063
f 5061 5063 4914 4912
f 5063 5062 5064 5065
f 5063 5065 4916 4914
f 5065 5064 5066 5067
f 5065 5067 4918 4916
f 5067 5066 5068 5069
f 5067 5069 4920 4918
f 5069 5068 5070 5071
f 5069 5071 4922 4920
f 5071 5070 5072 5073
f 5071 5073 4924 4922
f 5073 5072 5074 5075
f 5073 5075 4926 4924
f 5075 5074 5076 5077
f 5075 5077 4928 4926
f 5077 5076 5078 5079
f 5077 5079 4930 4928
f 5079 5078 5080 5081
f 5079 5081 4932 4930
f 5081 5080 5082 5083
f 5081 5083 4934 4932
f 5083 5082 5084 5085
f 5083 5085 4936 4934
f 5085 5084 5086 5087
f 5085 5087 4938 4936
f 5087 5086 5088 5089
f 5087 5089 4940 4938
f 5089 5088 5090 5091
f 5089 5091 4942 4940
f 5091 5090 5092 5093
f 5091 5093 4944 4942
f 5093 5092 5094 5095
f 5093 5095 4946 4944
f 5095 5094 5096 5097
f 5095 5097 4948 4946
f 5097 5096 5098 5099
f 5097 5099 4950 4948
f 5099 5098 5100 5101
f 5099 5101 4952 4950
f 5101 5100 5102 5103
f 5101 5103 4954 4952
f 5103 5102 5104 5105
f 5103 5105 4956 4954
f 5105 5104 5106 5107
f 5105 5107 4958 4956
f 5107 5106 5108 5109
f 5107 5109 4960 4958
f 5109 5108 5110 5111
f 5109 5111 4962 4960
f 5111 5110 5112 5113
f 5111 5113 4964 4962
f 5113 5112 5114 5115
f 5113 5115 4966 4964
f 5115 5114 5116 5117
f 5115 5117 4968 4966
f 5117 5116 5118 5119
f 5117 5119 4970 4968
f 5119 5118 5120 5121
f 5119 5121 4972 4970
f 5121 5120 5122 5123
f 5121 5123 4974 4972
f 5123 5122 5124 5125
f 5123 5125 4976 4974
f 5125 5124 5126 5127
f 5125 5127 4978 4976
f 5127 5126 5128 5129
f 5127 5129 4980 4978
f 5129 5128 5130 5131
f 5129 5131 4982 4980
f 5131 5130 5132 5133
f 5131 5133 4984 4982
f 5133 5132 5134 5135
f 5133 5135 4986 4984
f 5135 5134 5136 5137
f 5135 5137 4988 4986
f 5137 5136 5138 5139
f 5137 5139 4990 4988
f 5139 5138 5140 5141
f 5139 5141 4992 4990
f 5141 5140 5142 5143
f 5141 5143 4994 4992
f 5143 5142 5144 5145
f 5143 5145 4996 4994
f 5145 5144 5146 5147
f 5145 5147 4998 4996
f 5147 5146 5148 5149
f 5147 5149 5000 4998
f 5149 5148 5150 5151
f 5149 5151 5002 5000
f 5151 5150 5152 5153
f 5151 5153 5004 5002
f 5153 5152 5154 5155
f 5153 5155 5006 5004
f 5155 5154 5156 5157
f 5155 5157 5008 5006
f 5157 5156 5158 5159
f 5157 5159 5010 5008
f 5159 5158 5160 5161
f 5159 5161 5012 5010
f 5161 5160 5162 5163
f 5161 5163 5014 5012
f 5163 5162 5164 5165
f 5163 5165 5016 5014
f 5165 5164 5166 5167
f 5165 5167 5018 5016
f 5167 5166 5168 5169
f 5167 5169 5020 5018
f 5169 5168 5170 5171
f 5169 5171 5022 5020
f 5171 5170 5172 5173
f 5171 5173 5174 5022
f 5174 5173 5175 5176
f 5174 5176 5027 5025
f 5174 5025 5023 5022
f 5176 5175 5177 5178
f 5176 5178 5029 5027
f 5178 5177 5179 5180
f 5178 5180 5031 5029
f 5180 5179 5181 5182
f 5180 5182 5033 5031
f 5182 5181 5183 5184
f 5182 5184 5035 5033
f 5184 5183 5185 5040
f 5184 5040 5037 5035
f 5185 5183 5186 5187
f 5185 5187 5188 5189
f 5185 5189 5041 5040
f 5189 5188 5190 5045
f 5189 5045 5042 5041
f 5190 5188 5191 5192
f 5190 5192 5193 5194
f 5190 5194 5046 5045
f 5194 5193 5195 5050
f 5194 5050 5047 5046
f 5195 5193 5196 5197
f 5195 5197 5198 5199
f 5195 5199 5051 5050
f 5199 5198 5200 5201
f 5199 5201 5052 5051
f 5201 5200 5202 5203
f 5201 5203 5054 5052
f 5203 5202 5204 5205
f 5203 5205 5056 5054
f 5205 5204 5206 5207
f 5205 5207 5058 5056
f 5207 5206 5208 5209
f 5207 5209 5060 5058
f 5209 5208 5210 5211
f 5209 5211 5062 5060
f 5211 5210 5212 5213
f 5211 5213 5064 5062
f 5213 5212 5214 5215
f 5213 5215 5066 5064
f 5215 5214 5216 5217
f 5215 5217 5068 5066
f 5217 5216 5218 5219
f 5217 5219 5070 5068
f 5219 5218 5220 5221
f 5219 5221 5072 5070
f 5221 5220 5222 5223
f 5221 5223 5074 5072
f 5223 5222 5224 5225
f 5223 5225 5076 5074
f 5225 5224 5226 5227
f 5225 5227 5078 5076
f 5227 5226 5228 5229
f 5227 5229 5080 5078
f 5229 5228 5230 5231
f 5229 5231 5082 5080
f 5231 5230 5232 5233
f 5231 5233 5084 5082
f 5233 5232 5234 5235
f 5233 5235 5086 5084
f 5235 5234 5236 5237
f 5235 5237 5088 5086
f 5237 5236 5238 5239
f 5237 5239 5090 5088
f 5239 5238 5240 5241
f 5239 5241 5092 5090
f 5241 5240 5242 5243
f 5241 5243 5094 5092
f 5243 5242 5244 5245
f 5243 5245 5096 5094
f 5245 5244 5246 5247
f 5245 5247 5098 5096
f 5247 5246 5248 5249
f 5247 5249 5100 5098
f 5249 5248 5250 5251
f 5249 5251 5102 5100
f 5251 5250 5252 5253
f 5251 5253 5104 5102
f 5253 5252 5254 5255
f 5253 5255 5106 5104
f 5255 5254 5256 5257
f 5255 5257 5108 5106
f 5257 5256 5258 5259
f 5257 5259 5110 5108
f 5259 5258 5260 5261
f 5259 5261 5112 5110
f 5261 5260 5262 5263
f 5261 5263 5114 5112
f 5263 5262 5264 5265
f 5263 5265 5116 5114
f 5265 5264 5266 5267
f 5265 5267 5118 5116
f 5267 5266 5268 5269
f 5267 5269 5120 5118
f 5269 5268 5270 5271
f 5269 5271 5122 5120
f 5271 5270 5272 5273
f 5271 5273 5124 5122
f 5273 5272 5274 5275
f 5273 5275 5126 5124
f 5275 5274 5276 5277
f 5275 5277 5128 5126
f 5277 5276 5278 5279
f 5277 5279 5130 5128
f 5279 5278 5280 5281
f 5279 5281 5132 5130
f 5281 5280 5282 5283
f 5281 5283 5134 5132
f 5283 5282 5284 5285
f 5283 5285 5136 5134
f 5285 5284 5286 5287
f 5285 5287 5138 5136
f 5287 5286 5288 5289
f 5287 5289 5140 5138
f 5289 5288 5290 5291
f 5289 5291 5142 5140
f 5291 5290 5292 5293
f 5291 5293 5144 5142
f 5293 5292 5294 5295
f 5293 5295 5146 5144
f 5295 5294 5296 5297
f 5295 5297 5148 5146
f 5297 5296 5298 5299
f 5297 5299 5150 5148
f 5299 5298 5300 5301
f 5299 5301 5152 5150
f 5301 5300 5302 5303
f 5301 5303 5154 5152
f 5303 5302 5304 5305
f 5303 5305 5156 5154
f 5305 5304 5306 5307
f 5305 5307 5158 5156
f 5307 5306 5308 5309
f 5307 5309 5160 5158
f 5309 5308 5310 5311
f 5309 5311 5162 5160
f 5311 5310 5312 5313
f 5311 5313 5164 5162
f 5313 5312 5314 5315
f 5313 5315 5166 5164
f 5315 5314 5316 5317
f 5315 5317 5168 5166
f 5317 5316 5318 5319
f 5317 5319 5170 5168
f 5319 5318 5320 5321
f 5319 5321 5172 5170
f 5321 5320 5322 5323
f 5321 5323 5324 5172
f 5324 5323 5325 5326
f 5324 5326 5177 5175
f 5324 5175 5173 5172
f 5326 5325 5327 5328
f 5326 5328 5179 5177
f 5328 5327 5329 5330
f 5328 5330 5181 5179
f 5330 5329 5331 5186
f 5330 5186 5183 5181
f 5331 5329 5332 5333
f 5331 5333 5334 5335
f 5331 5335 5187 5186
f 5335 5334 5336 5191
f 5335 5191 5188 5187
f 5336 5334 5337 5338
f 5336 5338 5339 5340
f 5336 5340 5192 5191
f 5340 5339 5341 5196
f 5340 5196 5193 5192
f 5341 5339 5342 5343
f 5341 5343 5344 5345
f 5341 5345 5197 5196
f 5345 5344 5346 5347
f 5345 5347 5198 5197
f 5347 5346 5348 5349
f 5347 5349 5200 5198
f 5349 5348 5350 5351
f 5349 5351 5202 5200
f 5351 5350 5352 5353
f 5351 5353 5204 5202
f 5353 5352 5354 5355
f 5353 5355 5206 5204
f 5355 5354 5356 5357
f 5355 5357 5208 5206
f 5357 5356 5358 5359
f 5357 5359 5210 5208
f 5359 5358 5360 5361
f 5359 5361 5212 5210
f 5361 5360 5362 5363
f 5361 5363 5214 5212
f 5363 5362 5364 5365
f 5363 5365 5216 5214
f 5365 5364 5366 5367
f 5365 5367 5218 5216
f 5367 5366 5368 5369
f 5367 5369 5220 5218
f 5369 5368 5370 5371
f 5369 5371 5222 5220
f 5371 5370 5372 5373
f 5371 5373 5224 5222
f 5373 5372 5374 5375
f 5373 5375 5226 5224
f 5375 5374 5376 5377
f 5375 5377 5228 5226
f 5377 5376 5378 5379
f 5377 5379 5230 5228
f 5379 5378 5380 5381
f 5379 5381 5232 5230
f 5381 5380 5382 5383
f 5381 5383 5234 5232
f 5383 5382 5384 5385
f 5383 5385 5236 5234
f 5385 5384 5386 5387
f 5385 5387 5238 5236
f 5387 5386 5388 5389
f 5387 5389 5240 5238
f 5389 5388 5390 5391
f 5389 5391 5242 5240
f 5391 5390 5392 5393
f 5391 5393 5244 5242
f 5393 5392 5394 5395
f 5393 5395 5246 5244
f 5395 5394 5396 5397
f 5395 5397 5248 5246
f 5397 5396 5398 5399
f 5397 5399 5250 5248
f 5399 5398 5400 5401
f 5399 5401 5252 5250
f 5401 5400 5402 5403
f 5401 5403 5254 5252
f 5403 5402 5404 5405
f 5403 5405 5256 5254
f 5405 5404 5406 5407
f 5405 5407 5258 5256
f 5407 5406 5408 5409
f 5407 5409 5260 5258
f 5409 5408 5410 5411
f 5409 5411 5262 5260
f 5411 5410 5412 5413
f 5411 5413 5264 5262
f 5413 5412 5414 5415
f 5413 5415 5266 5264
f 5415 5414 5416 5417
f 5415 5417 5268 5266
f 5417 5416 5418 5419
f 5417 5419 5270 5268
f 5419 5418 5420 5421
f 5419 5421 5272 5270
f 5421 5420 5422 5423
f 5421 5423 5274 5272
f 5423 5422 5424 5425
f 5423 5425 5276 5274
f 5425 5424 5426 5427
f 5425 5427 5278 5276
f 5427 5426 5428 5429
f 5427 5429 5280 5278
f 5429 5428 5430 5431
f 5429 5431 5282 5280
f 5431 5430 5432 5433
f 5431 5433 5284 5282
f 5433 5432 5434 5435
f 5433 5435 5286 5284
f 5435 5434 5436 5437
f 5435 5437 5288 5286
f 5437 5436 5438 5439
f 5437 5439 5290 5288
f 5439 5438 5440 5441
f 5439 5441 5292 5290
f 5441 5440 5442 5443
f 5441 5443 5294 5292
f 5443 5442 5444 5445
f 5443 5445 5296 5294
f 5445 5444 5446 5447
f 5445 5447 5298 5296
f 5447 5446 5448 5449
f 5447 5449 5300 5298
f 5449 5448 5450 5451
f 5449 5451 5302 5300
f 5451 5450 5452 5453
f 5451 5453 5304 5302
f 5453 5452 5454 5455
f 5453 5455 5306 5304
f 5455 5454 5456 5457
f 5455 5457 5308 5306
f 5457 5456 5458 5459
f 5457 5459 5310 5308
f 5459 5458 5460 5461
f 5459 5461 5312 5310
f 5461 5460 5462 5463
f 5461 5463 5314 5312
f 5463 5462 5464 5465
f 5463 5465 5316 5314
f 5465 5464 5466 5467
f 5465 5467 5318 5316
f 5467 5466 5468 5469
f 5467 5469 5320 5318
f 5469 5468 5470 5471
f 5469 5471 5322 5320
f 5471 5470 5472 5473
f 5471 5473 5474 5322
f 5474 5473 5475 5476
f 5474 5476 5327 5325
f 5474 5325 5323 5322
f 5476 5475 5477 5332
f 5476 5332 5329 5327
f 5477 5475 5478 5479
f 5477 5479 5480 5481
f 5477 5481 5333 5332
f 5481 5480 5482 5337
f 5481 5337 5334 5333
f 5482 5480 5483 5484
f 5482 5484 5485 5486
f 5482 5486 5338 5337
f 5486 5485 5487 5342
f 5486 5342 5339 5338
f 5487 5485 5488 5489
f 5487 5489 5490 5491
f 5487 5491 5343 5342
f 5491 5490 5492 5493
f 5491 5493 5344 5343
f 5493 5492 5494 5495
f 5493 5495 5346 5344
f 5495 5494 5496 5497
f 5495 5497 5348 5346
f 5497 5496 5498 5499
f 5497 5499 5350 5348
f 5499 5498 5500 5501
f 5499 5501 5352 5350
f 5501 5500 5502 5503
f 5501 5503 5354 5352
f 5503 5502 5504 5505
f 5503 5505 5356 5354
f 5505 5504 5506 5507
f 5505 5507 5358 5356
f 5507 5506 5508 5509
f 5507 5509 5360 5358
f 5509 5508 5510 5511
f 5509 5511 5362 5360
f 5511 5510 5512 5513
f 5511 5513 5364 5362
f 5513 5512 5514 5515
f 5513 5515 5366 5364
f 5515 5514 5516 5517
f 5515 5517 5368 5366
f 5517 5516 5518 5519
f 5517 5519 5370 5368
f 5519 5518 5520 5521
f 5519 5521 5372 5370
f 5521 5520 5522 5523
f 5521 5523 5374 5372
f 5523 5522 5524 5525
f 5523 5525 5376 5374
f 5525 5524 5526 5527
f 5525 5527 5378 5376
f 5527 5526 5528 5529
f 5527 5529 5380 5378
f 5529 5528 5530 5531
f 5529 5531 5382 5380
f 5531 5530 5532 5533
f 5531 5533 5384 5382
f 5533 5532 5534 5535
f 5533 5535 5386 5384
f 5535 5534 5536 5537
f 5535 5537 5388 5386
f 5537 5536 5538 5539
f 5537 5539 5390 5388
f 5539 5538 5540 5541
f 5539 5541 5392 5390
f 5541 5540 5542 5543
f 5541 5543 5394 5392
f 5543 5542 5544 5545
f 5543 5545 5396 5394
f 5545 5544 5546 5547
f 5545 5547 5398 5396
f 5547 5546 5548 5549
f 5547 5549 5400 5398
f 5549 5548 5550 5551
f 5549 5551 5402 5400
f 5551 5550 5552 5553
f 5551 5553 5404 5402
f 5553 5552 5554 5555
f 5553 5555 5406 5404
f 5555 5554 5556 5557
f 5555 5557 5408 5406
f 5557 5556 5558 5559
f 5557 5559 5410 5408
f 5559 5558 5560 5561
f 5559 5561 5412 5410
f 5561 5560 5562 5563
f 5561 5563 5414 5412
f 5563 5562 5564 5565
f 5563 5565 5416 5414
f 5565 5564 5566 5567
f 5565 5567 5418 5416
f 5567 5566 5568 5569
f 5567 5569 5420 5418
f 5569 5568 5570 5571
f 5569 5571 5422 5420
f 5571 5570 5572 5573
f 5571 5573 5424 5422
f 5573 5572 5574 5575
f 5573 5575 5426 5424
f 5575 5574 5576 5577
f 5575 5577 5428 5426
f 5577 5576 5578 5579
f 5577 5579 5430 5428
f 5579 5578 5580 5581
f 5579 5581 5432 5430
f 5581 5580 5582 5583
f 5581 5583 5434 5432
f 5583 5582 5584 5585
f 5583 5585 5436 5434
f 5585 5584 5586 5587
f 5585 5587 5438 5436
f 5587 5586 5588 5589
f 5587 5589 5440 5438
f 5589 5588 5590 5591
f 5589 5591 5442 5440
f 5591 5590 5592 5593
f 5591 5593 5444 5442
f 5593 5592 5594 5595
f 5593 5595 5446 5444
f 5595 5594 5596 5597
f 5595 5597 5448 5446
f 5597 5596 5598 5599
f 5597 5599 5450 5448
f 5599 5598 5600 5601
f 5599 5601 5452 5450
f 5601 5600 5602 5603
f 5601 5603 5454 5452
f 5603 5602 5604 5605
f 5603 5605 5456 5454
f 5605 5604 5606 5607
f 5605 5607 5458 5456
f 5607 5606 5608 5609
f 5607 5609 5460 5458
f 5609 5608 5610 5611
f 5609 5611 5462 5460
f 5611 5610 5612 5613
f 5611 5613 5464 5462
f 5613 5612 5614 5615
f 5613 5615 5466 5464
f 5615 5614 5616 5617
f 5615 5617 5468 5466
f 5617 5616 5618 5619
f 5617 5619 5470 5468
f 5619 5618 5620 5621
f 5619 5621 5472 5470
f 5621 5620 5622 5623
f 5621 5623 5478 5472
f 5623 5622 5624 5625
f 5623 5625 5479 5478
f 5625 5624 5626 5483
f 5625 5483 5480 5479
f 5626 5624 5627 5628
f 5626 5628 5629 5630
f 5626 5630 5484 5483
f 5630 5629 5631 5488
f 5630 5488 5485 5484
f 5631 5629 5632 5633
f 5631 5633 5634 5635
f 5631 5635 5489 5488
f 5635 5634 5636 5637
f 5635 5637 5490 5489
f 5637 5636 5638 5639
f 5637 5639 5492 5490
f 5639 5638 5640 5641
f 5639 5641 5494 5492
f 5641 5640 5642 5643
f 5641 5643 5496 5494
f 5643 5642 5644 5645
f 5643 5645 5498 5496
f 5645 5644 5646 5647
f 5645 5647 5500 5498
f 5647 5646 5648 5649
f 5647 5649 5502 5500
f 5649 5648 5650 5651
f 5649 5651 5504 5502
f 5651 5650 5652 5653
f 5651 5653 5506 5504
f 5653 5652 5654 5655
f 5653 5655 5508 5506
f 5655 5654 5656 5657
f 5655 5657 5510 5508
f 5657 5656 5658 5659
f 5657 5659 5512 5510
f 5659 5658 5660 5661
f 5659 5661 5514 5512
f 5661 5660 5662 5663
f 5661 5663 5516 5514
f 5663 5662 5664 5665
f 5663 5665 5518 5516
f 5665 5664 5666 5667
f 5665 5667 5520 5518
f 5667 5666 5668 5669
f 5667 5669 5522 5520
f 5669 5668 5670 5671
f 5669 5671 5524 5522
f 5671 5670 5672 5673
f 5671 5673 5526 5524
f 5673 5672 5674 5675
f 5673 5675 5528 5526
f 5675 5674 5676 5677
f 5675 5677 5530 5528
f 5677 5676 5678 5679
f 5677 5679 5532 5530
f 5679 5678 5680 5681
f 5679 5681 5534 5532
f 5681 5680 5682 5683
f 5681 5683 5536 5534
f 5683 5682 5684 5685
f 5683 5685 5538 5536
f 5685 5684 5686 5687
f 5685 5687 5540 5538
f 5687 5686 5688 5689
f 5687 5689 5542 5540
f 5689 5688 5690 5691
f 5689 5691 5544 5542
f 5691 5690 5692 5693
f 5691 5693 5546 5544
f 5693 5692 5694 5695
f 5693 5695 5548 5546
f 5695 5694 5696 5697
f 5695 5697 5550 5548
f 5697 5696 5698 5699
f 5697 5699 5552 5550
f 5699 5698 5700 5701
f 5699 5701 5554 5552
f 5701 5700 5702 5703
f 5701 5703 5556 5554
f 5703 5702 5704 5705
f 5703 5705 5558 5556
f 5705 5704 5706 5707
f 5705 5707 5560 5558
f 5707 5706 5708 5709
f 5707 5709 5562 5560
f 5709 5708 5710 5711
f 5709 5711 5564 5562
f 5711 5710 5712 5713
f 5711 5713 5566 5564
f 5713 5712 5714 5715
f 5713 5715 5568 5566
f 5715 5714 5716 5717
f 5715 5717 5570 5568
f 5717 5716 5718 5719
f 5717 5719 5572 5570
f 5719 5718 5720 5721
f 5719 5721 5574 5572
f 5721 5720 5722 5723
f 5721 5723 5576 5574
f 5723 5722 5724 5725
f 5723 5725 5578 5576
f 5725 5724 5726 5727
f 5725 5727 5580 5578
f 5727 5726 5728 5729
f 5727 5729 5582 5580
f 5729 5728 5730 5731
f 5729 5731 5584 5582
f 5731 5730 5732 5733
f 5731 5733 5586 5584
f 5733 5732 5734 5735
f 5733 5735 5588 5586
f 5735 5734 5736 5737
f 5735 5737 5590 5588
f 5737 5736 5738 5739
f 5737 5739 5592 5590
f 5739 5738 5740 5741
f 5739 5741 5594 5592
f 5741 5740 5742 5743
f 5741 5743 5596 5594
f 5743 5742 5744 5745
f 5743 5745 5598 5596
f 5745 5744 5746 5747
f 5745 5747 5600 5598
f 5747 5746 5748 5749
f 5747 5749 5602 5600
f 5749 5748 5750 5751
f 5749 5751 5604 5602
f 5751 5750 5752 5753
f 5751 5753 5606 5604
f 5753 5752 5754 5755
f 5753 5755 5608 5606
f 5755 5754 5756 5757
f 5755 5757 5610 5608
f 5757 5756 5758 5759
f 5757 5759 5612 5610
f 5759 5758 5760 5761
f 5759 5761 5614 5612
f 5761 5760 5762 5763
f 5761 5763 5616 5614
f 5763 5762 5764 5765
f 5763 5765 5618 5616
f 5765 5764 5766 5767
f 5765 5767 5620 5618
f 5767 5766 5768 5769
f 5767 5769 5622 5620
f 5769 5768 5770 5627
f 5769 5627 5624 5622
f 5770 5768 5771 5772
f 5770 5772 5773 5774
f 5770 5774 5628 5627
f 5774 5773 5775 5632
f 5774 5632 5629 5628
f 5775 5773 5776 5777
f 5775 5777 5778 5779
f 5775 5779 5633 5632
f 5779 5778 5780 5781
f 5779 5781 5634 5633
f 5781 5780 5782 5783
f 5781 5783 5636 5634
f 5783 5782 5784 5785
f 5783 5785 5638 5636
f 5785 5784 5786 5787
f 5785 5787 5640 5638
f 5787 5786 5788 5789
f 5787 5789 5642 5640
f 5789 5788 5790 5791
f 5789 5791 5644 5642
f 5791 5790 5792 5793
f 5791 5793 5646 5644
f 5793 5792 5794 5795
f 5793 5795 5648 5646
f 5795 5794 5796 5797
f 5795 5797 5650 5648
f 5797 5796 5798 5799
f 5797 5799 5652 5650
f 5799 5798 5800 5801
f 5799 5801 5654 5652
f 5801 5800 5802 5803
f 5801 5803 5656 5654
f 5803 5802 5804 5805
f 5803 5805 5658 5656
f 5805 5804 5806 5807
f 5805 5807 5660 5658
f 5807 5806 5808 5809
f 5807 5809 5662 5660
f 5809 5808 5810 5811
f 5809 5811 5664 5662
f 5811 5810 5812 5813
f 5811 5813 5666 5664
f 5813 5812 5814 5815
f 5813 5815 5668 5666
f 5815 5814 5816 5817
f 5815 5817 5670 5668
f 5817 5816 5818 5819
f 5817 5819 5672 5670
f 5819 5818 5820 5821
f 5819 5821 5674 5672
f 5821 5820 5822 5823
f 5821 5823 5676 5674
f 5823 5822 5824 5825
f 5823 5825 5678 5676
f 5825 5824 5826 5827
f 5825 5827 5680 5678
f 5827 5826 5828 5829
f 5827 5829 5682 5680
f 5829 5828 5830 5831
f 5829 5831 5684 5682
f 5831 5830 5832 5833
f 5831 5833 5686 5684
f 5833 5832 5834 5835
f 5833 5835 5688 5686
f 5835 5834 5836 5837
f 5835 5837 5690 5688
f 5837 5836 5838 5839
f 5837 5839 5692 5690
f 5839 5838 5840 5841
f 5839 5841 5694 5692
f 5841 5840 5842 5843
f 5841 5843 5696 5694
f 5843 5842 5844 5845
f 5843 5845 5698 5696
f 5845 5844 5846 5847
f 5845 5847 5700 5698
f 5847 5846 5848 5849
f 5847 5849 5702 5700
f 5849 5848 5850 5851
f 5849 5851 5704 5702
f 5851 5850 5852 5853
f 5851 5853 5706 5704
f 5853 5852 5854 5855
f 5853 5855 5708 5706
f 5855 5854 5856 5857
f 5855 5857 5710 5708
f 5857 5856 5858 5859
f 5857 5859 5712 5710
f 5859 5858 5860 5861
f 5859 5861 5714 5712
f 5861 5860 5862 5863
f 5861 5863 5716 5714
f 5863 5862 5864 5865
f 5863 5865 5718 5716
f 5865 5864 5866 5867
f 5865 5867 5720 5718
f 5867 5866 5868 5869
f 5867 5869 5722 5720
f 5869 5868 5870 5871
f 5869 5871 5724 5722
f 5871 5870 5872 5873
f 5871 5873 5726 5724
f 5873 5872 5874 5875
f 5873 5875 5728 5726
f 5875 5874 5876 5877
f 5875 5877 5730 5728
f 5877 5876 5878 5879
f 5877 5879 5732 5730
f 5879 5878 5880 5881
f 5879 5881 5734 5732
f 5881 5880 5882 5883
f 5881 5883 5736 5734
f 5883 5882 5884 5885
f 5883 5885 5738 5736
f 5885 5884 5886 5887
f 5885 5887 5740 5738
f 5887 5886 5888 5889
f 5887 5889 5742 5740
f 5889 5888 5890 5891
f 5889 5891 5744 5742
f 5891 5890 5892 5893
f 5891 5893 5746 5744
f 5893 5892 5894 5895
f 5893 5895 5748 5746
f 5895 5894 5896 5897
f 5895 5897 5750 5748
f 5897 5896 5898 5899
f 5897 5899 5752 5750
f 5899 5898 5900 5901
f 5899 5901 5754 5752
f 5901 5900 5902 5903
f 5901 5903 5756 5754
f 5903 5902 5904 5905
f 5903 5905 5758 5756
f 5905 5904 5906 5907
f 5905 5907 5760 5758
f 5907 5906 5908 5909
f 5907 5909 5762 5760
f 5909 5908 5910 5911
f 5909 5911 5764 5762
f 5911 5910 5912 5913
f 5911 5913 5766 5764
f 5913 5912 5914 5771
f 5913 5771 5768 5766
f 5914 5912 5915 5916
f 5914 5916 5917 5918
f 5914 5918 5772 5771
f 5918 5917 5919 5776
f 5918 5776 5773 5772
f 5919 5917 5920 5921
f 5919 5921 5922 5923
f 5919 5923 5777 5776
f 5923 5922 5924 5925
f 5923 5925 5778 5777
f 5925 5924 5926 5927
f 5925 5927 5780 5778
f 5927 5926 5928 5929
f 5927 5929 5782 5780
f 5929 5928 5930 5931
f 5929 5931 5784 5782
f 5931 5930 5932 5933
f 5931 5933 5786 5784
f 5933 5932 5934 5935
f 5933 5935 5788 5786
f 5935 5934 5936 5937
f 5935 5937 5790 5788
f 5937 5936 5938 5939
f 5937 5939 5792 5790
f 5939 5938 5940 5941
f 5939 5941 5794 5792
f 5941 5940 5942 5943
f 5941 5943 5796 5794
f 5943 5942 5944 5945
f 5943 5945 5798 5796
f 5945 5944 5946 5947
f 5945 5947 5800 5798
f 5947 5946 5948 5949
f 5947 5949 5802 5800
f 5949 5948 5950 5951
f 5949 5951 5804 5802
f 5951 5950 5952 5953
f 5951 5953 5806 5804
f 5953 5952 5954 5955
f 5953 5955 5808 5806
f 5955 5954 5956 5957
f 5955 5957 5810 5808
f 5957 5956 5958 5959
f 5957 5959 5812 5810
f 5959 5958 5960 5961
f 5959 5961 5814 5812
f 5961 5960 5962 5963
f 5961 5963 5816 5814
f 5963 5962 5964 5965
f 5963 5965 5818 5816
f 5965 5964 5966 5967
f 5965 5967 5820 5818
f 5967 5966 5968 5969
f 5967 5969 5822 5820
f 5969 5968 5970 5971
f 5969 5971 5824 5822
f 5971 5970 5972 5973
f 5971 5973 5826 5824
f 5973 5972 5974 5975
f 5973 5975 5828 5826
f 5975 5974 5976 5977
f 5975 5977 5830 5828
f 5977 5976 5978 5979
f 5977 5979 5832 5830
f 5979 5978 5980 5981
f 5979 5981 5834 5832
f 5981 5980 5982 5983
f 5981 5983 5836 5834
f 5983 5982 5984 5985
f 5983 5985 5838 5836
f 5985 5984 5986 5987
f 5985 5987 5840 5838
f 5987 5986 5988 5989
f 5987 5989 5842 5840
f 5989 5988 5990 5991
f 5989 5991 5844 5842
f 5991 5990 5992 5993
f 5991 5993 5846 5844
f 5993 5992 5994 5995
f 5993 5995 5848 5846
f 5995 5994 5996 5997
f 5995 5997 5850 5848
f 5997 5996 5998 5999
f 5997 5999 5852 5850
f 5999 5998 6000 6001
f 5999 6001 5854 5852
f 6001 6000 6002 6003
f 6001 6003 5856 5854
f 6003 6002 6004 6005
f 6003 6005 5858 5856
f 6005 6004 6006 6007
f 6005 6007 5860 5858
f 6007 6006 6008 6009
f 6007 6009 5862 5860
f 6009 6008 6010 6011
f 6009 6011 5864 5862
f 6011 6010 6012 6013
f 6011 6013 5866 5864
f 6013 6012 6014 6015
f 6013 6015 5868 5866
f 6015 6014 6016 6017
f 6015 6017 5870 5868
f 6017 6016 6018 6019
f 6017 6019 5872 5870
f 6019 6018 6020 6021
f 6019 6021 5874 5872
f 6021 6020 6022 6023
f 6021 6023 5876 5874
f 6023 6022 6024 6025
f 6023 6025 5878 5876
f 6025 6024 6026 6027
f 6025 6027 5880 5878
f 6027 6026 6028 6029
f 6027 6029 5882 5880
f 6029 6028 6030 6031
f 6029 6031 5884 5882
f 6031 6030 6032 6033
f 6031 6033 5886 5884
f 6033 6032 6034 6035
f 6033 6035 5888 5886
f 6035 6034 6036 6037
f 6035 6037 5890 5888
f 6037 6036 6038 6039
f 6037 6039 5892 5890
f 6039 6038 6040 6041
f 6039 6041 5894 5892
f 6041 6040 6042 6043
f 6041 6043 5896 5894
f 6043 6042 6044 6045
f 6043 6045 5898 5896
f 6045 6044 6046 6047
f 6045 6047 5900 5898
f 6047 6046 6048 6049
f 6047 6049 5902 5900
f 6049 6048 6050 6051
f 6049 6051 5904 5902
f 6051 6050 6052 6053
f 6051 6053 5906 5904
f 6053 6052 6054 6055
f 6053 6055 5908 5906
f 6055 6054 6056 6057
f 6055 6057 5910 5908
f 6057 6056 6058 5915
f 6057 5915 5912 5910
f 6058 6056 6059 6060
f 6058 6060 6061 6062
f 6058 6062 5916 5915
f 6062 6061 6063 5920
f 6062 5920 5917 5916
f 6063 6061 6064 6065
f 6063 6065 6066 6067
f 6063 6067 5921 5920
f 6067 6066 6068 6069
f 6067 6069 5922 5921
f 6069 6068 6070 6071
f 6069 6071 5924 5922
f 6071 6070 6072 6073
f 6071 6073 5926 5924
f 6073 6072 6074 6075
f 6073 6075 5928 5926
f 6075 6074 6076 6077
f 6075 6077 5930 5928
f 6077 6076 6078 6079
f 6077 6079 5932 5930
f 6079 6078 6080 6081
f 6079 6081 5934 5932
f 6081 6080 6082 6083
f 6081 6083 5936 5934
f 6083 6082 6084 6085
f 6083 6085 5938 5936
f 6085 6084 6086 6087
f 6085 6087 5940 5938
f 6087 6086 6088 6089
f 6087 6089 5942 5940
f 6089 6088 6090 6091
f 6089 6091 5944 5942
f 6091 6090 6092 6093
f 6091 6093 5946 5944
f 6093 6092 6094 6095
f 6093 6095 5948 5946
f 6095 6094 6096 6097
f 6095 6097 5950 5948
f 6097 6096 6098 6099
f 6097 6099 5952 5950
f 6099 6098 6100 6101
f 6099 6101 5954 5952
f 6101 6100 6102 6103
f 6101 6103 5956 5954
f 6103 6102 6104 6105
f 6103 6105 5958 5956
f 6105 6104 6106 6107
f 6105 6107 5960 5958
f 6107 6106 6108 6109
f 6107 6109 5962 5960
f 6109 6108 6110 6111
f 6109 6111 5964 5962
f 6111 6110 6112 6113
f 6111 6113 5966 5964
f 6113 6112 6114 6115
f 6113 6115 5968 5966
f 6115 6114 6116 6117
f 6115 6117 5970 5968
f 6117 6116 6118 6119
f 6117 6119 5972 5970
f 6119 6118 6120 6121
f 6119 6121 5974 5972
f 6121 6120 6122 6123
f 6121 6123 5976 5974
f 6123 6122 6124 6125
f 6123 6125 5978 5976
f 6125 6124 6126 6127
f 6125 6127 5980 5978
f 6127 6126 6128 6129
f 6127 6129 5982 5980
f 6129 6128 6130 6131
f 6129 6131 5984 5982
f 6131 6130 6132 6133
f 6131 6133 5986 5984
f 6133 6132 6134 6135
f 6133 6135 5988 5986
f 6135 6134 6136 6137
f 6135 6137 5990 5988
f 6137 6136 6138 6139
f 6137 6139 5992 5990
f 6139 6138 6140 6141
f 6139 6141 5994 5992
f 6141 6140 6142 6143
f 6141 6143 5996 5994
f 6143 6142 6144 6145
f 6143 6145 5998 5996
f 6145 6144 6146 6147
f 6145 6147 6000 5998
f 6147 6146 6148 6149
f 6147 6149 6002 6000
f 6149 6148 6150 6151
f 6149 6151 6004 6002
f 6151 6150 6152 6153
f 6151 6153 6006 6004
f 6153 6152 6154 6155
f 6153 6155 6008 6006
f 6155 6154 6156 6157
f 6155 6157 6010 6008
f 6157 6156 6158 6159
f 6157 6159 6012 6010
f 6159 6158 6160 6161
f 6159 6161 6014 6012
f 6161 6160 6162 6163
f 6161 6163 6016 6014
f 6163 6162 6164 6165
f 6163 6165 6018 6016
f 6165 6164 6166 6167
f 6165 6167 6020 6018
f 6167 6166 6168 6169
f 6167 6169 6022 6020
f 6169 6168 6170 6171
f 6169 6171 6024 6022
f 6171 6170 6172 6173
f 6171 6173 6026 6024
f 6173 6172 6174 6175
f 6173 6175 6028 6026
f 6175 6174 6176 6177
f 6175 6177 6030 6028
f 6177 6176 6178 6179
f 6177 6179 6032 6030
f 6179 6178 6180 6181
f 6179 6181 6034 6032
f 6181 6180 6182 6183
f 6181 6183 6036 6034
f 6183 6182 6184 6185
f 6183 6185 6038 6036
f 6185 6184 6186 6187
f 6185 6187 6040 6038
f 6187 6186 6188 6189
f 6187 6189 6042 6040
f 6189 6188 6190 6191
f 6189 6191 6044 6042
f 6191 6190 6192 6193
f 6191 6193 6046 6044
f 6193 6192 6194 6195
f 6193 6195 6048 6046
f 6195 6194 6196 6197
f 6195 6197 6050 6048
f 6197 6196 6198 6199
f 6197 6199 6052 6050
f 6199 6198 6200 6201
f 6199 6201 6054 6052
f 6201 6200 6202 6059
f 6201 6059 6056 6054
f 6202 6200 6203 6204
f 6202 6204 6205 6206
f 6202 6206 6060 6059
f 6206 6205 6207 6064
f 6206 6064 6061 6060
f 6207 6205 6208 6209
f 6207 6209 6210 6211
f 6207 6211 6065 6064
f 6211 6210 6212 6213
f 6211 6213 6066 6065
f 6213 6212 6214 6215
f 6213 6215 6068 6066
f 6215 6214 6216 6217
f 6215 6217 6070 6068
f 6217 6216 6218 6219
f 6217 6219 6072 6070
f 6219 6218 6220 6221
f 6219 6221 6074 6072
f 6221 6220 6222 6223
f 6221 6223 6076 6074
f 6223 6222 6224 6225
f 6223 6225 6078 6076
f 6225 6224 6226 6227
f 6225 6227 6080 6078
f 6227 6226 6228 6229
f 6227 6229 6082 6080
f 6229 6228 6230 6231
f 6229 6231 6084 6082
f 6231 6230 6232 6233
f 6231 6233 6086 6084
f 6233 6232 6234 6235
f 6233 6235 6088 6086
f 6235 6234 6236 6237
f 6235 6237 6090 6088
f 6237 6236 6238 6239
f 6237 6239 6092 6090
f 6239 6238 6240 6241
f 6239 6241 6094 6092
f 6241 6240 6242 6243
f 6241 6243 6096 6094
f 6243 6242 6244 6245
f 6243 6245 6098 6096
f 6245 6244 6246 6247
f 6245 6247 6100 6098
f 6247 6246 6248 6249
f 6247 6249 6102 6100
f 6249 6248 6250 6251
f 6249 6251 6104 6102
f 6251 6250 6252 6253
f 6251 6253 6106 6104
f 6253 6252 6254 6255
f 6253 6255 6108 6106
f 6255 6254 6256 6257
f 6255 6257 6110 6108
f 6257 6256 6258 6259
f 6257 6259 6112 6110
f 6259 6258 6260 6261
f 6259 6261 6114 6112
f 6261 6260 6262 6263
f 6261 6263 6116 6114
f 6263 6262 6264 6265
f 6263 6265 6118 6116
f 6265 6264 6266 6267
f 6265 6267 6120 6118
f 6267 6266 6268 6269
f 6267 6269 6122 6120
f 6269 6268 6270 6271
f 6269 6271 6124 6122
f 6271 6270 6272 6273
f 6271 6273 6126 6124
f 6273 6272 6274 6275
f 6273 6275 6128 6126
f 6275 6274 6276 6277
f 6275 6277 6130 6128
f 6277 6276 6278 6279
f 6277 6279 6132 6130
f 6279 6278 6280 6281
f 6279 6281 6134 6132
f 6281 6280 6282 6283
f 6281 6283 6136 6134
f 6283 6282 6284 6285
f 6283 6285 6138 6136
f 6285 6284 6286 6287
f 6285 6287 6140 6138
f 6287 6286 6288 6289
f 6287 6289 6142 6140
f 6289 6288 6290 6291
f 6289 6291 6144 6142
f 6291 6290 6292 6293
f 6291 6293 6146 6144
f 6293 6292 6294 6295
f 6293 6295 6148 6146
f 6295 6294 6296 6297
f 6295 6297 6150 6148
f 6297 6296 6298 6299
f 6297 6299 6152 6150
f 6299 6298 6300 6301
f 6299 6301 6154 6152
f 6301 6300 6302 6303
f 6301 6303 6156 6154
f 6303 6302 6304 6305
f 6303 6305 6158 6156
f 6305 6304 6306 6307
f 6305 6307 6160 6158
f 6307 6306 6308 6309
f 6307 6309 6162 6160
f 6309 6308 6310 6311
f 6309 6311 6164 6162
f 6311 6310 6312 6313
f 6311 6313 6166 6164
f 6313 6312 6314 6315
f 6313 6315 6168 6166
f 6315 6314 6316 6317
f 6315 6317 6170 6168
f 6317 6316 6318 6319
f 6317 6319 6172 6170
f 6319 6318 6320 6321
f 6319 6321 6174 6172
f 6321 6320 6322 6323
f 6321 6323 6176 6174
f 6323 6322 6324 6325
f 6323 6325 6178 6176
f 6325 6324 6326 6327
f 6325 6327 6180 6178
f 6327 6326 6328 6329
f 6327 6329 6182 6180
f 6329 6328 6330 6331
f 6329 6331 6184 6182
f 6331 6330 6332 6333
f 6331 6333 6186 6184
f 6333 6332 6334 6335
f 6333 6335 6188 6186
f 6335 6334 6336 6337
f 6335 6337 6190 6188
f 6337 6336 6338 6339
f 6337 6339 6192 6190
f 6339 6338 6340 6341
f 6339 6341 6194 6192
f 6341 6340 6342 6343
f 6341 6343 6196 6194
f 6343 6342 6344 6345
f 6343 6345 6198 6196
f 6345 6344 6346 6203
f 6345 6203 6200 6198
f 6346 6344 6347 6348
f 6346 6348 6349 6350
f 6346 6350 6204 6203
f 6350 6349 6351 6208
f 6350 6208 6205 6204
f 6351 6349 6352 6353
f 6351 6353 6354 6355
f 6351 6355 6209 6208
f 6355 6354 6356 6357
f 6355 6357 6210 6209
f 6357 6356 6358 6359
f 6357 6359 6212 6210
f 6359 6358 6360 6361
f 6359 6361 6214 6212
f 6361 6360 6362 6363
f 6361 6363 6216 6214
f 6363 6362 6364 6365
f 6363 6365 6218 6216
f 6365 6364 6366 6367
f 6365 6367 6220 6218
f 6367 6366 6368 6369
f 6367 6369 6222 6220
f 6369 6368 6370 6371
f 6369 6371 6224 6222
f 6371 6370 6372 6373
f 6371 6373 6226 6224
f 6373 6372 6374 6375
f 6373 6375 6228 6226
f 6375 6374 6376 6377
f 6375 6377 6230 6228
f 6377 6376 6378 6379
f 6377 6379 6232 6230
f 6379 6378 6380 6381
f 6379 6381 6234 6232
f 6381 6380 6382 6383
f 6381 6383 6236 6234
f 6383 6382 6384 6385
f 6383 6385 6238 6236
f 6385 6384 6386 6387
f 6385 6387 6240 6238
f 6387 6386 6388 6389
f 6387 6389 6242 6240
f 6389 6388 6390 6391
f 6389 6391 6244 6242
f 6391 6390 6392 6393
f 6391 6393 6246 6244
f 6393 6392 6394 6395
f 6393 6395 6248 6246
f 6395 6394 6396 6397
f 6395 6397 6250 6248
f 6397 6396 6398 6399
f 6397 6399 6252 6250
f 6399 6398 6400 6401
f 6399 6401 6254 6252
f 6401 6400 6402 6403
f 6401 6403 6256 6254
f 6403 6402 6404 6405
f 6403 6405 6258 6256
f 6405 6404 6406 6407
f 6405 6407 6260 6258
f 6407 6406 6408 6409
f 6407 6409 6262 6260
f 6409 6408 6410 6411
f 6409 6411 6264 6262
f 6411 6410 6412 6413
f 6411 6413 6266 6264
f 6413 6412 6414 6415
f 6413 6415 6268 6266
f 6415 6414 6416 6417
f 6415 6417 6270 6268
f 6417 6416 6418 6419
f 6417 6419 6272 6270
f 6419 6418 6420 6421
f 6419 6421 6274 6272
f 6421 6420 6422 6423
f 6421 6423 6276 6274
f 6423 6422 6424 6425
f 6423 6425 6278 6276
f 6425 6424 6426 6427
f 6425 6427 6280 6278
f 6427 6426 6428 6429
f 6427 6429 6282 6280
f 6429 6428 6430 6431
f 6429 6431 6284 6282
f 6431 6430 6432 6433
f 6431 6433 6286 6284
f 6433 6432 6434 6435
f 6433 6435 6288 6286
f 6435 6434 6436 6437
f 6435 6437 6290 6288
f 6437 6436 6438 6439
f 6437 6439 6292 6290
f 6439 6438 6440 6441
f 6439 6441 6294 6292
f 6441 6440 6442 6443
f 6441 6443 6296 6294
f 6443 6442 6444 6445
f 6443 6445 6298 6296
f 6445 6444 6446 6447
f 6445 6447 6300 6298
f 6447 6446 6448 6449
f 6447 6449 6302 6300
f 6449 6448 6450 6451
f 6449 6451 6304 6302
f 6451 6450 6452 6453
f 6451 6453 6306 6304
f 6453 6452 6454 6455
f 6453 6455 6308 6306
f 6455 6454 6456 6457
f 6455 6457 6310 6308
f 6457 6456 6458 6459
f 6457 6459 6312 6310
f 6459 6458 6460 6461
f 6459 6461 6314 6312
f 6461 6460 6462 6463
f 6461 6463 6316 6314
f 6463 6462 6464 6465
f 6463 6465 6318 6316
f 6465 6464 6466 6467
f 6465 6467 6320 6318
f 6467 6466 6468 6469
f 6467 6469 6322 6320
f 6469 6468 6470 6471
f 6469 6471 6324 6322
f 6471 6470 6472 6473
f 6471 6473 6326 6324
f 6473 6472 6474 6475
f 6473 6475 6328 6326
f 6475 6474 6476 6477
f 6475 6477 6330 6328
f 6477 6476 6478 6479
f 6477 6479 6332 6330
f 6479 6478 6480 6481
f 6479 6481 6334 6332
f 6481 6480 6482 6483
f 6481 6483 6336 6334
f 6483 6482 6484 6485
f 6483 6485 6338 6336
f 6485 6484 6486 6487
f 6485 6487 6340 6338
f 6487 6486 6488 6489
f 6487 6489 6342 6340
f 6489 6488 6490 6347
f 6489 6347 6344 6342
f 6490 6488 6491 6492
f 6490 6492 6493 6494
f 6490 6494 6348 6347
f 6494 6493 6495 6352
f 6494 6352 6349 6348
f 6495 6493 6496 6497
f 6495 6497 6498 6499
f 6495 6499 6353 6352
f 6499 6498 6500 6501
f 6499 6501 6354 6353
f 6501 6500 6502 6503
f 6501 6503 6356 6354
f 6503 6502 6504 6505
f 6503 6505 6358 6356
f 6505 6504 6506 6507
f 6505 6507 6360 6358
f 6507 6506 6508 6509
f 6507 6509 6362 6360
f 6509 6508 6510 6511
f 6509 6511 6364 6362
f 6511 6510 6512 6513
f 6511 6513 6366 6364
f 6513 6512 6514 6515
f 6513 6515 6368 6366
f 6515 6514 6516 6517
f 6515 6517 6370 6368
f 6517 6516 6518 6519
f 6517 6519 6372 6370
f 6519 6518 6520 6521
f 6519 6521 6374 6372
f 6521 6520 6522 6523
f 6521 6523 6376 6374
f 6523 6522 6524 6525
f 6523 6525 6378 6376
f 6525 6524 6526 6527
f 6525 6527 6380 6378
f 6527 6526 6528 6529
f 6527 6529 6382 6380
f 6529 6528 6530 6531
f 6529 6531 6384 6382
f 6531 6530 6532 6533
f 6531 6533 6386 6384
f 6533 6532 6534 6535
f 6533 6535 6388 6386
f 6535 6534 6536 6537
f 6535 6537 6390 6388
f 6537 6536 6538 6539
f 6537 6539 6392 6390
f 6539 6538 6540 6541
f 6539 6541 6394 6392
f 6541 6540 6542 6543
f 6541 6543 6396 6394
f 6543 6542 6544 6545
f 6543 6545 6398 6396
f 6545 6544 6546 6547
f 6545 6547 6400 6398
f 6547 6546 6548 6549
f 6547 6549 6402 6400
f 6549 6548 6550 6551
f 6549 6551 6404 6402
f 6551 6550 6552 6553
f 6551 6553 6406 6404
f 6553 6552 6554 6555
f 6553 6555 6408 6406
f 6555 6554 6556 6557
f 6555 6557 6410 6408
f 6557 6556 6558 6559
f 6557 6559 6412 6410
f 6559 6558 6560 6561
f 6559 6561 6414 6412
f 6561 6560 6562 6563
f 6561 6563 6416 6414
f 6563 6562 6564 6565
f 6563 6565 6418 6416
f 6565 6564 6566 6567
f 6565 6567 6420 6418
f 6567 6566 6568 6569
f 6567 6569 6422 6420
f 6569 6568 6570 6571
f 6569 6571 6424 6422
f 6571 6570 6572 6573
f 6571 6573 6426 6424
f 6573 6572 6574 6575
f 6573 6575 6428 6426
f 6575 6574 6576 6577
f 6575 6577 6430 6428
f 6577 6576 6578 6579
f 6577 6579 6432 6430
f 6579 6578 6580 6581
f 6579 6581 6434 6432
f 6581 6580 6582 6583
f 6581 6583 6436 6434
f 6583 6582 6584 6585
f 6583 6585 6438 6436
f 6585 6584 6586 6587
f 6585 6587 6440 6438
f 6587 6586 6588 6589
f 6587 6589 6442 6440
f 6589 6588 6590 6591
f 6589 6591 6444 6442
f 6591 6590 6592 6593
f 6591 6593 6446 6444
f 6593 6592 6594 6595
f 6593 6595 6448 6446
f 6595 6594 6596 6597
f 6595 6597 6450 6448
f 6597 6596 6598 6599
f 6597 6599 6452 6450
f 6599 6598 6600 6601
f 6599 6601 6454 6452
f 6601 6600 6602 6603
f 6601 6603 6456 6454
f 6603 6602 6604 6605
f 6603 6605 6458 6456
f 6605 6604 6606 6607
f 6605 6607 6460 6458
f 6607 6606 6608 6609
f 6607 6609 6462 6460
f 6609 6608 6610 6611
f 6609 6611 6464 6462
f 6611 6610 6612 6613
f 6611 6613 6466 6464
f 6613 6612 6614 6615
f 6613 6615 6468 6466
f 6615 6614 6616 6617
f 6615 6617 6470 6468
f 6617 6616 6618 6619
f 6617 6619 6472 6470
f 6619 6618 6620 6621
f 6619 6621 6474 6472
f 6621 6620 6622 6623
f 6621 6623 6476 6474
f 6623 6622 6624 6625
f 6623 6625 6478 6476
f 6625 6624 6626 6627
f 6625 6627 6480 6478
f 6627 6626 6628 6629
f 6627 6629 6482 6480
f 6629 6628 6630 6631
f 6629 6631 6484 6482
f 6631 6630 6632 6633
f 6631 6633 6486 6484
f 6633 6632 6634 6491
f 6633 6491 6488 6486
f 6634 6632 6635 6636
f 6634 6636 6637 6638
f 6634 6638 6492 6491
f 6638 6637 6639 6496
f 6638 6496 6493 6492
f 6639 6637 6640 6641
f 6639 6641 6642 6643
f 6639 6643 6497 6496
f 6643 6642 6644 6645
f 6643 6645 6498 6497
f 6645 6644 6646 6647
f 6645 6647 6500 6498
f 6647 6646 6648 6649
f 6647 6649 6502 6500
f 6649 6648 6650 6651
f 6649 6651 6504 6502
f 6651 6650 6652 6653
f 6651 6653 6506 6504
f 6653 6652 6654 6655
f 6653 6655 6508 6506
f 6655 6654 6656 6657
f 6655 6657 6510 6508
f 6657 6656 6658 6659
f 6657 6659 6512 6510
f 6659 6658 6660 6661
f 6659 6661 6514 6512
f 6661 6660 6662 6663
f 6661 6663 6516 6514
f 6663 6662 6664 6665
f 6663 6665 6518 6516
f 6665 6664 6666 6667
f 6665 6667 6520 6518
f 6667 6666 6668 6669
f 6667 6669 6522 6520
f 6669 6668 6670 6671
f 6669 6671 6524 6522
f 6671 6670 6672 6673
f 6671 6673 6526 6524
f 6673 6672 6674 6675
f 6673 6675 6528 6526
f 6675 6674 6676 6677
f 6675 6677 6530 6528
f 6677 6676 6678 6679
f 6677 6679 6532 6530
f 6679 6678 6680 6681
f 6679 6681 6534 6532
f 6681 6680 6682 6683
f 6681 6683 6536 6534
f 6683 6682 6684 6685
f 6683 6685 6538 6536
f 6685 6684 6686 6687
f 6685 6687 6540 6538
f 6687 6686 6688 6689
f 6687 6689 6542 6540
f 6689 6688 6690 6691
f 6689 6691 6544 6542
f 6691 6690 6692 6693
f 6691 6693 6546 6544
f 6693 6692 6694 6695
f 6693 6695 6548 6546
f 6695 6694 6696 6697
f 6695 6697 6550 6548
f 6697 6696 6698 6699
f 6697 6699 6552 6550
f 6699 6698 6700 6701
f 6699 6701 6554 6552
f 6701 6700 6702 6703
f 6701 6703 6556 6554
f 6703 6702 6704 6705
f 6703 6705 6558 6556
f 6705 6704 6706 6707
f 6705 6707 6560 6558
f 6707 6706 6708 6709
f 6707 6709 6562 6560
f 6709 6708 6710 6711
f 6709 6711 6564 6562
f 6711 6710 6712 6713
f 6711 6713 6566 6564
f 6713 6712 6714 6715
f 6713 6715 6568 6566
f 6715 6714 6716 6717
f 6715 6717 6570 6568
f 6717 6716 6718 6719
f 6717 6719 6572 6570
f 6719 6718 6720 6721
f 6719 6721 6574 6572
f 6721 6720 6722 6723
f 6721 6723 6576 6574
f 6723 6722 6724 6725
f 6723 6725 6578 6576
f 6725 6724 6726 6727
f 6725 6727 6580 6578
f 6727 6726 6728 6729
f 6727 6729 6582 6580
f 6729 6728 6730 6731
f 6729 6731 6584 6582
f 6731 6730 6732 6733
f 6731 6733 6586 6584
f 6733 6732 6734 6735
f 6733 6735 6588 6586
f 6735 6734 6736 6737
f 6735 6737 6590 6588
f 6737 6736 6738 6739
f 6737 6739 6592 6590
f 6739 6738 6740 6741
f 6739 6741 6594 6592
f 6741 6740 6742 6743
f 6741 6743 6596 6594
f 6743 6742 6744 6745
f 6743 6745 6598 6596
f 6745 6744 6746 6747
f 6745 6747 6600 6598
f 6747 6746 6748 6749
f 6747 6749 6602 6600
f 6749 6748 6750 6751
f 6749 6751 6604 6602
f 6751 6750 6752 6753
f 6751 6753 6606 6604
f 6753 6752 6754 6755
f 6753 6755 6608 6606
f 6755 6754 6756 6757
f 6755 6757 6610 6608
f 6757 6756 6758 6759
f 6757 6759 6612 6610
f 6759 6758 6760 6761
f 6759 6761 6614 6612
f 6761 6760 6762 6763
f 6761 6763 6616 6614
f 6763 6762 6764 6765
f 6763 6765 6618 6616
f 6765 6764 6766 6767
f 6765 6767 6620 6618
f 6767 6766 6768 6769
f 6767 6769 6622 6620
f 6769 6768 6770 6771
f 6769 6771 6624 6622
f 6771 6770 6772 6773
f 6771 6773 6626 6624
f 6773 6772 6774 6775
f 6773 6775 6628 6626
f 6775 6774 6776 6777
f 6775 6777 6630 6628
f 6777 6776 6778 6635
f 6777 6635 6632 6630
f 6778 6776 6779 6780
f 6778 6780 6781 6782
f 6778 6782 6636 6635
f 6782 6781 6783 6640
f 6782 6640 6637 6636
f 6783 6781 6784 6785
f 6783 6785 6786 6787
f 6783 6787 6641 6640
f 6787 6786 6788 6789
f 6787 6789 6642 6641
f 6789 6788 6790 6791
f 6789 6791 6644 6642
f 6791 6790 6792 6793
f 6791 6793 6646 6644
f 6793 6792 6794 6795
f 6793 6795 6648 6646
f 6795 6794 6796 6797
f 6795 6797 6650 6648
f 6797 6796 6798 6799
f 6797 6799 6652 6650
f 6799 6798 6800 6801
f 6799 6801 6654 6652
f 6801 6800 6802 6803
f 6801 6803 6656 6654
f 6803 6802 6804 6805
f 6803 6805 6658 6656
f 6805 6804 6806 6807
f 6805 6807 6660 6658
f 6807 6806 6808 6809
f 6807 6809 6662 6660
f 6809 6808 6810 6811
f 6809 6811 6664 6662
f 6811 6810 6812 6813
f 6811 6813 6666 6664
f 6813 6812 6814 6815
f 6813 6815 6668 6666
f 6815 6814 6816 6817
f 6815 6817 6670 6668
f 6817 6816 6818 6819
f 6817 6819 6672 6670
f 6819 6818 6820 6821
f 6819 6821 6674 6672
f 6821 6820 6822 6823
f 6821 6823 6676 6674
f 6823 6822 6824 6825
f 6823 6825 6678 6676
f 6825 6824 6826 6827
f 6825 6827 6680 6678
f 6827 6826 6828 6829
f 6827 6829 6682 6680
f 6829 6828 6830 6831
f 6829 6831 6684 6682
f 6831 6830 6832 6833
f 6831 6833 6686 6684
f 6833 6832 6834 6835
f 6833 6835 6688 6686
f 6835 6834 6836 6837
f 6835 6837 6690 6688
f 6837 6836 6838 6839
f 6837 6839 6692 6690
f 6839 6838 6840 6841
f 6839 6841 6694 6692
f 6841 6840 6842 6843
f 6841 6843 6696 6694
f 6843 6842 6844 6845
f 6843 6845 6698 6696
f 6845 6844 6846 6847
f 6845 6847 6700 6698
f 6847 6846 6848 6849
f 6847 6849 6702 6700
f 6849 6848 6850 6851
f 6849 6851 6704 6702
f 6851 6850 6852 6853
f 6851 6853 6706 6704
f 6853 6852 6854 6855
f 6853 6855 6708 6706
f 6855 6854 6856 6857
f 6855 6857 6710 6708
f 6857 6856 6858 6859
f 6857 6859 6712 6710
f 6859 6858 6860 6861
f 6859 6861 6714 6712
f 6861 6860 6862 6863
f 6861 6863 6716 6714
f 6863 6862 6864 6865
f 6863 6865 6718 6716
f 6865 6864 6866 6867
f 6865 6867 6720 6718
f 6867 6866 6868 6869
f 6867 6869 6722 6720
f 6869 6868 6870 6871
f 6869 6871 6724 6722
f 6871 6870 6872 6873
f 6871 6873 6726 6724
f 6873 6872 6874 6875
f 6873 6875 6728 6726
f 6875 6874 6876 6877
f 6875 6877 6730 6728
f 6877 6876 6878 6879
f 6877 6879 6732 6730
f 6879 6878 6880 6881
f 6879 6881 6734 6732
f 6881 6880 6882 6883
f 6881 6883 6736 6734
f 6883 6882 6884 6885
f 6883 6885 6738 6736
f 6885 6884 6886 6887
f 6885 6887 6740 6738
f 6887 6886 6888 6889
f 6887 6889 6742 6740
f 6889 6888 6890 6891
f 6889 6891 6744 6742
f 6891 6890 6892 6893
f 6891 6893 6746 6744
f 6893 6892 6894 6895
f 6893 6895 6748 6746
f 6895 6894 6896 6897
f 6895 6897 6750 6748
f 6897 6896 6898 6899
f 6897 6899 6752 6750
f 6899 6898 6900 6901
f 6899 6901 6754 6752
f 6901 6900 6902 6903
f 6901 6903 6756 6754
f 6903 6902 6904 6905
f 6903 6905 6758 6756
f 6905 6904 6906 6907
f 6905 6907 6760 6758
f 6907 6906 6908 6909
f 6907 6909 6762 6760
f 6909 6908 6910 6911
f 6909 6911 6764 6762
f 6911 6910 6912 6913
f 6911 6913 6766 6764
f 6913 6912 6914 6915
f 6913 6915 6768 6766
f 6915 6914 6916 6917
f 6915 6917 6770 6768
f 6917 6916 6918 6919
f 6917 6919 6772 6770
f 6919 6918 6920 6921
f 6919 6921 6774 6772
f 6921 6920 6922 6779
f 6921 6779 6776 6774
f 6922 6920 6923 6924
f 6922 6924 6925 6926
f 6922 6926 6780 6779
f 6926 6925 6927 6784
f 6926 6784 6781 6780
f 6927 6925 6928 6929
f 6927 6929 6930 6931
f 6927 6931 6785 6784
f 6931 6930 6932 6933
f 6931 6933 6786 6785
f 6933 6932 6934 6935
f 6933 6935 6788 6786
f 6935 6934 6936 6937
f 6935 6937 6790 6788
f 6937 6936 6938 6939
f 6937 6939 6792 6790
f 6939 6938 6940 6941
f 6939 6941 6794 6792
f 6941 6940 6942 6943
f 6941 6943 6796 6794
f 6943 6942 6944 6945
f 6943 6945 6798 6796
f 6945 6944 6946 6947
f 6945 6947 6800 6798
f 6947 6946 6948 6949
f 6947 6949 6802 6800
f 6949 6948 6950 6951
f 6949 6951 6804 6802
f 6951 6950 6952 6953
f 6951 6953 6806 6804
f 6953 6952 6954 6955
f 6953 6955 6808 6806
f 6955 6954 6956 6957
f 6955 6957 6810 6808
f 6957 6956 6958 6959
f 6957 6959 6812 6810
f 6959 6958 6960 6961
f 6959 6961 6814 6812
f 6961 6960 6962 6963
f 6961 6963 6816 6814
f 6963 6962 6964 6965
f 6963 6965 6818 6816
f 6965 6964 6966 6967
f 6965 6967 6820 6818
f 6967 6966 6968 6969
f 6967 6969 6822 6820
f 6969 6968 6970 6971
f 6969 6971 6824 6822
f 6971 6970 6972 6973
f 6971 6973 6826 6824
f 6973 6972 6974 6975
f 6973 6975 6828 6826
f 6975 6974 16 18
f 6975 18 6830 6828
f 6974 6972 6976 6977
f 6974 6977 17 16
f 6977 6976 6978 6979
f 6977 6979 6980 17
f 6980 6979 6981 6982
f 6980 6982 6983 6984
f 6980 6984 13 17
f 6984 6983 6985 6986
f 6984 6986 14 13
f 6986 6985 6838 6836
f 6986 6836 6834 14
f 6985 6983 6987 6988
f 6985 6988 6840 6838
f 6988 6987 6989 6990
f 6988 6990 6842 6840
f 6990 6989 6991 6992
f 6990 6992 6844 6842
f 6992 6991 6993 6994
f 6992 6994 6846 6844
f 6994 6993 6995 6996
f 6994 6996 6848 6846
f 6996 6995 6997 6998
f 6996 6998 6850 6848
f 6998 6997 6999 7000
f 6998 7000 6852 6850
f 7000 6999 7001 7002
f 7000 7002 6854 6852
f 7002 7001 7003 7004
f 7002 7004 6856 6854
f 7004 7003 7005 7006
f 7004 7006 6858 6856
f 7006 7005 7007 7008
f 7006 7008 6860 6858
f 7008 7007 7009 7010
f 7008 7010 6862 6860
f 7010 7009 7011 7012
f 7010 7012 6864 6862
f 7012 7011 7013 7014
f 7012 7014 6866 6864
f 7014 7013 7015 7016
f 7014 7016 6868 6866
f 7016 7015 7017 7018
f 7016 7018 6870 6868
f 7018 7017 7019 7020
f 7018 7020 6872 6870
f 7020 7019 7021 7022
f 7020 7022 6874 6872
f 7022 7021 7023 7024
f 7022 7024 6876 6874
f 7024 7023 7025 7026
f 7024 7026 6878 6876
f 7026 7025 7027 7028
f 7026 7028 6880 6878
f 7028 7027 7029 7030
f 7028 7030 6882 6880
f 7030 7029 7031 7032
f 7030 7032 6884 6882
f 7032 7031 63 7033
f 7032 7033 6886 6884
f 7033 63 62 7034
f 7033 7034 6888 6886
f 7034 62 7035 7036
f 7034 7036 6890 6888
f 7036 7035 7037 7038
f 7036 7038 6892 6890
f 7038 7037 7039 7040
f 7038 7040 6894 6892
f 7040 7039 7041 7042
f 7040 7042 6896 6894
f 7042 7041 7043 7044
f 7042 7044 6898 6896
f 7044 7043 7045 7046
f 7044 7046 6900 6898
f 7046 7045 7047 7048
f 7046 7048 6902 6900
f 7048 7047 7049 7050
f 7048 7050 6904 6902
f 7050 7049 7051 7052
f 7050 7052 6906 6904
f 7052 7051 7053 7054
f 7052 7054 6908 6906
f 7054 7053 7055 7056
f 7054 7056 6910 6908
f 7056 7055 7057 7058
f 7056 7058 6912 6910
f 7058 7057 7059 7060
f 7058 7060 6914 6912
f 7060 7059 7061 7062
f 7060 7062 6916 6914
f 7062 7061 7063 7064
f 7062 7064 6918 6916
f 7064 7063 7065 6923
f 7064 6923 6920 6918
f 7065 7063 7066 7067
f 7065 7067 7068 7069
f 7065 7069 6924 6923
f 7069 7068 7070 6928
f 7069 6928 6925 6924
f 7070 7068 7071 7072
f 7070 7072 7073 7074
f 7070 7074 6929 6928
f 7074 7073 7075 7076
f 7074 7076 6930 6929
f 7076 7075 57 56
f 7076 56 6932 6930
f 7075 7073 7077 7078
f 7075 7078 58 57
f 7078 7077 7079 7080
f 7078 7080 7081 58
f 7081 7080 7082 7083
f 7081 7083 7084 7085
f 7081 7085 53 58
f 7085 7084 7086 7087
f 7085 7087 54 53
f 7087 7086 6940 6938
f 7087 6938 6936 54
f 7086 7084 7088 7089
f 7086 7089 6942 6940
f 7089 7088 7090 7091
f 7089 7091 6944 6942
f 7091 7090 7092 7093
f 7091 7093 6946 6944
f 7093 7092 7094 7095
f 7093 7095 6948 6946
f 7095 7094 7096 7097
f 7095 7097 6950 6948
f 7097 7096 7098 7099
f 7097 7099 6952 6950
f 7099 7098 7100 7101
f 7099 7101 6954 6952
f 7101 7100 7102 7103
f 7101 7103 6956 6954
f 7103 7102 7104 7105
f 7103 7105 6958 6956
f 7105 7104 7106 7107
f 7105 7107 6960 6958
f 7107 7106 7108 7109
f 7107 7109 6962 6960
f 7109 7108 7110 7111
f 7109 7111 6964 6962
f 7111 7110 7112 7113
f 7111 7113 6966 6964
f 7113 7112 7114 7115
f 7113 7115 6968 6966
f 7115 7114 7116 7117
f 7115 7117 6970 6968
f 7117 7116 6978 6976
f 7117 6976 6972 6970
f 7116 7114 7118 7119
f 7116 7119 7120 6978
f 7120 7119 7121 7122
f 7120 7122 7123 6981
f 7120 6981 6979 6978
f 7123 7122 7124 7125
f 7123 7125 7126 7127
f 7123 7127 6982 6981
f 7127 7126 6989 6987
f 7127 6987 6983 6982
f 7126 7125 7128 7129
f 7126 7129 6991 6989
f 7129 7128 7130 7131
f 7129 7131 6993 6991
f 7131 7130 7132 7133
f 7131 7133 6995 6993
f 7133 7132 7134 7135
f 7133 7135 6997 6995
f 7135 7134 7136 7137
f 7135 7137 6999 6997
f 7137 7136 7138 7139
f 7137 7139 7001 6999
f 7139 7138 7140 7141
f 7139 7141 7003 7001
f 7141 7140 7142 7143
f 7141 7143 7005 7003
f 7143 7142 7144 7145
f 7143 7145 7007 7005
f 7145 7144 7146 7147
f 7145 7147 7009 7007
f 7147 7146 7148 7149
f 7147 7149 7011 7009
f 7149 7148 7150 7151
f 7149 7151 7013 7011
f 7151 7150 7152 7153
f 7151 7153 7015 7013
f 7153 7152 7154 7155
f 7153 7155 7017 7015
f 7155 7154 7156 7157
f 7155 7157 7019 7017
f 7157 7156 7158 7159
f 7157 7159 7021 7019
f 7159 7158 7160 7161
f 7159 7161 7023 7021
f 7161 7160 7162 7163
f 7161 7163 7025 7023
f 7163 7162 7164 7165
f 7163 7165 7027 7025
f 7165 7164 7166 7167
f 7165 7167 7029 7027
f 7167 7166 60 59
f 7167 59 7031 7029
f 7166 7164 7168 7169
f 7166 7169 7170 60
f 7170 7169 7171 7172
f 7170 7172 7173 7174
f 7170 7174 61 60
f 7174 7173 7037 7035
f 7174 7035 62 61
f 7173 7172 7175 7176
f 7173 7176 7039 7037
f 7176 7175 7177 7178
f 7176 7178 7041 7039
f 7178 7177 7179 7180
f 7178 7180 7043 7041
f 7180 7179 7181 7182
f 7180 7182 7045 7043
f 7182 7181 7183 7184
f 7182 7184 7047 7045
f 7184 7183 7185 7186
f 7184 7186 7049 7047
f 7186 7185 7187 7188
f 7186 7188 7051 7049
f 7188 7187 7189 7190
f 7188 7190 7053 7051
f 7190 7189 7191 7192
f 7190 7192 7055 7053
f 7192 7191 7193 7194
f 7192 7194 7057 7055
f 7194 7193 7195 7196
f 7194 7196 7059 7057
f 7196 7195 7197 7198
f 7196 7198 7061 7059
f 7198 7197 7199 7066
f 7198 7066 7063 7061
f 7199 7197 7200 7201
f 7199 7201 7202 7203
f 7199 7203 7067 7066
f 7203 7202 7204 7071
f 7203 7071 7068 7067
f 7204 7202 7205 7206
f 7204 7206 7207 7208
f 7204 7208 7072 7071
f 7208 7207 7079 7077
f 7208 7077 7073 7072
f 7207 7206 7209 7210
f 7207 7210 7211 7079
f 7211 7210 7212 7213
f 7211 7213 7214 7082
f 7211 7082 7080 7079
f 7214 7213 7215 7216
f 7214 7216 7217 7218
f 7214 7218 7083 7082
f 7218 7217 7090 7088
f 7218 7088 7084 7083
f 7217 7216 7219 7220
f 7217 7220 7092 7090
f 7220 7219 7221 7222
f 7220 7222 7094 7092
f 7222 7221 7223 7224
f 7222 7224 7096 7094
f 7224 7223 7225 7226
f 7224 7226 7098 7096
f 7226 7225 7227 7228
f 7226 7228 7100 7098
f 7228 7227 7229 7230
f 7228 7230 7102 7100
f 7230 7229 7231 7232
f 7230 7232 7104 7102
f 7232 7231 7233 7234
f 7232 7234 7106 7104
f 7234 7233 7235 7236
f 7234 7236 7108 7106
f 7236 7235 7237 7238
f 7236 7238 7110 7108
f 7238 7237 7239 7240
f 7238 7240 7112 7110
f 7240 7239 7241 7118
f 7240 7118 7114 7112
f 7241 7239 7242 7243
f 7241 7243 7244 7121
f 7241 7121 7119 7118
f 7244 7243 7245 7246
f 7244 7246 7247 7124
f 7244 7124 7122 7121
f 7247 7246 7248 7249
f 7247 7249 7130 7128
f 7247 7128 7125 7124
f 7249 7248 7250 7251
f 7249 7251 7132 7130
f 7251 7250 7252 7253
f 7251 7253 7134 7132
f 7253 7252 7254 7255
f 7253 7255 7136 7134
f 7255 7254 7256 7257
f 7255 7257 7138 7136
f 7257 7256 7258 7259
f 7257 7259 7140 7138
f 7259 7258 7260 7261
f 7259 7261 7142 7140
f 7261 7260 7262 7263
f 7261 7263 7144 7142
f 7263 7262 7264 7265
f 7263 7265 7146 7144
f 7265 7264 7266 7267
f 7265 7267 7148 7146
f 7267 7266 7268 7269
f 7267 7269 7150 7148
f 7269 7268 7270 7271
f 7269 7271 7152 7150
f 7271 7270 7272 7273
f 7271 7273 7154 7152
f 7273 7272 7274 7275
f 7273 7275 7156 7154
f 7275 7274 7276 7277
f 7275 7277 7158 7156
f 7277 7276 7278 7279
f 7277 7279 7160 7158
f 7279 7278 7280 7281
f 7279 7281 7162 7160
f 7281 7280 7282 7168
f 7281 7168 7164 7162
f 7282 7280 7283 7284
f 7282 7284 7285 7171
f 7282 7171 7169 7168
f 7285 7284 7286 7287
f 7285 7287 7177 7175
f 7285 7175 7172 7171
f 7287 7286 7288 7289
f 7287 7289 7179 7177
f 7289 7288 7290 7291
f 7289 7291 7181 7179
f 7291 7290 7292 7293
f 7291 7293 7183 7181
f 7293 7292 7294 7295
f 7293 7295 7185 7183
f 7295 7294 7296 7297
f 7295 7297 7187 7185
f 7297 7296 7298 7299
f 7297 7299 7189 7187
f 7299 7298 7300 7301
f 7299 7301 7191 7189
f 7301 7300 7302 7303
f 7301 7303 7193 7191
f 7303 7302 7304 7305
f 7303 7305 7195 7193
f 7305 7304 7306 7200
f 7305 7200 7197 7195
f 7306 7304 7307 7308
f 7306 7308 7309 7310
f 7306 7310 7201 7200
f 7310 7309 7311 7205
f 7310 7205 7202 7201
f 7311 7309 7312 7313
f 7311 7313 7314 7209
f 7311 7209 7206 7205
f 7314 7313 7315 7316
f 7314 7316 7317 7212
f 7314 7212 7210 7209
f 7317 7316 7318 7319
f 7317 7319 7320 7215
f 7317 7215 7213 7212
f 7320 7319 7321 7322
f 7320 7322 7221 7219
f 7320 7219 7216 7215
f 7322 7321 7323 7324
f 7322 7324 7223 7221
f 7324 7323 7325 7326
f 7324 7326 7225 7223
f 7326 7325 7327 7328
f 7326 7328 7227 7225
f 7328 7327 7329 7330
f 7328 7330 7229 7227
f 7330 7329 7331 7332
f 7330 7332 7231 7229
f 7332 7331 7333 7334
f 7332 7334 7233 7231
f 7334 7333 7335 7336
f 7334 7336 7235 7233
f 7336 7335 7337 7338
f 7336 7338 7237 7235
f 7338 7337 7339 7242
f 7338 7242 7239 7237
f 7339 7337 7340 7341
f 7339 7341 7342 7245
f 7339 7245 7243 7242
f 7342 7341 7343 7344
f 7342 7344 7250 7248
f 7342 7248 7246 7245
f 7344 7343 7345 7346
f 7344 7346 7252 7250
f 7346 7345 7347 7348
f 7346 7348 7254 7252
f 7348 7347 7349 7350
f 7348 7350 7256 7254
f 7350 7349 7351 7352
f 7350 7352 7258 7256
f 7352 7351 7353 7354
f 7352 7354 7260 7258
f 7354 7353 7355 7356
f 7354 7356 7262 7260
f 7356 7355 7357 7358
f 7356 7358 7264 7262
f 7358 7357 7359 7360
f 7358 7360 7266 7264
f 7360 7359 7361 7362
f 7360 7362 7268 7266
f 7362 7361 7363 7364
f 7362 7364 7270 7268
f 7364 7363 7365 7366
f 7364 7366 7272 7270
f 7366 7365 7367 7368
f 7366 7368 7274 7272
f 7368 7367 7369 7370
f 7368 7370 7276 7274
f 7370 7369 7371 7372
f 7370 7372 7278 7276
f 7372 7371 7373 7283
f 7372 7283 7280 7278
f 7373 7371 7374 7375
f 7373 7375 7288 7286
f 7373 7286 7284 7283
f 7375 7374 7376 7377
f 7375 7377 7290 7288
f 7377 7376 7378 7379
f 7377 7379 7292 7290
f 7379 7378 7380 7381
f 7379 7381 7294 7292
f 7381 7380 7382 7383
f 7381 7383 7296 7294
f 7383 7382 7384 7385
f 7383 7385 7298 7296
f 7385 7384 7386 7387
f 7385 7387 7300 7298
f 7387 7386 7388 7389
f 7387 7389 7302 7300
f 7389 7388 7390 7307
f 7389 7307 7304 7302
f 7390 7388 7391 7392
f 7390 7392 7393 7394
f 7390 7394 7308 7307
f 7394 7393 7395 7312
f 7394 7312 7309 7308
f 7395 7393 7396 7397
f 7395 7397 7398 7315
f 7395 7315 7313 7312
f 7398 7397 7399 7400
f 7398 7400 7401 7318
f 7398 7318 7316 7315
f 7401 7400 7402 7403
f 7401 7403 7323 7321
f 7401 7321 7319 7318
f 7403 7402 7404 7405
f 7403 7405 7325 7323
f 7405 7404 7406 7407
f 7405 7407 7327 7325
f 7407 7406 7408 7409
f 7407 7409 7329 7327
f 7409 7408 7410 7411
f 7409 7411 7331 7329
f 7411 7410 7412 7413
f 7411 7413 7333 7331
f 7413 7412 7414 7415
f 7413 7415 7335 7333
f 7415 7414 7416 7340
f 7415 7340 7337 7335
f 7416 7414 7417 7418
f 7416 7418 7345 7343
f 7416 7343 7341 7340
f 7418 7417 7419 7420
f 7418 7420 7347 7345
f 7420 7419 7421 7422
f 7420 7422 7349 7347
f 7422 7421 7423 7424
f 7422 7424 7351 7349
f 7424 7423 7425 7426
f 7424 7426 7353 7351
f 7426 7425 7427 7428
f 7426 7428 7355 7353
f 7428 7427 7429 7430
f 7428 7430 7357 7355
f 7430 7429 7431 7432
f 7430 7432 7359 7357
f 7432 7431 7433 7434
f 7432 7434 7361 7359
f 7434 7433 7435 7436
f 7434 7436 7363 7361
f 7436 7435 7437 7438
f 7436 7438 7365 7363
f 7438 7437 7439 7440
f 7438 7440 7367 7365
f 7440 7439 7441 7442
f 7440 7442 7369 7367
f 7442 7441 7376 7374
f 7442 7374 7371 7369
f 7441 7439 7443 7444
f 7441 7444 7378 7376
f 7444 7443 7445 7446
f 7444 7446 7380 7378
f 7446 7445 7447 7448
f 7446 7448 7382 7380
f 7448 7447 7449 7450
f 7448 7450 7384 7382
f 7450 7449 7451 7452
f 7450 7452 7386 7384
f 7452 7451 7453 7391
f 7452 7391 7388 7386
f 7453 7451 7454 7455
f 7453 7455 7456 7457
f 7453 7457 7392 7391
f 7457 7456 7458 7396
f 7457 7396 7393 7392
f 7458 7456 7459 7460
f 7458 7460 7461 7399
f 7458 7399 7397 7396
f 7461 7460 7462 7463
f 7461 7463 7404 7402
f 7461 7402 7400 7399
f 7463 7462 7464 7465
f 7463 7465 7406 7404
f 7465 7464 7466 7467
f 7465 7467 7408 7406
f 7467 7466 7468 7469
f 7467 7469 7410 7408
f 7469 7468 7470 7471
f 7469 7471 7412 7410
f 7471 7470 7419 7417
f 7471 7417 7414 7412
f 7470 7468 7472 7473
f 7470 7473 7421 7419
f 7473 7472 7474 7475
f 7473 7475 7423 7421
f 7475 7474 7476 7477
f 7475 7477 7425 7423
f 7477 7476 42 7478
f 7477 7478 7427 7425
f 7478 42 41 7479
f 7478 7479 7429 7427
f 7479 41 46 7480
f 7479 7480 7431 7429
f 7480 46 7481 7482
f 7480 7482 7433 7431
f 7482 7481 7483 7484
f 7482 7484 7435 7433
f 7484 7483 7485 7486
f 7484 7486 7437 7435
f 7486 7485 7445 7443
f 7486 7443 7439 7437
f 7485 7483 7487 7488
f 7485 7488 7447 7445
f 7488 7487 7489 7490
f 7488 7490 7449 7447
f 7490 7489 7491 7454
f 7490 7454 7451 7449
f 7491 7489 7492 7493
f 7491 7493 7494 7495
f 7491 7495 7455 7454
f 7495 7494 7496 7459
f 7495 7459 7456 7455
f 7496 7494 7497 7498
f 7496 7498 7464 7462
f 7496 7462 7460 7459
f 7498 7497 7499 7500
f 7498 7500 7466 7464
f 7500 7499 7474 7472
f 7500 7472 7468 7466
f 7499 7497 7501 7502
f 7499 7502 7476 7474
f 7502 7501 44 43
f 7502 43 42 7476
f 7501 7493 7492 44
f 7501 7497 7494 7493
f 7492 7503 45 44
f 7492 7489 7487 7503
f 7503 7481 46 45
f 7503 7487 7483 7481
f 7031 59 8 63
f 6936 6934 55 54
f 6934 6932 56 55
f 6834 6832 15 14
f 6832 6830 18 15
f 5478 5475 5473 5472
f 4439 4436 4434 4433
f 2918 2915 2913 2912
f 2757 2754 2752 2751
f 2430 2427 2425 2424
f 2265 2262 2260 2259
f 2098 2095 2093 2092
f 1929 1926 1924 1923
f 1758 1756 1749 1748
f 1575 1572 1568 1566
f 1387 1385 1378 1376
f 1014 1012 47 51
f 815 812 810 802
f 810 805 803 802
f 706 703 701 700
f 552 549 547 546
f 408 405 403 402
f 298 296 26 25
f 293 292 27 26
f 261 260 37 36
f 129 126 128 328
f 98 74 73 91
f 9 66 71 329
f 128 9 329 328
f 10 11 329 71

 