# File exported by ZBrush version 2023
# www.zbrush.com
#Vertex Count 6302
#Face Count 6300
#Auto scale x=1.000000 y=1.000000 z=1.000000
#Auto offset x=0.000000 y=0.000000 z=0.000000
v -1.10767889 -0.65456736 0.31156256
v -0.81454086 -0.69253623 0.96865111
v 1.39123857 -0.75611704 0.35925355
v 1.04015529 -0.59854245 0.55746728
v -0.91932296 -0.61925441 0.66401284
v -1.11629366 -0.7147178 0.66631311
v -1.33967435 -0.78627032 0.57572871
v 0.25230276 -0.61255234 -1.12272799
v -0.24070337 -0.55146968 -1.06831967
v -0.06718846 -0.76048249 -1.42617487
v -0.06057199 -0.81883126 -1.52192163
v -0.06874486 -0.87190711 0.10978299
v -0.10852143 -0.85991478 -1.4870224
v -1.39757096 -0.8867197 0.7568562
v -1.42284643 -0.84327483 0.77780616
v -0.19264808 0.84142077 -0.49558857
v 0.50638657 0.85247665 -0.21794374
v 0.16309475 0.84174388 0.4013566
v -0.56377774 0.85940092 0.31975871
v -1.11617243 -0.71812713 0.28861531
v -1.13863134 -0.74153029 0.34788844
v -1.12905287 -0.70743334 0.378901
v -1.09571194 -0.61447596 0.38680374
v -1.08656776 -0.53806734 0.34871226
v -1.09168565 -0.5572738 0.27288675
v -1.09065723 -0.63942152 0.20811395
v -1.09686553 -0.69815504 0.20350986
v -1.11053955 -0.66892403 0.43161559
v -0.70751655 -0.68605113 1.00159537
v -0.68514657 -0.61759036 0.98720258
v -0.76766157 -0.60690641 0.96443373
v -0.82023108 -0.58735811 0.92454737
v -0.85882633 -0.65946549 0.92365902
v -0.90929245 -0.70854777 0.89940947
v -0.88903588 -0.74088203 0.93242961
v -0.80509489 -0.74430865 0.97851038
v -0.71148508 -0.73253321 1.00732541
v -0.87737697 -0.76788055 0.94568377
v 1.40494513 -0.76948344 0.36850723
v 1.42961061 -0.77052182 0.33716318
v 1.4042499 -0.75314396 0.33672237
v 1.36178171 -0.75151681 0.37891575
v 1.36432755 -0.76914292 0.39653006
v 1.36759221 -0.73593479 0.35209733
v 1.02861642 -0.66504657 0.57246589
v 1.08984339 -0.67684 0.52185791
v 1.1056168 -0.62942522 0.49686718
v 0.96719712 -0.6098122 0.62398004
v 0.97271508 -0.66368281 0.62137746
v 1.00983178 -0.51141792 0.57120716
v 0.94883734 -0.532413 0.62857598
v 1.08933508 -0.53332203 0.47223359
v 1.05298996 -0.47008305 0.49144882
v 1.13480103 -0.57832896 0.43913283
v -0.92613977 -0.63464373 0.71994704
v -0.8970986 -0.5920574 0.72363036
v -0.89807897 -0.5859757 0.65347206
v -0.95953649 -0.63854414 0.64514124
v -0.97676837 -0.67083489 0.70894801
v -0.94253861 -0.59478235 0.60882943
v -1.04256606 -0.69464957 0.69256031
v -1.01979363 -0.65740263 0.62527936
v -1.07224977 -0.67025864 0.59276813
v -1.11237824 -0.73756051 0.7438963
v -1.04442322 -0.71674573 0.75763195
v -1.17979466 -0.74156647 0.68833053
v -1.16657376 -0.75316083 0.74319517
v -1.11192464 -0.68373572 0.53593802
v -1.15682828 -0.71732133 0.58809769
v -1.20347142 -0.73669534 0.61987257
v -1.33996141 -0.77572399 0.61876493
v -1.30151462 -0.76361227 0.60237699
v -1.31320583 -0.78001123 0.55656969
v -1.35925161 -0.80192488 0.56764376
v -1.37416636 -0.79457187 0.62146103
v -1.32649207 -0.79998809 0.53165376
v 0.29252463 -0.6775515 -1.11857855
v 0.25668108 -0.6841371 -1.17017221
v 0.22544145 -0.63867855 -1.18841457
v 0.16547134 -0.60352641 -1.20946872
v 0.17283119 -0.56034034 -1.1660577
v 0.31873378 -0.63452321 -1.05672311
v 0.34924542 -0.68102604 -1.06443977
v 0.15553985 -0.51259219 -1.11835205
v 0.22901275 -0.54420447 -1.08085465
v 0.29062473 -0.57934278 -1.03326094
v -0.31675091 -0.604667 -1.08494281
v -0.37629088 -0.58671867 -1.02871251
v -0.33373865 -0.5325399 -1.01735591
v -0.20855748 -0.59725564 -1.11643302
v -0.27825033 -0.62991946 -1.13125681
v -0.3140926 -0.46559754 -1.0002197
v -0.2303358 -0.46785396 -1.0358386
v -0.15137386 -0.44720295 -1.06193387
v -0.14709188 -0.51493662 -1.09449791
v -0.13549932 -0.55989462 -1.12637245
v -0.04114575 -0.76954346 -1.43722057
v -0.06717208 -0.77739799 -1.45546162
v -0.09091515 -0.76372748 -1.43451297
v -0.06345014 -0.74845367 -1.40583646
v -0.02352398 -0.75475728 -1.412485
v -0.09919682 -0.7502197 -1.40773642
v -0.06285329 -0.82586401 -1.53325676
v -0.09026607 -0.81847292 -1.52520835
v -0.07520442 -0.81124156 -1.51269722
v -0.03469567 -0.81581199 -1.51239538
v -0.0255553 -0.82463783 -1.52525639
v -0.05019303 -0.80597198 -1.49886024
v -0.06584085 -0.87136745 0.14515966
v -0.11235662 -0.87231808 0.14359752
v -0.10051243 -0.87266123 0.09893526
v -0.04429344 -0.87164485 0.08929596
v -0.02554006 -0.87068057 0.13226784
v -0.08006894 -0.87262737 0.061062
v -0.12375513 -0.86018741 -1.47404384
v -0.1369297 -0.85922026 -1.48514878
v -0.11386224 -0.85947352 -1.49948978
v -0.08605846 -0.85946911 -1.50331831
v -0.0881005 -0.85986375 -1.4848324
v -0.10386337 -0.86037182 -1.46463203
v -1.41541218 -0.88677513 0.76942324
v -1.42341327 -0.88710582 0.73407131
v -1.39855372 -0.88683921 0.73171293
v -1.37225937 -0.88640236 0.74574017
v -1.37875211 -0.88627868 0.77587592
v -1.39071047 -0.8859753 0.80294638
v -1.42842984 -0.83627498 0.74621015
v -1.44837808 -0.85215711 0.74630975
v -1.4344393 -0.85532057 0.78880602
v -1.39606523 -0.83234483 0.7840749
v -1.39990627 -0.81939774 0.75119751
v -1.40106809 -0.84197312 0.80747735
v -0.2117338 0.84066206 -0.47212946
v -0.17451737 0.83985412 -0.45017814
v -0.16373714 0.84041678 -0.49151384
v -0.21301533 0.84852647 -0.54629814
v -0.24687334 0.84898954 -0.52884846
v -0.17561183 0.8487311 -0.5592007
v 0.48123404 0.85002797 -0.23537707
v 0.46041819 0.84517943 -0.19857034
v 0.50656878 0.84859246 -0.1897009
v 0.57767039 0.86025387 -0.20066423
v 0.56366473 0.86226463 -0.23778346
v 0.54735517 0.86078554 -0.272798
v 0.18046377 0.83887743 0.38172316
v 0.14353945 0.83813899 0.35573622
v 0.13450391 0.84385949 0.39505145
v 0.1889891 0.84247744 0.45337009
v 0.22014643 0.84348344 0.43777316
v 0.15670569 0.84056282 0.46647328
v -0.61915564 0.86922657 0.35078361
v -0.59903663 0.87363892 0.38855949
v -0.5404396 0.85903871 0.34458014
v -0.50561118 0.84911733 0.29130345
v -0.56596607 0.86052978 0.2849603
v -0.63611966 0.87245822 0.31219419
v 1.43360459 -0.8320924 0.31460285
v 1.43061459 -0.83258718 0.28720703
v 1.46642577 -0.83118218 0.27587637
v 1.45567309 -0.83064431 0.32208195
v 1.4883331 -0.82835799 0.27866175
v 1.4687854 -0.82734441 0.33492913
v 1.42595315 -0.828664 0.37830206
v 1.41489791 -0.83178126 0.35895344
v 1.40154302 -0.8330115 0.3385154
v 1.36341834 -0.83312338 0.38888263
v 1.35446012 -0.83404886 0.36663693
v 1.34385871 -0.8347848 0.34064206
v 1.38983273 -0.8336808 0.31269469
v 1.32880377 -0.835478 0.30604472
v 1.37350332 -0.83439248 0.28022858
v 1.41090047 -0.83345699 0.25741496
v 1.44329094 -0.83230406 0.24490557
v 1.35240817 -0.83518439 0.23846602
v 1.38738906 -0.83428198 0.22029502
v 1.41574776 -0.83341383 0.20895986
v 1.44313395 -0.83212846 0.20258411
v 1.47154307 -0.83056521 0.24009387
v 1.36195206 -0.83513003 0.17258682
v 1.39034926 -0.83427298 0.16144321
v 1.41436255 -0.83335644 0.15526741
v 1.43749272 -0.83196234 0.14975418
v 1.46614694 -0.82996678 0.19890572
v 1.35971772 -0.8353036 0.10331731
v 1.38202107 -0.83456224 0.09472564
v 1.40309059 -0.83365118 0.08691947
v 1.421314 -0.83201849 0.07921997
v 1.45510065 -0.82424342 0.14500038
v 1.3388189 -0.83577442 0.02412478
v 1.35690748 -0.83502388 0.01230514
v 1.37346315 -0.83316779 0.00129455
v 1.38386237 -0.82324212 -0.00551191
v 1.42278003 -0.81812846 0.07878226
v 1.29707217 -0.8363285 -0.05877033
v 1.31090402 -0.83468526 -0.07117614
v 1.32186925 -0.82862937 -0.08043141
v 1.32042026 -0.81146407 -0.07650864
v 1.37551558 -0.8089289 0.00264446
v 1.24742376 -0.83673369 -0.13277229
v 1.25625252 -0.82768249 -0.14135682
v 1.25725376 -0.81156015 -0.14052853
v 1.25586783 -0.79410314 -0.13549487
v 1.31510269 -0.79491698 -0.06763332
v 1.19483268 -0.82766538 -0.19587364
v 1.19683373 -0.81172162 -0.19631665
v 1.19767272 -0.7942757 -0.19438879
v 1.19740772 -0.77449101 -0.19015243
v 1.25250041 -0.77503073 -0.12691873
v 1.13989961 -0.81213265 -0.25170674
v 1.1415956 -0.79551237 -0.25159075
v 1.14243948 -0.77595782 -0.24982133
v 1.14132869 -0.7522425 -0.24390056
v 1.19562244 -0.75074362 -0.18148697
v 1.08425724 -0.79760611 -0.30580753
v 1.08581483 -0.77896255 -0.30552223
v 1.08610427 -0.75601524 -0.30316093
v 1.08421552 -0.72948449 -0.29632687
v 1.13768839 -0.72690713 -0.23328231
v 1.02899777 -0.78316676 -0.36033722
v 1.02959859 -0.76074129 -0.35950672
v 1.0283482 -0.73377162 -0.35527974
v 1.02399647 -0.70330405 -0.34649244
v 1.07801222 -0.6997956 -0.28368938
v 0.97382307 -0.76512026 -0.41685
v 0.97288715 -0.73908042 -0.41403555
v 0.96849072 -0.70790737 -0.40649464
v 0.9579913 -0.66679984 -0.39237839
v 1.01315915 -0.66322809 -0.33093592
v 0.92160517 -0.74102294 -0.47680211
v 0.91884803 -0.70859062 -0.47051283
v 0.90905833 -0.66683065 -0.45771554
v 0.89504885 -0.61634522 -0.44466692
v 0.94705796 -0.61756646 -0.37886443
v 0.87884235 -0.70162326 -0.5408867
v 0.87345415 -0.65974181 -0.53167367
v 0.86286073 -0.60885411 -0.52111673
v 0.85442143 -0.55498504 -0.51378274
v 0.88989478 -0.55992418 -0.43779623
v 0.83386921 -0.65200465 -0.60642242
v 0.82491236 -0.6014992 -0.5976811
v 0.81622988 -0.54852807 -0.59015262
v 0.80827242 -0.49342343 -0.58384943
v 0.8509435 -0.49847021 -0.51093226
v 0.77072697 -0.59878927 -0.66437131
v 0.76124346 -0.54561436 -0.65508151
v 0.75324559 -0.49047279 -0.64794647
v 0.74622571 -0.43399936 -0.64214229
v 0.80148899 -0.43688145 -0.57912337
v 0.69894254 -0.54610234 -0.71184539
v 0.690795 -0.49052965 -0.70405334
v 0.68388551 -0.43399846 -0.6977036
v 0.67909449 -0.37593188 -0.69322037
v 0.7398138 -0.37649786 -0.63708859
v 0.62061721 -0.49321833 -0.74877792
v 0.61895102 -0.43603536 -0.7484861
v 0.61849194 -0.37643858 -0.7476263
v 0.61858797 -0.31545761 -0.74633067
v 0.67524135 -0.31662756 -0.68929439
v 0.55750668 -0.43903279 -0.80107033
v 0.56101089 -0.37726309 -0.80252933
v 0.5629785 -0.31441664 -0.80173647
v 0.56454742 -0.25016042 -0.7995488
v 0.6189444 -0.25360074 -0.74462944
v 0.50458788 -0.37740281 -0.85502421
v 0.50816237 -0.31167653 -0.85362589
v 0.51018023 -0.24528257 -0.84968459
v 0.51273834 -0.17892952 -0.8474642
v 0.56873917 -0.18576327 -0.80017733
v 0.45065173 -0.30514287 -0.89675635
v 0.4528616 -0.23788082 -0.8907051
v 0.45372852 -0.17037496 -0.88669061
v 0.45462042 -0.10432254 -0.88528579
v 0.51559054 -0.11334469 -0.84747713
v 0.38873463 -0.22638304 -0.92078208
v 0.38818189 -0.15989367 -0.91382151
v 0.38787561 -0.09410078 -0.91231924
v 0.3867267 -0.02909383 -0.91072458
v 0.45543798 -0.03864485 -0.88690763
v 0.31783098 -0.14718422 -0.9378916
v 0.31631669 -0.08295615 -0.93277156
v 0.31463691 -0.01901335 -0.93000197
v 0.3116748 0.04466239 -0.92702317
v 0.38386747 0.03597696 -0.90996843
v 0.2428127 -0.07178958 -0.95541071
v 0.24063609 -0.0093418 -0.95069384
v 0.23730452 0.05275475 -0.94652825
v 0.23327064 0.11498408 -0.9437744
v 0.30704259 0.10826072 -0.92432755
v 0.16342708 -0.00187887 -0.96523457
v 0.1600904 0.05908638 -0.95998293
v 0.15635539 0.12044846 -0.95657587
v 0.15236029 0.18190182 -0.95442837
v 0.22869937 0.17748752 -0.94209474
v 0.08219335 0.06337285 -0.97675675
v 0.07867647 0.12451106 -0.97184944
v 0.07506554 0.18534725 -0.96864116
v 0.07230985 0.24679189 -0.96798086
v 0.14873099 0.24406898 -0.9536373
v 0.00275155 0.12663227 -0.99501472
v -0.0009532 0.18754904 -0.99046093
v -0.0034412 0.24842515 -0.98754483
v -0.00474591 0.31040889 -0.98571968
v 0.07040926 0.30908745 -0.96746891
v -0.07884915 0.18626782 -0.99870324
v -0.08062608 0.24856799 -0.99729239
v -0.081114 0.31087443 -0.99679434
v -0.08051327 0.3738349 -0.99682921
v -0.00496369 0.37314781 -0.98570752
v -0.15575663 0.24799968 -0.98535239
v -0.1560184 0.31131371 -0.98615402
v -0.15502409 0.37486964 -0.98784101
v -0.15264004 0.4388085 -0.99059528
v -0.07843078 0.43726423 -1.00045037
v -0.22775748 0.31257379 -0.96392351
v -0.22636239 0.3764376 -0.96468108
v -0.22378923 0.44017896 -0.96508413
v -0.22021332 0.50301784 -0.96203625
v -0.14904303 0.50331765 -0.99040681
v -0.29669457 0.37806272 -0.93732279
v -0.29421898 0.4412015 -0.93576151
v -0.29043287 0.50311756 -0.93065995
v -0.2862311 0.56363934 -0.92231899
v -0.21716459 0.5649029 -0.9555841
v -0.36138075 0.44131827 -0.89899396
v -0.35803288 0.50281524 -0.89343076
v -0.35361251 0.56297874 -0.88475394
v -0.34961754 0.62277197 -0.8763436
v -0.28321743 0.62453246 -0.91354334
v -0.42236977 0.50157409 -0.85110527
v -0.41806978 0.56117892 -0.84209382
v -0.41586279 0.62155014 -0.83759665
v -0.41769921 0.68185633 -0.84123748
v -0.34901723 0.68326759 -0.87416005
v -0.48840954 0.56116259 -0.8115825
v -0.48688906 0.62142097 -0.80860579
v -0.48742178 0.68115776 -0.81036001
v -0.49041363 0.73970776 -0.81753701
v -0.42317155 0.74048322 -0.85329473
v -0.55035591 0.62101548 -0.76684373
v -0.55060207 0.68146419 -0.76876181
v -0.55112671 0.74077057 -0.77269125
v -0.55458194 0.79804873 -0.78094923
v -0.49540162 0.79621702 -0.82846617
v -0.60791695 0.68239939 -0.71985971
v -0.60768872 0.74232739 -0.72265398
v -0.61049634 0.80023348 -0.72977858
v -0.61520487 0.84962594 -0.73968118
v -0.55920374 0.84671431 -0.79008507
v -0.66194897 0.74406993 -0.67048126
v -0.66528523 0.80231344 -0.67719215
v -0.67004066 0.85376286 -0.68726384
v -0.66747605 0.88882893 -0.69050204
v -0.6144669 0.88475018 -0.74305456
v -0.71330356 0.80499994 -0.6190046
v -0.71860271 0.85998106 -0.62868857
v -0.71921539 0.8951298 -0.63470643
v -0.71537107 0.92616218 -0.6368646
v -0.66233253 0.91988945 -0.69030624
v -0.7641505 0.86489987 -0.56865006
v -0.7673707 0.902547 -0.5758121
v -0.76533484 0.93458342 -0.57874381
v -0.75911307 0.96175074 -0.57682472
v -0.70919221 0.95405721 -0.6353392
v -0.8122977 0.90725457 -0.51585853
v -0.81226474 0.94026523 -0.51809001
v -0.80639177 0.96908021 -0.51594632
v -0.79751598 0.9924817 -0.51164627
v -0.75113529 0.98467844 -0.5727927
v -0.85671663 0.94045889 -0.45762407
v -0.85107034 0.97103035 -0.45427456
v -0.8404079 0.99551975 -0.44820034
v -0.82673806 1.01476144 -0.44155451
v -0.78606706 1.01104009 -0.50529754
v -0.88840848 0.96759361 -0.38987439
v -0.8760057 0.992706 -0.38367477
v -0.86085414 1.01240634 -0.37733328
v -0.84417223 1.02667701 -0.37029078
v -0.81133955 1.02939283 -0.43398717
v -0.90332418 0.98856437 -0.31839087
v -0.88605326 1.00713872 -0.31298035
v -0.86929512 1.02225399 -0.30770885
v -0.85013973 1.03093957 -0.3017643
v -0.82549709 1.03415381 -0.36254048
v -0.90932905 1.00994503 -0.25020143
v -0.89071101 1.02452862 -0.2464108
v -0.86995679 1.03313148 -0.2419523
v -0.84881353 1.03212833 -0.23673264
v -0.8298937 1.02952456 -0.29550379
v -0.90730452 1.03213596 -0.18436707
v -0.88548648 1.04091703 -0.18129913
v -0.86294412 1.0404005 -0.17700311
v -0.84299624 1.0303651 -0.17179885
v -0.83051574 1.02125394 -0.23129609
v -0.89694649 1.04713833 -0.11814367
v -0.87444627 1.04695677 -0.11438143
v -0.85461217 1.03596472 -0.11043735
v -0.8384577 1.01783311 -0.10690497
v -0.82731592 1.0127542 -0.16662207
v -0.88500458 1.04645919 -0.05106511
v -0.86628818 1.03459692 -0.04871747
v -0.85136711 1.01663029 -0.047023
v -0.83864665 0.99471539 -0.04561049
v -0.82652062 0.99508339 -0.10401795
v -0.87456888 1.03248608 0.01311806
v -0.86002564 1.01522517 0.01406853
v -0.84646439 0.99376493 0.01488747
v -0.82756167 0.96459561 0.01658748
v -0.82000893 0.96133112 -0.0423166
v -0.86540782 1.01488447 0.07663866
v -0.85305559 0.99424535 0.07660637
v -0.83477026 0.96589875 0.07667921
v -0.80497747 0.93404787 0.07758871
v -0.79781323 0.9320324 0.02072305
v -0.85947841 0.99241256 0.13891549
v -0.84195572 0.96412408 0.13740348
v -0.8122611 0.93136024 0.13568118
v -0.76969558 0.90653896 0.13566367
v -0.76255744 0.90780425 0.08105064
v -0.84606528 0.9600538 0.198932
v -0.81469541 0.9282096 0.19484379
v -0.77193629 0.90444779 0.19071568
v -0.71691608 0.89167058 0.18678674
v -0.71498191 0.89106875 0.1369396
v -0.80788159 0.9289236 0.25394249
v -0.76668268 0.90513265 0.24613782
v -0.71466118 0.88966894 0.23674131
v -0.65312832 0.87872654 0.22780633
v -0.65485614 0.880876 0.18419511
v -0.75673085 0.90392684 0.30157154
v -0.70690918 0.88753378 0.28680029
v -0.64712375 0.87600189 0.27054265
v -0.57734084 0.86417931 0.25605064
v -0.58439135 0.8673833 0.22258748
v -0.69469243 0.88262295 0.3359684
v -0.7441324 0.89699947 0.35616797
v -0.72238218 0.89536988 0.40924382
v -0.67599093 0.87974435 0.38304543
v -0.69135075 0.90064787 0.45684787
v -0.64922732 0.88534826 0.42671799
v -0.65586757 0.90409046 0.50146561
v -0.61658048 0.88990128 0.46622744
v -0.57169854 0.88009572 0.42406117
v -0.52348768 0.86518788 0.37401801
v -0.58177012 0.88568794 0.50281757
v -0.5407747 0.87899732 0.45612502
v -0.49892708 0.86933535 0.40262723
v -0.46292126 0.85359603 0.34424427
v -0.48530903 0.84951728 0.31448781
v -0.50676894 0.87038594 0.48590153
v -0.46992993 0.86451268 0.43159636
v -0.43765574 0.8551442 0.37404882
v -0.4165734 0.84618669 0.32272595
v -0.44658672 0.84460312 0.2976621
v -0.43559837 0.86014497 0.4591507
v -0.40702867 0.85311621 0.40199086
v -0.38553324 0.84549593 0.34815967
v -0.36966151 0.83888 0.29934179
v -0.40401193 0.83741933 0.27788245
v -0.3714182 0.85214728 0.42729577
v -0.35115253 0.84368228 0.372399
v -0.33472269 0.83893001 0.3207421
v -0.32135283 0.83257389 0.27304685
v -0.3582417 0.83046883 0.253977
v -0.31414976 0.84079909 0.39432686
v -0.29807058 0.83681708 0.34105253
v -0.28405886 0.8320105 0.29183426
v -0.24603609 0.83105009 0.3088594
v -0.23341532 0.82567542 0.26103082
v -0.27176702 0.8261758 0.24475032
v -0.31026917 0.82500767 0.22763131
v -0.2598066 0.8340463 0.3599241
v -0.27486208 0.8384875 0.414406
v -0.23466268 0.83451926 0.43253555
v -0.22066292 0.83260196 0.37637144
v -0.20740322 0.83008569 0.32417798
v -0.16826641 0.8330335 0.33725631
v -0.15600277 0.82788986 0.28808826
v -0.1947828 0.82548397 0.2756201
v -0.18069222 0.83612978 0.39036634
v -0.19326958 0.83659333 0.44765994
v -0.15161861 0.83882862 0.4600875
v -0.1406975 0.83962082 0.40218123
v -0.12925086 0.83611643 0.34832242
v -0.09018672 0.83862847 0.35659387
v -0.07899101 0.83221149 0.30698213
v -0.11725674 0.83035403 0.2985332
v -0.10050309 0.84241724 0.41102197
v -0.11001999 0.8403393 0.47015789
v -0.06860911 0.84073287 0.47734141
v -0.06080786 0.84265822 0.41745051
v -0.05164701 0.83906173 0.36262521
v -0.01427938 0.83656996 0.36626705
v -0.00430814 0.82915228 0.31800496
v -0.04121367 0.83172142 0.31352195
v -0.02218502 0.84178209 0.42128965
v -0.02784652 0.83989274 0.48186868
v 0.01191142 0.83871895 0.48390641
v 0.01506868 0.84029269 0.42222142
v 0.02178101 0.83476865 0.36690774
v 0.05602533 0.83514785 0.36418351
v 0.06735584 0.82987034 0.32085257
v 0.03229825 0.82832545 0.32018414
v 0.0505589 0.83899056 0.42019951
v 0.05027606 0.83681494 0.48342239
v 0.08764293 0.83631146 0.48047965
v 0.08281419 0.84011006 0.41538691
v 0.087104 0.83757686 0.35908481
v 0.11577841 0.83815145 0.35383421
v 0.13260087 0.83088249 0.32458627
v 0.10164237 0.83091759 0.321774
v 0.11067749 0.84302383 0.4065774
v 0.12307402 0.83785581 0.47500881
v 0.09697672 0.83640378 0.54412037
v 0.13826555 0.83783489 0.53806012
v 0.17909036 0.8414098 0.52671974
v 0.15503223 0.84705013 0.59785187
v 0.2010485 0.85003042 0.5851702
v 0.2451086 0.85408347 0.56625276
v 0.21809327 0.84590655 0.5109269
v 0.2873356 0.85658007 0.5431925
v 0.25522837 0.84801209 0.49117773
v 0.32835558 0.85552883 0.51682436
v 0.29119384 0.84613251 0.46768391
v 0.25100436 0.83810573 0.41882455
v 0.20731273 0.83344179 0.37089267
v 0.32533881 0.84549605 0.44061368
v 0.28203252 0.8365578 0.3958486
v 0.23705765 0.82868146 0.35294938
v 0.19243054 0.82514464 0.31714564
v 0.16376023 0.83110898 0.33693063
v 0.31209895 0.83807683 0.36885845
v 0.26549217 0.82983386 0.33019262
v 0.2194831 0.8233689 0.29705178
v 0.17634309 0.81691026 0.27409446
v 0.15370114 0.82224565 0.2993561
v 0.29209873 0.83064878 0.30315876
v 0.24482952 0.82431298 0.27241173
v 0.19940659 0.81678283 0.24758929
v 0.15610037 0.81327712 0.2296772
v 0.13632658 0.81687015 0.2587071
v 0.26811793 0.82510525 0.24363601
v 0.22084772 0.81805205 0.21918474
v 0.17598547 0.81379622 0.19959789
v 0.24062292 0.8193525 0.18848131
v 0.19446362 0.81512188 0.1686017
v 0.15034702 0.81310141 0.15169863
v 0.13291733 0.81347733 0.18374079
v 0.11475643 0.81543493 0.21534255
v 0.09153806 0.8160389 0.17069742
v 0.07492045 0.81844186 0.204545
v 0.05926504 0.82132512 0.24109879
v 0.0975428 0.81955069 0.24819082
v 0.0448892 0.82433337 0.27934855
v 0.08174566 0.82447385 0.283461
v 0.11795923 0.8233059 0.28917294
v 0.02162234 0.82120871 0.23431178
v 0.0079372 0.82389164 0.2746303
v -0.01639881 0.82164239 0.22640393
v -0.02938894 0.82482433 0.26846811
v -0.05441447 0.82214206 0.21791085
v -0.06706267 0.82528877 0.26119825
v -0.09272822 0.82223117 0.20838943
v -0.10521327 0.82478904 0.25229495
v -0.13138406 0.82247018 0.19746172
v -0.14373686 0.82361084 0.24171745
v -0.17047178 0.82383245 0.18517133
v -0.18252763 0.82310503 0.22938858
v -0.20986911 0.82299935 0.17144246
v -0.22145609 0.82312423 0.21525999
v -0.24962216 0.81769049 0.1566789
v -0.26051607 0.82044374 0.20003044
v -0.29072344 0.81586355 0.1408319
v -0.30033475 0.81712269 0.18398305
v -0.33264628 0.8240475 0.12479224
v -0.34116986 0.82118976 0.16700342
v -0.3493551 0.82253336 0.21036315
v -0.38288062 0.83217233 0.15053702
v -0.38882035 0.82993823 0.1925814
v -0.39556461 0.83003246 0.23516169
v -0.43043857 0.84085762 0.17644801
v -0.43319612 0.83883124 0.21718439
v -0.43859404 0.83796113 0.25758603
v -0.47520101 0.84846657 0.20158165
v -0.47388076 0.84666407 0.23986578
v -0.47605374 0.84510535 0.27646923
v -0.51787352 0.8566854 0.22680763
v -0.50993394 0.85368031 0.26078751
v -0.52515757 0.8577699 0.19073188
v -0.5893045 0.86804777 0.18460351
v -0.53015404 0.85781145 0.15092237
v -0.59124875 0.86773634 0.14315313
v -0.65373647 0.88038951 0.13898021
v -0.58967185 0.86764991 0.09925647
v -0.6501559 0.87981003 0.09173163
v -0.70957535 0.89102208 0.08612633
v -0.64449614 0.87875586 0.04259167
v -0.70252656 0.8884539 0.03420646
v -0.75509971 0.90506964 0.02699353
v -0.69463408 0.88239693 -0.0180148
v -0.74642294 0.90153276 -0.02746314
v -0.78943646 0.92716556 -0.0358448
v -0.73526197 0.89825606 -0.08232437
v -0.77875405 0.92314195 -0.09191715
v -0.80912166 0.95946162 -0.09934232
v -0.76782071 0.91910797 -0.14823964
v -0.79655653 0.95751303 -0.15598125
v -0.81294673 0.99119651 -0.16175016
v -0.78350698 0.95403456 -0.21442084
v -0.80202913 0.98440384 -0.22077825
v -0.81554514 1.00475668 -0.22599148
v -0.78445601 0.98251229 -0.27967351
v -0.79771083 1.00196671 -0.28467416
v -0.8123731 1.01846242 -0.28985711
v -0.77387899 1.00430774 -0.34264516
v -0.78848093 1.02087068 -0.34829428
v -0.80572491 1.03216743 -0.35477164
v -0.75886732 1.0226525 -0.40799397
v -0.77517992 1.03400766 -0.41588261
v -0.79369485 1.03636193 -0.42507049
v -0.73946791 1.03026664 -0.47803869
v -0.75645494 1.032233 -0.4885073
v -0.77259123 1.02534604 -0.49782154
v -0.7157073 1.02333879 -0.54948401
v -0.73004895 1.01622641 -0.55963146
v -0.74156129 1.00295352 -0.56719797
v -0.68348991 1.00992763 -0.61698621
v -0.69368821 0.99598074 -0.62543839
v -0.70183259 0.97719919 -0.63106614
v -0.64157712 0.99099004 -0.67604434
v -0.64891803 0.97193443 -0.68207967
v -0.65576833 0.94856387 -0.68687009
v -0.59651821 0.97002303 -0.7316724
v -0.60312777 0.9460355 -0.73723697
v -0.60936719 0.91726625 -0.74145555
v -0.54905587 0.94415479 -0.78616797
v -0.55558353 0.91525906 -0.79149448
v -0.55975902 0.88247937 -0.79345798
v -0.49742558 0.91346973 -0.83758544
v -0.50068634 0.88092249 -0.84023845
v -0.49922502 0.84466981 -0.83665889
v -0.43681073 0.88071453 -0.88205838
v -0.43420109 0.84396922 -0.87744599
v -0.42927682 0.79645109 -0.86705708
v -0.36485257 0.84530878 -0.91108399
v -0.35983035 0.79877615 -0.89886552
v -0.3536219 0.74271309 -0.88369768
v -0.28876712 0.80231225 -0.92548269
v -0.28371536 0.74569863 -0.91139346
v -0.28159272 0.68530774 -0.90757328
v -0.21365401 0.74902451 -0.93693089
v -0.21344481 0.68850481 -0.93674826
v -0.21509391 0.62650436 -0.94582641
v -0.14491467 0.6927942 -0.96018177
v -0.1462569 0.63083177 -0.97215616
v -0.14687109 0.56750422 -0.98404395
v -0.07470627 0.63345825 -0.97931218
v -0.07449891 0.56895995 -0.99273473
v -0.07587342 0.50278013 -0.99874866
v -0.00245032 0.56708401 -0.98056393
v -0.00273219 0.50190669 -0.98727113
v -0.00390369 0.43683332 -0.98739683
v 0.07056602 0.50124234 -0.97319841
v 0.06979901 0.436338 -0.97089725
v 0.06953755 0.37229281 -0.96783006
v 0.14420154 0.43541592 -0.9614253
v 0.14439222 0.37096726 -0.95586687
v 0.14605389 0.30706602 -0.95382791
v 0.21748179 0.36899873 -0.94440704
v 0.22003729 0.30435639 -0.9422726
v 0.22402361 0.2406408 -0.94120657
v 0.28874272 0.30115082 -0.9168806
v 0.29421818 0.23611395 -0.91793906
v 0.3007884 0.1719228 -0.92116838
v 0.36398795 0.2304303 -0.89883369
v 0.37206947 0.16552704 -0.90374445
v 0.37893965 0.10081567 -0.9078142
v 0.4416987 0.15725879 -0.88337659
v 0.44848889 0.09203884 -0.88530135
v 0.45296508 0.02673296 -0.88630634
v 0.51315081 0.08201547 -0.84889757
v 0.51651102 0.01722104 -0.84903204
v 0.5181356 -0.04790605 -0.84967666
v 0.57806211 0.00805013 -0.80554354
v 0.57871884 -0.05660647 -0.80636918
v 0.57483828 -0.12153328 -0.80377048
v 0.63792455 -0.06391318 -0.75795173
v 0.63215321 -0.12802149 -0.75342226
v 0.62421798 -0.19069933 -0.74733775
v 0.68358892 -0.13201411 -0.6949163
v 0.67616879 -0.19417239 -0.68869531
v 0.6738187 -0.25595706 -0.68725436
v 0.7299084 -0.19685584 -0.62983423
v 0.72973752 -0.25808847 -0.62894153
v 0.73353672 -0.31799903 -0.63185101
v 0.78615719 -0.25992617 -0.57057333
v 0.79024702 -0.32006326 -0.57244324
v 0.79574036 -0.37910214 -0.57560259
v 0.84561538 -0.32254859 -0.51291865
v 0.8487668 -0.38227471 -0.51238596
v 0.85009926 -0.44069796 -0.51122421
v 0.89567524 -0.38398277 -0.44583073
v 0.89530003 -0.44383567 -0.44180133
v 0.89178246 -0.50259101 -0.43780985
v 0.94775712 -0.44445508 -0.37969085
v 0.94581776 -0.50402373 -0.37529656
v 0.94392693 -0.56169647 -0.37369242
v 1.00019109 -0.5027706 -0.31406742
v 1.00043129 -0.56022346 -0.31299471
v 1.00414276 -0.61465454 -0.3180761
v 1.0483191 -0.55799758 -0.24507841
v 1.05595588 -0.61132627 -0.25217402
v 1.06730938 -0.65974527 -0.26719909
v 1.1071434 -0.60724574 -0.18480895
v 1.11991453 -0.65507465 -0.20025724
v 1.13098967 -0.69570022 -0.21825124
v 1.16992962 -0.65148389 -0.12967731
v 1.18216359 -0.69288235 -0.14960815
v 1.19043934 -0.72516429 -0.167591
v 1.22564935 -0.69736981 -0.0745076
v 1.23933005 -0.72933566 -0.09672483
v 1.24826335 -0.75242596 -0.11503793
v 1.28118562 -0.73819756 -0.01798331
v 1.29609167 -0.76095378 -0.03867295
v 1.30701673 -0.77881544 -0.05504832
v 1.33261573 -0.76986855 0.04467404
v 1.3496952 -0.78547412 0.02786248
v 1.36335361 -0.79733347 0.01442464
v 1.37581884 -0.78319358 0.11222738
v 1.39165437 -0.79625022 0.09940561
v 1.40787184 -0.80724018 0.08822406
v 1.41049075 -0.78575921 0.17178359
v 1.42599594 -0.79976028 0.16103263
v 1.44245445 -0.81165927 0.15138457
v 1.43981766 -0.78979384 0.21721938
v 1.45564091 -0.8042922 0.20939487
v 1.47109043 -0.81623929 0.20021997
v 1.46297442 -0.7964797 0.25441694
v 1.47811031 -0.80959934 0.24747104
v 1.48983514 -0.81975191 0.23962695
v 1.47558903 -0.8026402 0.2928904
v 1.49008691 -0.8128696 0.28518673
v 1.45880377 -0.79892373 0.34468928
v 1.46932876 -0.81371599 0.34413889
v 1.42341864 -0.8001185 0.38829308
v 1.4305855 -0.8161782 0.39157027
v 1.37306857 -0.80229759 0.42013856
v 1.37675905 -0.81940221 0.42457488
v 1.37207126 -0.83082222 0.41009855
v 1.31506276 -0.81621182 0.44842746
v 1.31085753 -0.82929414 0.43429791
v 1.30539691 -0.83368921 0.41421675
v 1.24704766 -0.82441526 0.45387625
v 1.24251651 -0.83388304 0.43564361
v 1.23678922 -0.83654379 0.41296434
v 1.29818952 -0.83526545 0.39148986
v 1.23048555 -0.83724659 0.38846483
v 1.29152941 -0.83592909 0.36643689
v 1.22102296 -0.83780014 0.35779956
v 1.27909588 -0.83659541 0.33179354
v 1.20225739 -0.83850014 0.31458082
v 1.26028049 -0.8372969 0.28720435
v 1.3096019 -0.83620828 0.26108914
v 1.23551178 -0.83811974 0.23774854
v 1.28487753 -0.83703798 0.21117398
v 1.32507419 -0.83609557 0.18977023
v 1.25420665 -0.83798027 0.15660336
v 1.29463601 -0.83703655 0.13402409
v 1.3310368 -0.83610224 0.11485638
v 1.2564044 -0.83806628 0.07428079
v 1.29151094 -0.83715063 0.05268231
v 1.31862032 -0.83641058 0.03713499
v 1.24179911 -0.83819735 -0.01078582
v 1.26423323 -0.83757364 -0.02923998
v 1.28183114 -0.83703464 -0.04497888
v 1.20589816 -0.83852237 -0.09027189
v 1.22142112 -0.83813595 -0.10631205
v 1.23494625 -0.83777886 -0.12001999
v 1.16305005 -0.83864045 -0.1633704
v 1.17542982 -0.83823108 -0.17613944
v 1.18683993 -0.83676689 -0.1880393
v 1.11829698 -0.8382337 -0.23080982
v 1.12933993 -0.83661335 -0.24215735
v 1.13806641 -0.82761418 -0.25083202
v 1.0720123 -0.83783352 -0.29518458
v 1.08018195 -0.8296951 -0.3035151
v 1.08266246 -0.81431323 -0.30553573
v 1.02155268 -0.83105546 -0.35505321
v 1.02523589 -0.81708818 -0.35849213
v 1.02736914 -0.80120897 -0.36000824
v 0.96914291 -0.81940025 -0.41378501
v 0.97122025 -0.80448716 -0.41576746
v 0.97285258 -0.78674823 -0.41697198
v 0.9191237 -0.80642247 -0.47624763
v 0.92056196 -0.78887367 -0.47772544
v 0.92165005 -0.76734888 -0.47834965
v 0.87616777 -0.78863239 -0.545053
v 0.87812572 -0.76512873 -0.54690825
v 0.87940853 -0.7360844 -0.54614144
v 0.83486264 -0.75991284 -0.61526006
v 0.83746045 -0.72962355 -0.61596798
v 0.83777743 -0.69501698 -0.61300438
v 0.78598773 -0.72817695 -0.68057674
v 0.7860502 -0.69354057 -0.68027222
v 0.78132915 -0.64894974 -0.67493277
v 0.72919464 -0.69612443 -0.74247175
v 0.72239512 -0.65018266 -0.73624104
v 0.71061837 -0.59888714 -0.72416877
v 0.65725559 -0.65447032 -0.78804504
v 0.64482587 -0.60290074 -0.77473121
v 0.63062727 -0.5504893 -0.75874102
v 0.58143532 -0.60520207 -0.82792943
v 0.56664812 -0.55528688 -0.80943393
v 0.55706459 -0.49858394 -0.79945957
v 0.50196504 -0.5580973 -0.86337286
v 0.49476116 -0.50301271 -0.85026502
v 0.49744778 -0.44019797 -0.84999543
v 0.42863678 -0.50123441 -0.89650768
v 0.43462687 -0.43678006 -0.89201498
v 0.44418457 -0.37347424 -0.89695215
v 0.36528003 -0.42695531 -0.92279225
v 0.37749216 -0.36085009 -0.9262731
v 0.38544356 -0.2929022 -0.92599654
v 0.30619162 -0.34100645 -0.95069593
v 0.31479844 -0.27607774 -0.94949066
v 0.31792423 -0.21123635 -0.94457817
v 0.24191109 -0.25685596 -0.9766184
v 0.24408344 -0.1955174 -0.9685474
v 0.24408105 -0.13404771 -0.96160161
v 0.16497248 -0.18296727 -0.98607963
v 0.16596125 -0.12333218 -0.977777
v 0.165531 -0.06284976 -0.97134983
v 0.08603922 -0.11659086 -0.99484962
v 0.08657237 -0.05682123 -0.98899245
v 0.08513153 0.00326607 -0.98232775
v 0.00821164 -0.05403123 -1.01135027
v 0.00797293 0.00570135 -1.00559699
v 0.00586652 0.06585223 -0.99921613
v -0.07150515 0.00317033 -1.01135814
v -0.07276427 0.06370544 -1.00624525
v -0.07526175 0.12484682 -1.00211787
v -0.14959904 0.06036299 -0.99026346
v -0.15149886 0.12211987 -0.98697269
v -0.15397977 0.18472409 -0.98480373
v -0.22448104 0.12133573 -0.96305465
v -0.2262856 0.18456454 -0.96227914
v -0.22764919 0.24843655 -0.9632703
v -0.29779911 0.18532092 -0.93953067
v -0.29825827 0.24967393 -0.93863576
v -0.29828375 0.3141689 -0.93879151
v -0.3658176 0.25063583 -0.90800917
v -0.36505201 0.31502148 -0.9054048
v -0.36374607 0.37878686 -0.9025802
v -0.42820334 0.31453847 -0.86543279
v -0.42738843 0.37807261 -0.86208128
v -0.42591083 0.44059896 -0.85798537
v -0.49026569 0.37627938 -0.82056021
v -0.49117845 0.43900185 -0.818874
v -0.49047252 0.50065183 -0.81585854
v -0.54925203 0.43673157 -0.77049064
v -0.55034321 0.49875503 -0.76884824
v -0.55055487 0.56008583 -0.76729428
v -0.60760265 0.49742808 -0.71986597
v -0.60841882 0.55946767 -0.71890503
v -0.6084302 0.6211794 -0.71876055
v -0.66480165 0.55952602 -0.6699332
v -0.66440284 0.62180113 -0.66908121
v -0.66312611 0.68360394 -0.66895359
v -0.71363329 0.62229722 -0.6137644
v -0.71217227 0.68454104 -0.61308193
v -0.71033698 0.74581754 -0.61346948
v -0.75338733 0.68433821 -0.55236858
v -0.75430101 0.74664777 -0.55431616
v -0.75806492 0.80692446 -0.55982667
v -0.79547178 0.74545425 -0.49437871
v -0.79860931 0.80678999 -0.49991294
v -0.806216 0.86563229 -0.50895863
v -0.84659588 0.80271196 -0.44680666
v -0.84904635 0.86165159 -0.4507642
v -0.8552671 0.9061619 -0.45622268
v -0.8847748 0.85687655 -0.38697338
v -0.89222544 0.90199035 -0.39205771
v -0.89454865 0.93688851 -0.39340987
v -0.92160391 0.89769631 -0.32411414
v -0.92471718 0.93320041 -0.32554903
v -0.91792595 0.96395152 -0.3232252
v -0.95105123 0.93174022 -0.25858172
v -0.94362926 0.96486765 -0.25729012
v -0.92786979 0.99038487 -0.2539758
v -0.96104121 0.96651721 -0.19076924
v -0.94467502 0.99336445 -0.18869206
v -0.92624294 1.01513087 -0.18654033
v -0.95429188 0.99588042 -0.12379847
v -0.93668872 1.0184133 -0.12278571
v -0.91848754 1.03692519 -0.12104658
v -0.94469332 1.01960349 -0.05799325
v -0.92695754 1.03697693 -0.05640215
v -0.90639483 1.04701483 -0.05389694
v -0.93263691 1.03536272 0.00842814
v -0.91275179 1.04482483 0.01000345
v -0.89237237 1.04421734 0.01171256
v -0.91627526 1.04563546 0.07470634
v -0.89631021 1.04468059 0.07551627
v -0.8793717 1.0322932 0.07627403
v -0.89761179 1.04580998 0.14204114
v -0.8823269 1.03140032 0.14138834
v -0.87030589 1.01306366 0.14014926
v -0.88152194 1.02636992 0.20725821
v -0.87186783 1.00825226 0.20459666
v -0.8622663 0.98770844 0.2020577
v -0.86348396 1.00241506 0.2695994
v -0.8547334 0.98357987 0.26567143
v -0.83852624 0.95890373 0.2610543
v -0.84171396 0.97798484 0.32973784
v -0.8264575 0.95557892 0.32305055
v -0.79714947 0.92766624 0.31319025
v -0.81379813 0.94699645 0.38589936
v -0.78496533 0.91980624 0.37305679
v -0.78840738 0.94518905 0.44549188
v -0.76034265 0.91834557 0.42995736
v -0.75189137 0.94972544 0.49921417
v -0.7258532 0.92323285 0.48109009
v -0.71025174 0.95002424 0.55020421
v -0.68746709 0.92523735 0.52943736
v -0.66472798 0.94504624 0.59848648
v -0.64602232 0.91854512 0.57594156
v -0.61852395 0.89827823 0.54333424
v -0.59765738 0.91016942 0.61606675
v -0.57540869 0.88886398 0.58074015
v -0.54383063 0.87638568 0.5367797
v -0.524742 0.88281816 0.61164641
v -0.49930718 0.8690024 0.56603419
v -0.4681293 0.86232888 0.51451361
v -0.4510048 0.86276179 0.59340661
v -0.42485755 0.85444992 0.54129332
v -0.39722651 0.852355 0.48523974
v -0.3791815 0.84620827 0.56735611
v -0.35558018 0.84442973 0.50974291
v -0.33296066 0.8462435 0.45082038
v -0.31147128 0.84236711 0.5324549
v -0.29198789 0.84215039 0.47258389
v -0.26624807 0.8398469 0.55279982
v -0.24979467 0.83741015 0.49163141
v -0.22011002 0.84122437 0.57030934
v -0.2064529 0.83711093 0.50790286
v -0.17348732 0.84216821 0.58494174
v -0.16264164 0.83809506 0.5215159
v -0.12652924 0.8422268 0.5965082
v -0.1186838 0.83849257 0.53224396
v -0.07961492 0.84244132 0.60475015
v -0.07474057 0.83858418 0.54013991
v -0.03281966 0.84294724 0.60998487
v -0.03125461 0.83860576 0.54547643
v 0.01412024 0.8413192 0.61209487
v 0.01195018 0.83721822 0.5478329
v 0.06141772 0.84071356 0.61111235
v 0.05483882 0.83633935 0.54729348
v 0.10849532 0.84329569 0.60645788
v 0.06902347 0.8480063 0.67324262
v 0.12102624 0.85008341 0.66718691
v 0.17213909 0.85638964 0.65676468
v 0.13331465 0.85956871 0.72477483
v 0.18872188 0.86550706 0.71323525
v 0.24316641 0.86844235 0.69727402
v 0.2227863 0.85926652 0.64233058
v 0.29711738 0.87137574 0.67474949
v 0.27183398 0.86285096 0.62165868
v 0.34855029 0.87334263 0.64676207
v 0.31905135 0.865327 0.59622162
v 0.39755225 0.8718394 0.61458253
v 0.36430996 0.86400026 0.56650811
v 0.44524413 0.86953175 0.57845789
v 0.40744939 0.86126685 0.53320258
v 0.36704602 0.85436433 0.48657679
v 0.44707143 0.86739367 0.49591994
v 0.40285784 0.85858619 0.45231983
v 0.35833722 0.84807491 0.40998077
v 0.43718919 0.85866195 0.41520389
v 0.38925936 0.84744167 0.37604475
v 0.34032183 0.83777785 0.3382799
v 0.41849806 0.84236955 0.33994743
v 0.36730033 0.83380323 0.30501002
v 0.31666201 0.82973682 0.27229756
v 0.39108607 0.83449804 0.26845374
v 0.33934566 0.83105522 0.23864553
v 0.28905043 0.82582116 0.21202655
v 0.35949084 0.82944923 0.2029109
v 0.3082914 0.82319587 0.17818889
v 0.25880873 0.81687486 0.15592262
v 0.21181544 0.8127582 0.1361895
v 0.3249242 0.81897771 0.14276514
v 0.27523446 0.81344461 0.12160316
v 0.22747571 0.8109256 0.10231177
v 0.28872859 0.81810307 0.08598069
v 0.24119159 0.81544143 0.06756144
v 0.1956712 0.81420439 0.05031458
v 0.18194347 0.81011122 0.08492466
v 0.16673198 0.81139802 0.1188606
v 0.13816845 0.81142741 0.0689705
v 0.12346731 0.81333768 0.10322055
v 0.10784073 0.81481057 0.13686637
v 0.08153969 0.81603378 0.08905797
v 0.06657568 0.81737446 0.12377861
v 0.05124285 0.81824296 0.15906064
v 0.02623809 0.81889206 0.11174953
v 0.01180058 0.81972241 0.14853635
v -0.00242562 0.82054829 0.18684448
v 0.03617221 0.81964808 0.1957072
v -0.02736053 0.82149094 0.13786023
v -0.04108751 0.82157093 0.17723032
v -0.0667164 0.82291036 0.12662924
v -0.0798664 0.82272833 0.16662888
v -0.10611616 0.82328158 0.11469329
v -0.11888612 0.82315081 0.15529356
v -0.14580507 0.8220523 0.10198161
v -0.15826265 0.82331961 0.14279773
v -0.18606051 0.82022655 0.08821941
v -0.19823524 0.82168179 0.12916989
v -0.22739853 0.81877714 0.07350538
v -0.23879292 0.81848168 0.11453439
v -0.27009952 0.81807553 0.05805117
v -0.28079828 0.81915694 0.09899622
v -0.31485101 0.8178004 0.04205361
v -0.32421129 0.82296747 0.08311612
v -0.36191666 0.82079345 0.02586281
v -0.36993199 0.82799315 0.06725981
v -0.37679627 0.83210516 0.10878882
v -0.41795536 0.83636719 0.05105609
v -0.42381712 0.84018504 0.09334866
v -0.42783102 0.84124004 0.13519184
v -0.47424385 0.84741354 0.07869477
v -0.47684025 0.84881067 0.12122968
v -0.4768297 0.84921228 0.16275759
v -0.53103762 0.85776233 0.10895737
v -0.52844321 0.85705608 0.06481894
v -0.58522611 0.86901623 0.05260968
v -0.52278435 0.85306602 0.02011554
v -0.57978642 0.86095732 0.00574733
v -0.63789808 0.86973202 -0.00682054
v -0.57024079 0.86042743 -0.04223547
v -0.62711828 0.86982256 -0.05723669
v -0.68304908 0.88267207 -0.07078468
v -0.61477446 0.86741632 -0.10783698
v -0.67074227 0.87949687 -0.12420897
v -0.72378236 0.8942222 -0.13772417
v -0.65681827 0.87431377 -0.17660477
v -0.71087938 0.8882777 -0.19366398
v -0.75423979 0.91562455 -0.20599389
v -0.69119405 0.88840484 -0.24819189
v -0.73429733 0.91526401 -0.26336777
v -0.76484996 0.95251292 -0.27290621
v -0.70838928 0.91919416 -0.31724062
v -0.73966985 0.95463407 -0.32884299
v -0.76052659 0.98528367 -0.33723896
v -0.71262228 0.95561927 -0.38402381
v -0.73246741 0.98575776 -0.3940303
v -0.74533593 1.00569605 -0.40105462
v -0.70193886 0.98274004 -0.45079463
v -0.71325928 1.00258576 -0.45987233
v -0.72505843 1.0191853 -0.46852916
v -0.67710512 0.99643909 -0.51723998
v -0.68790978 1.01139211 -0.52743977
v -0.70084452 1.02137517 -0.53822052
v -0.64552235 1.00579023 -0.58170861
v -0.65740835 1.01512551 -0.59323036
v -0.67055684 1.01660513 -0.6054638
v -0.60888308 1.01282107 -0.64309674
v -0.62139451 1.0139147 -0.65617775
v -0.63273352 1.00620091 -0.66764551
v -0.56961453 1.01292502 -0.70386219
v -0.58073806 1.00469708 -0.71609008
v -0.58949565 0.98965644 -0.72506374
v -0.52588754 1.00223255 -0.76108086
v -0.53472536 0.98811572 -0.77139711
v -0.54219347 0.96861356 -0.77947557
v -0.47670191 0.985803 -0.81279021
v -0.48429483 0.96630048 -0.82256758
v -0.49121645 0.94199967 -0.83092838
v -0.42248135 0.96524483 -0.85984522
v -0.42866325 0.94117319 -0.86994504
v -0.43462705 0.91332268 -0.87866997
v -0.36141288 0.94265115 -0.90149885
v -0.3655405 0.91460621 -0.91167324
v -0.36698016 0.88226229 -0.91542899
v -0.29355081 0.91789329 -0.93571013
v -0.29361465 0.88492578 -0.94036197
v -0.29223465 0.84789514 -0.93730133
v -0.22006744 0.88962525 -0.95992392
v -0.2185281 0.85200154 -0.95847559
v -0.21603588 0.80596435 -0.94778537
v -0.14587394 0.85584545 -0.98325514
v -0.1429971 0.80849242 -0.96843028
v -0.14285281 0.7522903 -0.95703613
v -0.06735161 0.81058573 -0.97593885
v -0.06960486 0.75476366 -0.96098059
v -0.07275498 0.69460368 -0.9650585
v 0.00474957 0.75359255 -0.95482569
v -0.00116942 0.69198024 -0.95368778
v -0.00252119 0.63055723 -0.96784514
v 0.07437677 0.68891614 -0.94646525
v 0.07176652 0.62817716 -0.9572438
v 0.07099875 0.56564438 -0.96830415
v 0.14758405 0.62803459 -0.95137745
v 0.14654958 0.56557387 -0.96207529
v 0.14519159 0.5005939 -0.96505975
v 0.21871995 0.56457299 -0.94271487
v 0.21695457 0.49964672 -0.94648259
v 0.21656414 0.43434503 -0.94698065
v 0.28300973 0.49845594 -0.91629433
v 0.28217411 0.43295493 -0.91678571
v 0.28474831 0.36676073 -0.91739279
v 0.34925252 0.42917972 -0.8954007
v 0.35172224 0.36346703 -0.89595061
v 0.35708341 0.29677122 -0.8963347
v 0.41968214 0.35603451 -0.87557995
v 0.42476818 0.28949546 -0.87658584
v 0.43262714 0.22288709 -0.87934225
v 0.49461239 0.27624481 -0.84882271
v 0.50124377 0.211581 -0.84989887
v 0.50776022 0.14678132 -0.84892529
v 0.56830304 0.19899091 -0.80896192
v 0.57264584 0.13605409 -0.80693638
v 0.57636022 0.07212496 -0.80612582
v 0.63562649 0.12693661 -0.76064074
v 0.63702273 0.06374634 -0.75861978
v 0.63776606 0.00026273 -0.75760269
v 0.68984085 0.05770549 -0.70176595
v 0.69058239 -0.00543602 -0.70106601
v 0.68986594 -0.06881185 -0.70017159
v 0.74021625 -0.00915557 -0.64090603
v 0.73823404 -0.07192602 -0.63844192
v 0.7334243 -0.13466973 -0.63374739
v 0.78692221 -0.07373848 -0.5768857
v 0.78560775 -0.13659951 -0.57422721
v 0.7849127 -0.19859994 -0.57153183
v 0.84092515 -0.13731916 -0.5183447
v 0.84164339 -0.19970034 -0.51606494
v 0.84328424 -0.26151546 -0.51425284
v 0.88989436 -0.19988995 -0.45432162
v 0.8921225 -0.26243972 -0.45192572
v 0.89446181 -0.32411873 -0.44940215
v 0.94122558 -0.26102462 -0.39130449
v 0.94449859 -0.32332512 -0.38778281
v 0.94698458 -0.38425713 -0.38363531
v 0.99015092 -0.31983417 -0.32502487
v 0.99587017 -0.38224285 -0.32121542
v 0.99912774 -0.44345146 -0.31719073
v 1.02680575 -0.37796896 -0.25037828
v 1.03632164 -0.44035729 -0.2471424
v 1.04307794 -0.50024902 -0.2450281
v 1.06750035 -0.43505948 -0.17680668
v 1.07971119 -0.49715149 -0.17374537
v 1.09239983 -0.55547916 -0.17460307
v 1.11832344 -0.49047794 -0.10675479
v 1.13615465 -0.55026906 -0.10641504
v 1.154778 -0.60341507 -0.11486832
v 1.16637492 -0.54308211 -0.03458634
v 1.18394124 -0.60350042 -0.03728439
v 1.20752942 -0.65533441 -0.05226185
v 1.21195542 -0.59391629 0.03210257
v 1.23628854 -0.65855592 0.02382916
v 1.26030051 -0.70682722 0.00502457
v 1.2569127 -0.6383152 0.08989508
v 1.28580808 -0.69862228 0.08359638
v 1.30880725 -0.7428509 0.06563266
v 1.302163 -0.66617369 0.15027932
v 1.33147728 -0.71737766 0.14063434
v 1.35431373 -0.75861656 0.12828107
v 1.33751392 -0.68535602 0.20496732
v 1.37018191 -0.72688281 0.19163052
v 1.39293754 -0.76317489 0.18225514
v 1.36850941 -0.70424443 0.2466973
v 1.40099418 -0.74040889 0.23502217
v 1.42397773 -0.77037859 0.22554518
v 1.39349257 -0.72936868 0.27951672
v 1.42592001 -0.75823676 0.26658612
v 1.44668483 -0.77951836 0.26001244
v 1.4164747 -0.75269115 0.30675086
v 1.44250071 -0.7735911 0.30092191
v 1.46186149 -0.78947031 0.29677945
v 1.44507587 -0.78500855 0.34246489
v 1.41553795 -0.78383308 0.38039898
v 1.36871755 -0.78532099 0.40995547
v 1.31492662 -0.7603659 0.42105442
v 1.31453287 -0.77906847 0.43337211
v 1.31525921 -0.7972272 0.4443998
v 1.2564218 -0.76782834 0.45333063
v 1.25377917 -0.78810125 0.46113747
v 1.25116026 -0.80814123 0.46477225
v 1.19138395 -0.77892899 0.47556501
v 1.18742811 -0.79988986 0.47644987
v 1.18347036 -0.81827312 0.46997663
v 1.12572491 -0.79501187 0.49516081
v 1.12192046 -0.81547898 0.49031168
v 1.11619544 -0.83119308 0.47738128
v 1.17881202 -0.83220011 0.45526361
v 1.10809719 -0.83787614 0.45784217
v 1.17220819 -0.83730661 0.4336929
v 1.09866738 -0.83966535 0.43569216
v 1.16481709 -0.83856535 0.40974524
v 1.08854436 -0.84025704 0.41242381
v 1.15584254 -0.83908301 0.38350445
v 1.0715574 -0.84085863 0.37773752
v 1.13832926 -0.83971953 0.34437528
v 1.0458672 -0.84157383 0.33190915
v 1.11246955 -0.84049063 0.29829934
v 1.17669677 -0.83931434 0.26732456
v 1.08126175 -0.84132665 0.2476885
v 1.14462602 -0.84025412 0.21439606
v 1.20337975 -0.83909815 0.18337807
v 1.10774135 -0.84123152 0.1598234
v 1.16552329 -0.84015446 0.12718825
v 1.21607446 -0.83904928 0.09835104
v 1.12279665 -0.8410806 0.07021054
v 1.17157411 -0.84001696 0.03890699
v 1.20942187 -0.83906561 0.01311795
v 1.12213969 -0.84073245 -0.01986629
v 1.15817511 -0.83981555 -0.04763335
v 1.18753564 -0.83901435 -0.07271526
v 1.10547161 -0.84034365 -0.10727931
v 1.13302755 -0.83954548 -0.13280931
v 1.14908254 -0.83906042 -0.14878276
v 1.07776975 -0.84009796 -0.18986412
v 1.09298038 -0.83953887 -0.20512138
v 1.10642004 -0.83895617 -0.21878135
v 1.03685772 -0.84050983 -0.25987294
v 1.05002391 -0.83992344 -0.27292111
v 1.06151819 -0.83922439 -0.28454643
v 0.99312317 -0.84165293 -0.32713714
v 1.00438737 -0.84130168 -0.33821225
v 1.01456701 -0.84123164 -0.34819555
v 0.94814461 -0.8428387 -0.39367231
v 0.95830076 -0.84140378 -0.4033845
v 0.96546691 -0.83272618 -0.41023391
v 0.90596431 -0.84257453 -0.4631522
v 0.91342926 -0.83442163 -0.47019335
v 0.91718936 -0.82131117 -0.47404572
v 0.86646843 -0.83571928 -0.53494894
v 0.8712964 -0.82258486 -0.53970712
v 0.87384402 -0.80723345 -0.54252153
v 0.82533508 -0.821612 -0.60476851
v 0.82893717 -0.80575937 -0.60878288
v 0.83182179 -0.78551006 -0.61226695
v 0.77900219 -0.80446457 -0.67095351
v 0.78236627 -0.7838217 -0.67521244
v 0.78470945 -0.7580384 -0.67866545
v 0.72845083 -0.7870658 -0.73504602
v 0.73006957 -0.76199239 -0.73910659
v 0.73051774 -0.73269891 -0.74209427
v 0.66831588 -0.76796919 -0.79253196
v 0.66682493 -0.73872923 -0.79407048
v 0.66400235 -0.70147979 -0.79361987
v 0.60471755 -0.74202925 -0.84731382
v 0.60088366 -0.70389854 -0.84624105
v 0.59353494 -0.65624421 -0.84086239
v 0.53604811 -0.70126915 -0.8976584
v 0.52632409 -0.65467107 -0.89263224
v 0.51415753 -0.60675394 -0.88085794
v 0.45553499 -0.64984798 -0.94561475
v 0.44086036 -0.60429447 -0.93235695
v 0.43071115 -0.55730277 -0.91351771
v 0.36304032 -0.5974766 -0.98285567
v 0.35202553 -0.54907733 -0.95716744
v 0.35502982 -0.49154588 -0.93093818
v 0.27868175 -0.52358132 -0.99653434
v 0.28173667 -0.46832123 -0.96324193
v 0.29313352 -0.40773806 -0.95174706
v 0.20989128 -0.43754228 -1.00320684
v 0.2217303 -0.37872672 -0.98604196
v 0.23283128 -0.31872588 -0.97935378
v 0.14929133 -0.35670271 -1.02092504
v 0.1564477 -0.30067175 -1.00547051
v 0.16242994 -0.24203302 -0.9960379
v 0.07867652 -0.29162299 -1.02647948
v 0.08254439 -0.23357069 -1.01192772
v 0.08448907 -0.17553331 -1.00167548
v 0.00484514 -0.23113139 -1.03272163
v 0.00618203 -0.17233747 -1.02329862
v 0.00733011 -0.11321567 -1.01684665
v -0.07403549 -0.17791777 -1.02683031
v -0.0732262 -0.11740827 -1.02134263
v -0.072193 -0.05700872 -1.01660716
v -0.14971415 -0.1239824 -1.00235188
v -0.14901034 -0.06229044 -0.99804937
v -0.14879044 -0.00105381 -0.99433291
v -0.2238038 -0.06591335 -0.97520023
v -0.22298558 -0.00361012 -0.96989977
v -0.22309738 0.05865692 -0.96549099
v -0.29724133 -0.00498077 -0.94946426
v -0.29641214 0.05797147 -0.94349211
v -0.29689243 0.12126899 -0.94070726
v -0.36703342 0.05773091 -0.91702663
v -0.36659753 0.12164792 -0.91349208
v -0.36650314 0.18601255 -0.9109447
v -0.42983761 0.12133997 -0.87447708
v -0.42981326 0.18586391 -0.87215513
v -0.42885136 0.25034803 -0.86861169
v -0.48698207 0.18479168 -0.82421886
v -0.48831409 0.24897396 -0.82357585
v -0.48891392 0.31291556 -0.82179123
v -0.54306989 0.24758136 -0.77214831
v -0.54540014 0.31103369 -0.77226585
v -0.54756033 0.3741095 -0.77179276
v -0.60219347 0.30985653 -0.72279191
v -0.60376364 0.37261593 -0.72173935
v -0.60584282 0.43514764 -0.72084158
v -0.66061645 0.37201839 -0.67265641
v -0.66247427 0.4345012 -0.67172348
v -0.66415578 0.4970591 -0.67091059
v -0.71233499 0.4343695 -0.6164394
v -0.71369856 0.49704974 -0.61571151
v -0.71357923 0.55971932 -0.61435729
v -0.75518477 0.49626237 -0.554681
v -0.75427788 0.55919784 -0.55281037
v -0.75423115 0.62184149 -0.55236208
v -0.79942607 0.55750066 -0.49527186
v -0.79765921 0.62020212 -0.49367666
v -0.79573172 0.68277883 -0.49293339
v -0.84587121 0.61740475 -0.43952792
v -0.84571439 0.67983704 -0.44023561
v -0.84567642 0.74186694 -0.44336214
v -0.87601703 0.6756705 -0.3746097
v -0.87943893 0.73732751 -0.3785358
v -0.88141048 0.79796099 -0.38257864
v -0.90596646 0.73273646 -0.3099797
v -0.91044735 0.79342216 -0.31541892
v -0.91413378 0.85219985 -0.31987911
v -0.94281542 0.78970843 -0.25059524
v -0.94303774 0.8479349 -0.25326564
v -0.9480195 0.89467459 -0.25644382
v -0.9628824 0.84633368 -0.18492186
v -0.97026842 0.89429062 -0.18950636
v -0.97064095 0.93274408 -0.19189631
v -0.98397338 0.89610201 -0.12123335
v -0.98094826 0.9346835 -0.12381509
v -0.97079002 0.96792697 -0.12437657
v -0.98626607 0.93659716 -0.05565837
v -0.97695374 0.96985876 -0.05838691
v -0.96121436 0.99748653 -0.05875955
v -0.98240625 0.97274553 0.00864959
v -0.96657139 0.99882692 0.00724128
v -0.95030266 1.01961946 0.00738879
v -0.96917063 1.00211358 0.07515722
v -0.95376867 1.02205944 0.07449457
v -0.93620067 1.03677058 0.07431516
v -0.95473849 1.02626597 0.14507839
v -0.93714743 1.04021537 0.14360645
v -0.91723626 1.04811847 0.14260317
v -0.93003171 1.03761577 0.21509616
v -0.91155833 1.04414916 0.21261262
v -0.8947826 1.04052031 0.21001507
v -0.89869189 1.03662884 0.28131327
v -0.88319218 1.03375017 0.27752584
v -0.87203401 1.01969099 0.27350723
v -0.86973369 1.02643632 0.34397169
v -0.85876572 1.01229524 0.33925139
v -0.84990423 0.99559468 0.33457785
v -0.84738755 1.003618 0.40444544
v -0.83923023 0.98711711 0.3997167
v -0.82912361 0.96917516 0.39397639
v -0.81419104 0.9857912 0.46009838
v -0.80408126 0.96777796 0.45434704
v -0.77502143 0.98962998 0.51462692
v -0.76579356 0.9718846 0.50872868
v -0.73151731 0.99119246 0.56779176
v -0.72365003 0.97234064 0.56168925
v -0.68458557 0.98948806 0.61900174
v -0.67648959 0.97007244 0.61184996
v -0.6319586 0.9871748 0.66344988
v -0.62365919 0.96695721 0.65502911
v -0.61322361 0.93984651 0.6412009
v -0.56773293 0.96401953 0.69063878
v -0.55791789 0.9366942 0.67519313
v -0.54374605 0.90569019 0.64842236
v -0.50373661 0.93346017 0.70565307
v -0.49104636 0.9018197 0.67728447
v -0.4733513 0.87778037 0.63908928
v -0.43946874 0.89676642 0.70684236
v -0.42288219 0.87157231 0.66820967
v -0.4021433 0.8551352 0.62136209
v -0.37119934 0.86750793 0.69764393
v -0.35172379 0.85406106 0.64794904
v -0.33159089 0.84622937 0.59161239
v -0.30046883 0.85350787 0.67247271
v -0.28317058 0.84628552 0.61386936
v -0.24810978 0.85534191 0.69287574
v -0.23407101 0.84768468 0.63292855
v -0.19440566 0.85684669 0.709499
v -0.18411043 0.84806275 0.64874279
v -0.14019128 0.85867267 0.72240155
v -0.13366659 0.8493179 0.66083478
v -0.08611605 0.86079305 0.7314679
v -0.08334935 0.85024029 0.66940885
v -0.03295714 0.86008995 0.73630899
v -0.03329281 0.85049128 0.67440301
v 0.02125353 0.85915702 0.73580575
v 0.01738507 0.84946018 0.67549693
v 0.07686322 0.85836774 0.73173701
v 0.02615281 0.87466639 0.78982752
v 0.08433154 0.87582659 0.78334647
v 0.14379896 0.87722688 0.77582955
v 0.09076842 0.90337163 0.82447189
v 0.15060302 0.90504807 0.81731176
v 0.2130827 0.90754818 0.80617708
v 0.20270912 0.88117152 0.76480311
v 0.27564227 0.91195625 0.78458964
v 0.26128107 0.88442629 0.74680244
v 0.3362782 0.91499531 0.75718653
v 0.31935113 0.88715785 0.7214179
v 0.39538019 0.91648083 0.7255637
v 0.37484833 0.88881754 0.69147294
v 0.45076322 0.91576093 0.68875908
v 0.42701911 0.88754057 0.65699482
v 0.50177133 0.91567224 0.64846563
v 0.47714054 0.88715314 0.61809009
v 0.55169367 0.91618865 0.60614472
v 0.52473115 0.88930904 0.5760197
v 0.48871028 0.8747065 0.53818911
v 0.56801211 0.89114737 0.53079366
v 0.52897155 0.8768422 0.49504029
v 0.4840618 0.86876797 0.45525923
v 0.56654709 0.87353974 0.44937446
v 0.51868623 0.86197662 0.41330429
v 0.46863469 0.85222971 0.37613561
v 0.54873257 0.86712831 0.36725086
v 0.49670478 0.85541695 0.33353972
v 0.44430285 0.84282714 0.30050653
v 0.52161121 0.85928279 0.28884747
v 0.46652644 0.84447389 0.25902262
v 0.41259759 0.83441227 0.2303019
v 0.48745638 0.83836829 0.2170384
v 0.431023 0.83122623 0.19060994
v 0.37699291 0.82490015 0.16593159
v 0.44579929 0.83497315 0.1495696
v 0.39061918 0.83049416 0.12730127
v 0.33837607 0.82344979 0.10586074
v 0.40152496 0.83519202 0.08748567
v 0.34959489 0.82749754 0.06785345
v 0.30034697 0.82182914 0.04932072
v 0.25330197 0.81885451 0.0315979
v 0.35890057 0.82699513 0.02919657
v 0.31030511 0.82231718 0.01166177
v 0.26399713 0.81978637 -0.00536333
v 0.31876665 0.82227277 -0.02635534
v 0.27329096 0.8201996 -0.04286686
v 0.23012365 0.81947749 -0.05970796
v 0.21935182 0.81810975 -0.0218941
v 0.20819404 0.81666916 0.01460604
v 0.17625868 0.81725329 -0.03831591
v 0.16458863 0.81556522 -0.00162973
v 0.15191862 0.81331986 0.03401809
v 0.12290162 0.8169505 -0.01751218
v 0.1096918 0.81539946 0.01856825
v 0.09591762 0.81486725 0.05402725
v 0.06894287 0.81681573 0.00365211
v 0.05494302 0.81615454 0.03983819
v 0.0407022 0.81746715 0.07563254
v 0.01484215 0.81417095 0.02609022
v 0.00049063 0.81812518 0.0626887
v -0.01348764 0.82023936 0.09993762
v -0.03926478 0.81779462 0.04990366
v -0.05308814 0.82179945 0.08785793
v -0.07903622 0.81880295 0.03672698
v -0.09272338 0.82202976 0.07530038
v -0.11902663 0.82047253 0.02332945
v -0.13269192 0.82100123 0.0621973
v -0.15968428 0.82247299 0.00940641
v -0.17333491 0.81950259 0.04830366
v -0.20164661 0.81950473 -0.00577479
v -0.21499817 0.81694537 0.03352961
v -0.24501392 0.81646436 -0.0218788
v -0.25824073 0.81401825 0.01787671
v -0.29026272 0.81578815 -0.0391561
v -0.3037205 0.81286543 0.00132659
v -0.33686986 0.82300323 -0.05695056
v -0.35087496 0.81958127 -0.01604994
v -0.38425591 0.83774846 -0.07502479
v -0.39832839 0.83392113 -0.03340421
v -0.4099811 0.83140647 0.00874376
v -0.44845402 0.84673273 -0.05159241
v -0.46042206 0.84271627 -0.00833881
v -0.46894908 0.84421801 0.03525437
v -0.51408064 0.85131222 -0.02576515
v -0.50209325 0.85591989 -0.07082527
v -0.55801683 0.86102747 -0.09004662
v -0.48809 0.85379821 -0.11601313
v -0.5438382 0.85666286 -0.13719688
v -0.60046094 0.86333322 -0.15753786
v -0.52626365 0.8568691 -0.18292915
v -0.5822727 0.86520493 -0.20572459
v -0.63835096 0.87471842 -0.22762937
v -0.56152844 0.86588299 -0.25334373
v -0.61617827 0.87566179 -0.27768552
v -0.66615361 0.89229702 -0.30012336
v -0.59149336 0.87573468 -0.32722851
v -0.63977885 0.89426589 -0.3511497
v -0.68167513 0.92016792 -0.37021252
v -0.61327743 0.8932982 -0.40275257
v -0.65481627 0.91824805 -0.4238736
v -0.68486857 0.95362836 -0.43958449
v -0.62471383 0.91805309 -0.47732323
v -0.65173053 0.9514833 -0.49526056
v -0.6671186 0.97813087 -0.50734859
v -0.61071175 0.95082277 -0.54789125
v -0.62449306 0.97509831 -0.56045961
v -0.63470327 0.99208778 -0.5708298
v -0.57635521 0.97471475 -0.60825741
v -0.5865395 0.99195909 -0.6191259
v -0.59726297 1.00521397 -0.63061833
v -0.53631627 0.99170786 -0.66424298
v -0.54632854 1.00503301 -0.67649418
v -0.55742228 1.01262497 -0.68980687
v -0.49395328 1.0028764 -0.71862465
v -0.50430858 1.01021862 -0.73313576
v -0.51532375 1.01001703 -0.74785089
v -0.44869872 1.00707852 -0.7705906
v -0.4586144 1.00662028 -0.78636747
v -0.46816644 0.99928551 -0.80078399
v -0.39950487 1.00492918 -0.81873756
v -0.40806266 0.99853998 -0.83495718
v -0.41571888 0.98455995 -0.84850537
v -0.34518581 0.99780231 -0.86106079
v -0.35124918 0.98421746 -0.87575852
v -0.35667237 0.96623385 -0.8893463
v -0.28462317 0.98710203 -0.89826303
v -0.28848287 0.96950954 -0.9122473
v -0.29172462 0.94639426 -0.92537081
v -0.21943941 0.9762066 -0.93509244
v -0.22045177 0.9513117 -0.9450134
v -0.22085396 0.92257797 -0.95396024
v -0.14845995 0.95733559 -0.96825832
v -0.14808075 0.92778533 -0.97676354
v -0.14719677 0.89416331 -0.98368221
v -0.07146205 0.92937213 -0.98912215
v -0.06997174 0.89634698 -0.99527853
v -0.06827234 0.85881543 -0.99201935
v 0.00843113 0.89581114 -0.9983747
v 0.00957266 0.85789525 -0.99381959
v 0.00960834 0.8098458 -0.97599905
v 0.0860957 0.85626429 -0.99013036
v 0.0834707 0.80816543 -0.97267764
v 0.07921217 0.7506023 -0.95167565
v 0.15863961 0.80820858 -0.96359658
v 0.15355584 0.75185561 -0.94682139
v 0.14974939 0.68982303 -0.94255852
v 0.22784455 0.75406187 -0.93304723
v 0.2229004 0.69117534 -0.92841202
v 0.22043675 0.62809264 -0.93527501
v 0.29404446 0.69167423 -0.90860879
v 0.28922978 0.62731957 -0.91004592
v 0.28541231 0.5639761 -0.91321682
v 0.35673677 0.62307232 -0.88619583
v 0.35313862 0.55980104 -0.89294242
v 0.34970927 0.49528569 -0.8952701
v 0.42066547 0.54579812 -0.86285704
v 0.41873762 0.48479944 -0.87137216
v 0.41749611 0.42123934 -0.87354338
v 0.48935973 0.46263465 -0.83682256
v 0.48941755 0.40221256 -0.84275573
v 0.49072495 0.33999261 -0.84639447
v 0.56033217 0.38186892 -0.80627799
v 0.56169593 0.3213709 -0.80984371
v 0.5644471 0.2607173 -0.8107739
v 0.62884485 0.3099035 -0.76578015
v 0.63087338 0.25003218 -0.76516699
v 0.63320362 0.18907633 -0.762977
v 0.6847285 0.24349542 -0.7073856
v 0.6874817 0.18247208 -0.70599448
v 0.68979054 0.12027429 -0.70440185
v 0.73729932 0.17854215 -0.64586812
v 0.73968863 0.11646947 -0.64445519
v 0.74033916 0.05388795 -0.64246666
v 0.78847253 0.11518146 -0.58421099
v 0.7888599 0.05235277 -0.58189159
v 0.78842675 -0.01068581 -0.5797106
v 0.83996284 0.05225444 -0.52402901
v 0.84123241 -0.01124061 -0.52294904
v 0.84089136 -0.07469654 -0.5206561
v 0.8905822 -0.00974022 -0.46400639
v 0.89058888 -0.07393441 -0.46147289
v 0.88878983 -0.13697706 -0.45706939
v 0.94196862 -0.07146652 -0.40529057
v 0.93898552 -0.13504055 -0.39945867
v 0.93859154 -0.19796329 -0.39463856
v 0.98119539 -0.12997157 -0.33760875
v 0.98110908 -0.19340801 -0.33263787
v 0.98480737 -0.25681614 -0.32891124
v 1.00351297 -0.18726855 -0.26323673
v 1.00810372 -0.25131309 -0.25859767
v 1.01579833 -0.31487864 -0.25418141
v 1.02503061 -0.24460141 -0.18771491
v 1.03581237 -0.30872833 -0.18304657
v 1.04902279 -0.37286415 -0.17854832
v 1.06350982 -0.29908919 -0.11832267
v 1.080042 -0.36319965 -0.11447063
v 1.10028469 -0.42721691 -0.11106499
v 1.11160481 -0.35033056 -0.0541956
v 1.12960004 -0.41573512 -0.04887905
v 1.14681172 -0.48039642 -0.04070535
v 1.14178347 -0.40222725 0.01760958
v 1.16251587 -0.46485629 0.02482806
v 1.18758213 -0.52720844 0.0312194
v 1.16709876 -0.44272849 0.09489698
v 1.19406807 -0.50496441 0.09789212
v 1.22397887 -0.57313722 0.09635353
v 1.18382585 -0.48375064 0.1704014
v 1.21988713 -0.54706025 0.16639635
v 1.26050829 -0.60924565 0.15845546
v 1.20360887 -0.53027176 0.23736918
v 1.2484616 -0.58789795 0.22687414
v 1.29602456 -0.63852244 0.21536161
v 1.23079872 -0.58060199 0.29465463
v 1.27953255 -0.62756121 0.27856409
v 1.32543575 -0.66928249 0.26272362
v 1.26218783 -0.63197898 0.33655107
v 1.30890214 -0.66950172 0.31608983
v 1.35355579 -0.69857859 0.2971917
v 1.29234552 -0.68089592 0.36339089
v 1.33750104 -0.70523089 0.34185752
v 1.37971782 -0.72851038 0.31983864
v 1.32363283 -0.72066927 0.37776166
v 1.27713847 -0.70035171 0.40202674
v 1.26642763 -0.72351437 0.42708393
v 1.31700658 -0.74040514 0.40387204
v 1.26006281 -0.74655467 0.44317373
v 1.21053087 -0.70632475 0.45042797
v 1.20183372 -0.73369324 0.46424904
v 1.19594371 -0.75694555 0.47178721
v 1.1400609 -0.72339642 0.49119857
v 1.13387453 -0.74980545 0.4966816
v 1.12953186 -0.77303469 0.49707394
v 1.07418096 -0.74521803 0.52936124
v 1.07015752 -0.77076262 0.52691048
v 1.0675714 -0.79437267 0.52463507
v 1.0163536 -0.77157139 0.56498122
v 1.01352071 -0.79636091 0.56118559
v 1.00946617 -0.81798183 0.55488491
v 1.06399762 -0.8156318 0.51892709
v 1.00168681 -0.833736 0.54331982
v 1.05725288 -0.83191543 0.50655484
v 0.99000978 -0.84012073 0.52645683
v 1.04723429 -0.83885151 0.48880496
v 0.97694224 -0.84161073 0.50712704
v 1.03572583 -0.84065663 0.46833947
v 0.96247184 -0.84226661 0.48514673
v 1.02335381 -0.84130561 0.44546768
v 0.94400483 -0.8428381 0.45616132
v 1.00663554 -0.84186571 0.41504403
v 0.9158439 -0.84353447 0.41036206
v 0.9796772 -0.84256875 0.36938989
v 0.88664513 -0.84415984 0.36216831
v 0.95037454 -0.843225 0.32136532
v 1.01584017 -0.84230119 0.28307461
v 0.91822737 -0.84387356 0.27044141
v 0.98224449 -0.84302997 0.23155805
v 1.0458852 -0.84217745 0.19483813
v 0.94599485 -0.84370303 0.17859786
v 1.0074824 -0.8429296 0.14093257
v 1.06711828 -0.84207159 0.10453979
v 0.96692806 -0.84352171 0.08620931
v 1.0238161 -0.84269058 0.04869914
v 1.07627236 -0.84172153 0.01299276
v 0.97755777 -0.8431862 -0.00763198
v 1.02765011 -0.8422268 -0.04445828
v 1.07055771 -0.84126174 -0.07799809
v 0.97744685 -0.84279602 -0.10201875
v 1.01899671 -0.84180367 -0.13643717
v 1.05297982 -0.8408758 -0.16624689
v 0.96776521 -0.84262329 -0.1949974
v 1.0008732 -0.84171789 -0.22487784
v 1.02248001 -0.84104633 -0.24557697
v 0.94815856 -0.84302073 -0.28354528
v 0.96665304 -0.84250867 -0.30120191
v 0.98033928 -0.84207797 -0.31474265
v 0.91142678 -0.84421986 -0.35896357
v 0.9246729 -0.84383565 -0.37158227
v 0.93719792 -0.84342777 -0.3834415
v 0.87241113 -0.8454982 -0.43244931
v 0.88488322 -0.84509289 -0.44382739
v 0.89595753 -0.84441953 -0.4539527
v 0.83671999 -0.84640985 -0.50774961
v 0.84795934 -0.84585303 -0.51793652
v 0.8582955 -0.84459877 -0.52734929
v 0.80073678 -0.8461132 -0.5816257
v 0.81111788 -0.84276825 -0.5911718
v 0.81949001 -0.83446878 -0.5990293
v 0.76207113 -0.8428353 -0.65317052
v 0.77001327 -0.83349549 -0.66086047
v 0.77525061 -0.82031905 -0.6664614
v 0.71774148 -0.8346644 -0.72074997
v 0.72250765 -0.82188886 -0.72635072
v 0.72566682 -0.80675709 -0.73071426
v 0.66587603 -0.82541835 -0.78413373
v 0.66741955 -0.8104338 -0.78719663
v 0.66830313 -0.79198116 -0.78988409
v 0.60666871 -0.81295657 -0.84276187
v 0.60698163 -0.79477196 -0.84459674
v 0.60657101 -0.77128547 -0.84646487
v 0.54501348 -0.79377973 -0.89854389
v 0.54440832 -0.76949852 -0.89962571
v 0.54183703 -0.73993015 -0.89934551
v 0.48145699 -0.76396578 -0.94882488
v 0.47852623 -0.73297679 -0.94986051
v 0.46986195 -0.69367021 -0.94945901
v 0.42100012 -0.72510731 -1.00494003
v 0.40916416 -0.68547809 -1.0075432
v 0.38654083 -0.64206123 -1.00198793
v 0.36882415 -0.72020286 -1.06472396
v 0.42382669 -0.75790441 -1.00009501
v 0.37595498 -0.7534585 -1.05834996
v 0.33224898 -0.75666874 -1.11513984
v 0.31684267 -0.72139996 -1.11895155
v 0.28903949 -0.76132041 -1.16561949
v 0.27495765 -0.72587651 -1.16578805
v 0.23923181 -0.73648738 -1.22021424
v 0.2246811 -0.70170497 -1.22997033
v 0.24807298 -0.76621073 -1.21778583
v 0.21026288 -0.77720737 -1.2733736
v 0.20270761 -0.7530182 -1.27711045
v 0.29666766 -0.78757131 -1.16407871
v 0.25408852 -0.79103785 -1.21641826
v 0.2157485 -0.7988047 -1.27086901
v 0.18079499 -0.81004321 -1.3251698
v 0.17474898 -0.79193097 -1.32718074
v 0.25802797 -0.8119868 -1.21482098
v 0.21910712 -0.81758523 -1.26885724
v 0.18338523 -0.82665824 -1.32294774
v 0.15195319 -0.8367961 -1.37765979
v 0.15080164 -0.82129174 -1.38009142
v 0.2198193 -0.83432227 -1.26619446
v 0.18165685 -0.84177321 -1.31912803
v 0.14706882 -0.8498463 -1.37295305
v 0.11314488 -0.85505497 -1.42679715
v 0.12383869 -0.84736287 -1.43462145
v 0.17306213 -0.85136723 -1.3118031
v 0.1345876 -0.8546521 -1.36479675
v 0.09915092 -0.85668933 -1.41734373
v 0.06197845 -0.857692 -1.46343588
v 0.07315564 -0.85666328 -1.4748398
v 0.12069816 -0.85704928 -1.35613918
v 0.08464203 -0.85775756 -1.40756094
v 0.04841481 -0.85830372 -1.4488604
v 0.00997195 -0.85875839 -1.47754097
v 0.01933952 -0.85831713 -1.49479055
v 0.06892203 -0.85839331 -1.39551758
v 0.03455844 -0.85872387 -1.43304157
v -0.00159091 -0.85914599 -1.45922231
v -0.03539632 -0.859519 -1.47353398
v -0.02779839 -0.85913461 -1.4930278
v 0.01758023 -0.85920822 -1.41550684
v -0.01643909 -0.85958278 -1.43795061
v -0.0486607 -0.85996836 -1.45035314
v -0.07973875 -0.86027699 -1.45813214
v -0.06470561 -0.85982215 -1.47987437
v -0.04063897 -0.86013883 -1.41149687
v -0.07430774 -0.86048728 -1.42590856
v -0.10440687 -0.86076325 -1.43667566
v -0.12528818 -0.86078703 -1.4461615
v -0.10489001 -0.8610906 -1.40046823
v -0.13009902 -0.86126351 -1.41166675
v -0.15068763 -0.86128729 -1.42186594
v -0.16838762 -0.86096477 -1.43190515
v -0.14271824 -0.86052376 -1.45697522
v -0.15927396 -0.86184746 -1.3836379
v -0.17846609 -0.86180436 -1.39249479
v -0.19604022 -0.86140531 -1.4018166
v -0.2126193 -0.86004781 -1.41095793
v -0.18353521 -0.85928547 -1.44204354
v -0.20900803 -0.86245483 -1.35714161
v -0.22647666 -0.86202669 -1.36589682
v -0.24320854 -0.86059469 -1.37477088
v -0.25451129 -0.85280144 -1.38082969
v -0.22730201 -0.85534054 -1.41981458
v -0.25886887 -0.8627007 -1.32413816
v -0.27442854 -0.86008596 -1.33243072
v -0.28361728 -0.84939169 -1.33706605
v -0.2835662 -0.83180213 -1.33696377
v -0.25864327 -0.83603179 -1.38205933
v -0.3076612 -0.85832136 -1.28647148
v -0.3135451 -0.84490102 -1.2904818
v -0.31220749 -0.82690733 -1.29040336
v -0.30654078 -0.80848014 -1.28813266
v -0.27794048 -0.81357497 -1.33386755
v -0.34774443 -0.84149122 -1.24308049
v -0.34552604 -0.82321053 -1.2429732
v -0.34086081 -0.80335915 -1.24228453
v -0.3333047 -0.78082317 -1.24060368
v -0.29838472 -0.7883985 -1.28514468
v -0.38313856 -0.82006275 -1.1954962
v -0.37901207 -0.79840433 -1.19564414
v -0.37194576 -0.77254194 -1.19509911
v -0.35723042 -0.74242353 -1.19367492
v -0.31937924 -0.75549596 -1.23765111
v -0.41962203 -0.79315781 -1.14925897
v -0.41233381 -0.76443487 -1.14957511
v -0.39701682 -0.73033833 -1.14921689
v -0.36940795 -0.69466608 -1.14689779
v -0.33257305 -0.71171897 -1.19087195
v -0.45310553 -0.75828892 -1.10130786
v -0.43626692 -0.72296696 -1.10033154
v -0.40916007 -0.6857751 -1.09717476
v -0.37095907 -0.64586025 -1.09293437
v -0.33118355 -0.66260701 -1.14180505
v -0.47871622 -0.71903783 -1.04901957
v -0.45410248 -0.68122744 -1.04518175
v -0.41893196 -0.63676941 -1.03821992
v -0.50414949 -0.67765009 -0.9941346
v -0.4738343 -0.62897634 -0.98568421
v -0.4394899 -0.57563006 -0.97462642
v -0.41114401 -0.51908433 -0.96578508
v -0.53191059 -0.62209272 -0.93644386
v -0.50582462 -0.56680512 -0.9277085
v -0.48417526 -0.50948524 -0.92025482
v -0.46773746 -0.45061337 -0.91281861
v -0.39262014 -0.45841097 -0.95619881
v -0.56994694 -0.56252104 -0.87961518
v -0.55367195 -0.50430262 -0.87509238
v -0.53985613 -0.44509699 -0.86990761
v -0.52865368 -0.38500255 -0.86439579
v -0.45653247 -0.38950184 -0.90651345
v -0.61683273 -0.50331842 -0.82479912
v -0.60526877 -0.44349253 -0.82121092
v -0.59422606 -0.38336804 -0.81571501
v -0.58442473 -0.32258096 -0.81024372
v -0.51902979 -0.32387787 -0.85839301
v -0.66837269 -0.44481122 -0.77146989
v -0.65765464 -0.38433507 -0.76631546
v -0.6463986 -0.32353258 -0.75955832
v -0.63612735 -0.26202738 -0.75374889
v -0.57623815 -0.26087105 -0.80602574
v -0.71823948 -0.38730493 -0.71476137
v -0.70824676 -0.32576957 -0.71035164
v -0.69729024 -0.26395711 -0.70456945
v -0.68732017 -0.20165926 -0.69902515
v -0.62795221 -0.19972641 -0.74955397
v -0.76258111 -0.32997968 -0.65424078
v -0.7558757 -0.26707947 -0.65387743
v -0.74881511 -0.20362958 -0.65249419
v -0.7390393 -0.14026108 -0.64753484
v -0.67890936 -0.13860689 -0.69478696
v -0.80044728 -0.27091988 -0.59059464
v -0.79543733 -0.20703481 -0.59212338
v -0.78896665 -0.14314393 -0.59165722
v -0.78051614 -0.07928384 -0.58903098
v -0.72979944 -0.07662792 -0.64289027
v -0.83286434 -0.2102755 -0.5249592
v -0.82344508 -0.14672242 -0.52420067
v -0.81612271 -0.0829833 -0.52354657
v -0.81215584 -0.01882078 -0.52358663
v -0.77397286 -0.01520885 -0.58640205
v -0.86320281 -0.14875564 -0.45991814
v -0.85038411 -0.08580038 -0.45710009
v -0.84149593 -0.0222867 -0.45550975
v -0.83767503 0.04157875 -0.45528307
v -0.80965971 0.04545873 -0.5235812
v -0.88652497 -0.08770823 -0.39153489
v -0.87643009 -0.02458845 -0.38948184
v -0.86883795 0.03855095 -0.38772681
v -0.86462789 0.10186719 -0.38648542
v -0.83684337 0.10556928 -0.45489877
v -0.90357852 -0.02717135 -0.32050907
v -0.8987174 0.03619734 -0.31994164
v -0.89583218 0.09927699 -0.31932142
v -0.89427828 0.16238777 -0.31913268
v -0.86239153 0.16526921 -0.38491392
v -0.90955776 0.03311376 -0.24700139
v -0.90513002 0.09640417 -0.24638168
v -0.90502405 0.15980102 -0.24588939
v -0.90896374 0.22314687 -0.2451772
v -0.89336401 0.22577999 -0.31667646
v -0.9191131 0.09452084 -0.1735346
v -0.91527622 0.15805684 -0.17267665
v -0.91771411 0.22165523 -0.17220892
v -0.92266398 0.28533473 -0.17161801
v -0.91409176 0.28669944 -0.24426218
v -0.93965786 0.15688934 -0.10308175
v -0.93874925 0.22033232 -0.10211489
v -0.94171536 0.28450834 -0.1013445
v -0.94401109 0.3487277 -0.09980282
v -0.93000119 0.34899964 -0.17109151
v -0.96575754 0.21951606 -0.03457918
v -0.96719574 0.28392234 -0.03353989
v -0.96826887 0.34903049 -0.03143478
v -0.96751684 0.41352441 -0.02875305
v -0.94394052 0.41245612 -0.09802016
v -0.98141473 0.28393361 0.0362957
v -0.98412317 0.34966063 0.03826634
v -0.98625028 0.41509214 0.04139579
v -0.98487961 0.47891631 0.04366149
v -0.9647603 0.47666442 -0.02683289
v -0.99511092 0.34956413 0.10824358
v -0.99823969 0.41498419 0.11258287
v -0.99704951 0.48020926 0.11621101
v -0.99542868 0.54480963 0.11587847
v -0.98382449 0.54141217 0.04317631
v -0.9952864 0.41414013 0.18393984
v -0.99805963 0.48119312 0.18716919
v -0.9954397 0.5490517 0.18636761
v -0.9897896 0.61552792 0.17987845
v -0.9903748 0.60881692 0.11064519
v -0.97615593 0.48269549 0.25279259
v -0.97503799 0.5512228 0.25143864
v -0.97000122 0.61949932 0.24606725
v -0.96440649 0.68473994 0.23907217
v -0.98295652 0.68047529 0.17177538
v -0.9471969 0.55218809 0.31425884
v -0.94016635 0.62022161 0.30831596
v -0.93302208 0.68649637 0.30138996
v -0.92695003 0.75063043 0.29453638
v -0.95687723 0.74763041 0.23150903
v -0.91664832 0.62143063 0.37194955
v -0.90801399 0.68814092 0.36509871
v -0.90164345 0.75328189 0.35936325
v -0.9066531 0.8149842 0.35731238
v -0.93111407 0.81185466 0.29165792
v -0.89059871 0.69053286 0.43096619
v -0.88673651 0.75506907 0.42672058
v -0.89212691 0.81504935 0.42617791
v -0.90724152 0.86627095 0.42896857
v -0.92395085 0.86769384 0.35892039
v -0.86172795 0.75687676 0.4901064
v -0.86898249 0.81589901 0.49232319
v -0.88195085 0.86557304 0.49767193
v -0.891671 0.9048779 0.50204736
v -0.91955339 0.90662747 0.43195074
v -0.83146727 0.81869304 0.55229783
v -0.84105116 0.86858886 0.55834752
v -0.84897321 0.90577203 0.56333202
v -0.85190844 0.93709236 0.56490576
v -0.89385175 0.93729472 0.50310868
v -0.79409498 0.87277329 0.61553323
v -0.80045878 0.9088332 0.6200608
v -0.80324232 0.93880862 0.62168198
v -0.80141305 0.96590143 0.62071293
v -0.8491007 0.96515119 0.56288904
v -0.74980926 0.911991 0.67673212
v -0.75158506 0.94092863 0.67870611
v -0.749758 0.96739244 0.67775207
v -0.7444362 0.99004781 0.67413991
v -0.79514139 0.98869413 0.61694753
v -0.69312918 0.94125878 0.7289257
v -0.69099634 0.96728527 0.72781425
v -0.68598997 0.98905277 0.72346967
v -0.6785022 1.00514495 0.71586978
v -0.73666471 1.00722897 0.66778749
v -0.62829858 0.96590316 0.77118587
v -0.62387538 0.98735672 0.76625788
v -0.61733037 1.00328671 0.75833207
v -0.60954648 1.01557445 0.74834734
v -0.66971677 1.01650905 0.70657604
v -0.56155443 0.98373198 0.80533903
v -0.5558924 0.99981802 0.7968207
v -0.54876756 1.01289296 0.78609722
v -0.54075312 1.01743185 0.77351784
v -0.6005764 1.01955938 0.73609173
v -0.4954499 0.99584555 0.83383405
v -0.4893209 1.00797426 0.82192117
v -0.48257607 1.01253068 0.80855959
v -0.47547018 1.0068326 0.7939676
v -0.53268951 1.01029181 0.75972926
v -0.42946663 1.0081979 0.85701251
v -0.42339611 1.01385998 0.84185862
v -0.41704335 1.00705301 0.82647919
v -0.41143515 0.99474924 0.81217211
v -0.46905145 0.99521946 0.78034186
v -0.35904067 1.01437258 0.87132006
v -0.35410851 1.00871694 0.85461556
v -0.35008525 0.99553632 0.83985561
v -0.34688687 0.97800248 0.8262335
v -0.40671613 0.97728329 0.79887193
v -0.28819751 1.00706625 0.87802147
v -0.28592139 0.99473637 0.863204
v -0.2843219 0.97811025 0.84930187
v -0.28309333 0.95729059 0.83541619
v -0.34407809 0.95621419 0.81248325
v -0.22043579 0.99402791 0.88169825
v -0.21995285 0.97861522 0.86782252
v -0.21997027 0.95913076 0.85396754
v -0.21832941 0.9321745 0.83526676
v -0.2801297 0.92938244 0.8166995
v -0.15427194 0.97908687 0.88269072
v -0.15574312 0.96017187 0.86860257
v -0.15612983 0.9345321 0.85030591
v -0.1528299 0.90123885 0.81958317
v -0.21276579 0.8987993 0.80440247
v -0.09132924 0.95794916 0.87939804
v -0.09261483 0.93459934 0.86191397
v -0.09166821 0.90312647 0.83056128
v -0.08878876 0.8774563 0.78687304
v -0.1464841 0.87481308 0.77669847
v -0.02771766 0.93410503 0.86710846
v -0.02931579 0.90223038 0.83608001
v -0.03117624 0.87643688 0.79177558
v 0.03187476 0.90164756 0.83346033
v 0.03555791 0.93608582 0.863213
v 0.09542103 0.93882483 0.85523319
v 0.03660336 0.95906347 0.87898528
v 0.097309 0.96267396 0.87134015
v 0.15946896 0.96189993 0.8621785
v 0.15577261 0.93902498 0.84702879
v 0.22406095 0.95920014 0.84799403
v 0.2199576 0.93793487 0.83349216
v 0.28807759 0.96318602 0.82360762
v 0.28395879 0.94204491 0.80895394
v 0.35205137 0.96730566 0.79578292
v 0.34654396 0.94576817 0.78096526
v 0.41566479 0.97036957 0.76369661
v 0.40855568 0.9478544 0.74897754
v 0.47577405 0.97325754 0.72553414
v 0.46702528 0.94895064 0.71129512
v 0.53034567 0.97589308 0.68301796
v 0.51973837 0.94952744 0.66992652
v 0.58131545 0.97526532 0.63713091
v 0.57032787 0.95030897 0.62673205
v 0.6292923 0.97386306 0.58669334
v 0.61828655 0.95048606 0.57757443
v 0.59819394 0.91712147 0.55911928
v 0.6609959 0.95074844 0.52438151
v 0.6397739 0.91772383 0.50716495
v 0.60811108 0.89074081 0.48170375
v 0.67823308 0.91862857 0.45434647
v 0.64421397 0.8915047 0.4299592
v 0.59927409 0.87708938 0.4001556
v 0.67637282 0.8928312 0.3777824
v 0.62907367 0.87863111 0.34992632
v 0.57615196 0.86910247 0.31961354
v 0.65576273 0.87666279 0.29870644
v 0.60039436 0.86593461 0.2714315
v 0.54407143 0.85238754 0.24423331
v 0.62064409 0.86503982 0.22196137
v 0.56209915 0.85217875 0.19787047
v 0.5037173 0.8405959 0.17343547
v 0.57611572 0.85466039 0.15079301
v 0.5159983 0.84533131 0.12937983
v 0.45716455 0.84125071 0.10811597
v 0.52508324 0.84674727 0.08486487
v 0.46599531 0.8426823 0.06589715
v 0.41041034 0.83589452 0.04723767
v 0.47227507 0.83962208 0.02396163
v 0.41688472 0.83247345 0.00696467
v 0.36643603 0.82549119 -0.00964939
v 0.42101734 0.83060401 -0.03286099
v 0.37187957 0.82485544 -0.04859529
v 0.32576471 0.82163494 -0.06461518
v 0.37552812 0.82497006 -0.08722192
v 0.33191555 0.82252544 -0.10301212
v 0.29205897 0.82207328 -0.12016284
v 0.28171527 0.8205859 -0.0807075
v 0.25512453 0.82272225 -0.13862638
v 0.24135504 0.82099342 -0.09831946
v 0.22090321 0.82126259 -0.15799506
v 0.20342743 0.82108688 -0.11643791
v 0.1891388 0.81909424 -0.0767086
v 0.16792406 0.82046753 -0.13462463
v 0.15113291 0.81843513 -0.09408098
v 0.13619545 0.8169353 -0.05502558
v 0.11454112 0.81749641 -0.11077584
v 0.0979229 0.81605458 -0.07126136
v 0.0829709 0.81784343 -0.03320741
v 0.06041388 0.8148626 -0.08692664
v 0.04443443 0.81399798 -0.04838027
v 0.02927657 0.81390917 -0.01079317
v 0.00595558 0.81368571 -0.06299524
v -0.00996308 0.81144464 -0.02508483
v -0.02508259 0.81170159 0.0124549
v -0.04926272 0.81622469 -0.03909454
v -0.06472894 0.81420731 -0.00141321
v -0.08868058 0.82500714 -0.05236963
v -0.10455112 0.82057827 -0.0149082
v -0.12922602 0.82981896 -0.06660304
v -0.14500014 0.82628649 -0.02884435
v -0.17083239 0.82521992 -0.08225758
v -0.18697471 0.82358288 -0.04429987
v -0.21378111 0.82534563 -0.09886501
v -0.23026192 0.82164728 -0.06076372
v -0.25813952 0.82620036 -0.11674481
v -0.2750878 0.82077127 -0.07845318
v -0.30386999 0.82937467 -0.13600382
v -0.32132989 0.82626736 -0.09683588
v -0.35097158 0.83647149 -0.15656213
v -0.36883875 0.83646798 -0.11631013
v -0.40062442 0.84389668 -0.17905156
v -0.41907021 0.84421736 -0.13768719
v -0.4348734 0.84679734 -0.09505303
v -0.47167727 0.85145479 -0.16020888
v -0.45267808 0.85060161 -0.20325563
v -0.50673383 0.85681092 -0.22837448
v -0.43116033 0.8519274 -0.24471381
v -0.48468217 0.85671442 -0.27241405
v -0.53862571 0.86390602 -0.30028072
v -0.46006056 0.85905247 -0.31424883
v -0.51307493 0.86415487 -0.34521055
v -0.56502056 0.87571513 -0.37565562
v -0.48561176 0.86489856 -0.38736054
v -0.53561818 0.87989318 -0.42083057
v -0.58390587 0.89320606 -0.45287278
v -0.50362676 0.88150143 -0.4625605
v -0.54987782 0.89441382 -0.49950286
v -0.58660429 0.91940784 -0.52768421
v -0.51000243 0.89407259 -0.54049503
v -0.54257625 0.91892564 -0.57313454
v -0.56417232 0.95112389 -0.59543782
v -0.49585732 0.91691958 -0.61360281
v -0.5155822 0.94986808 -0.63863974
v -0.52663666 0.97363627 -0.65255075
v -0.46558818 0.94692075 -0.67770087
v -0.47543993 0.97108829 -0.69235408
v -0.48445779 0.98973608 -0.70522934
v -0.42229282 0.96862822 -0.72733688
v -0.4303644 0.98714798 -0.74061739
v -0.4390608 1.00040257 -0.75496894
v -0.37472927 0.98466068 -0.77144599
v -0.3823201 0.99788057 -0.78574562
v -0.39082706 1.00462257 -0.8019737
v -0.32341757 0.99698543 -0.81224477
v -0.33074918 1.0044198 -0.82778632
v -0.33818116 1.00484728 -0.84468495
v -0.26829984 1.00779736 -0.85068154
v -0.27488863 1.00853335 -0.86765772
v -0.28038135 1.00026094 -0.88372105
v -0.20878537 1.01614725 -0.88942003
v -0.21406593 1.00963413 -0.90724539
v -0.21756126 0.99606281 -0.92275703
v -0.14329236 1.0163896 -0.92779469
v -0.14606162 1.00263047 -0.94396758
v -0.14774549 0.98254287 -0.95731991
v -0.07092794 1.00312519 -0.95621132
v -0.07190477 0.98342794 -0.9695366
v -0.07213426 0.95856684 -0.98017954
v 0.0050316 0.98255044 -0.975102
v 0.00559094 0.95783633 -0.98492306
v 0.00675453 0.9289993 -0.99335926
v 0.08287952 0.95597893 -0.98015266
v 0.08460654 0.92732328 -0.98861336
v 0.08619022 0.8937782 -0.9939211
v 0.16043524 0.92687898 -0.97584307
v 0.16266691 0.89354473 -0.98144447
v 0.16234578 0.85545432 -0.97806149
v 0.23787939 0.89642316 -0.96269035
v 0.23762686 0.85896545 -0.95819753
v 0.23414064 0.81069129 -0.94739645
v 0.31555292 0.86303597 -0.94136309
v 0.31059253 0.81255894 -0.93140167
v 0.30185881 0.75493383 -0.91678297
v 0.38648632 0.80957865 -0.9083867
v 0.37359702 0.74964541 -0.89504742
v 0.36231136 0.68748617 -0.88587802
v 0.44026786 0.73499465 -0.86118423
v 0.42736008 0.67395812 -0.85125625
v 0.4222604 0.60883194 -0.85318994
v 0.49508515 0.65066891 -0.81816136
v 0.49074661 0.58685278 -0.82045602
v 0.48998686 0.52367663 -0.82873123
v 0.55743724 0.5677073 -0.78465813
v 0.55708819 0.50404381 -0.79149514
v 0.55846107 0.4417133 -0.79918986
v 0.61847001 0.49229627 -0.74892795
v 0.62186837 0.43051761 -0.75612777
v 0.625952 0.36995291 -0.76299512
v 0.67505681 0.42416262 -0.70262157
v 0.67876023 0.36381837 -0.70643508
v 0.68242764 0.30397248 -0.70824235
v 0.72787463 0.3603717 -0.6468203
v 0.73134893 0.30016696 -0.64783453
v 0.73445606 0.23981842 -0.64719092
v 0.78208541 0.2993277 -0.58929336
v 0.78461432 0.23871512 -0.58791327
v 0.78685069 0.17730954 -0.58613073
v 0.83609086 0.23987898 -0.53051739
v 0.83726894 0.17808984 -0.52784669
v 0.83862978 0.11548784 -0.52566176
v 0.88631635 0.18118429 -0.46933177
v 0.88814777 0.11793641 -0.46800819
v 0.88972151 0.0539315 -0.46599501
v 0.93782222 0.12301112 -0.41161504
v 0.9398812 0.05862783 -0.41033133
v 0.94086402 -0.006342 -0.40768733
v 0.97776317 0.06539329 -0.34723895
v 0.98042464 -0.00003999 -0.34608754
v 0.98171234 -0.06549362 -0.342763
v 0.99942123 0.00735088 -0.27504107
v 1.00134646 -0.05751829 -0.27244591
v 1.00164258 -0.12259669 -0.26814907
v 1.01390183 -0.05023569 -0.2008049
v 1.01548802 -0.11527284 -0.19740653
v 1.0185132 -0.1801911 -0.19281196
v 1.04083013 -0.10710011 -0.13068462
v 1.0445342 -0.17126521 -0.12681144
v 1.05193936 -0.23493982 -0.1223938
v 1.07276082 -0.16056488 -0.06188967
v 1.08101725 -0.22331412 -0.05915877
v 1.09291815 -0.28655374 -0.05685146
v 1.08998787 -0.21338667 0.0098481
v 1.10312748 -0.27549621 0.01030827
v 1.12211275 -0.33751356 0.01182244
v 1.09400236 -0.26684567 0.08183303
v 1.1134628 -0.32599887 0.08265338
v 1.13860046 -0.38449889 0.08738382
v 1.08831715 -0.31922981 0.15761441
v 1.11742389 -0.37139865 0.1621897
v 1.15070462 -0.42437529 0.16822882
v 1.0833354 -0.37018874 0.23713247
v 1.1218872 -0.41715207 0.24219533
v 1.16232919 -0.47164437 0.24285942
v 1.08695757 -0.427354 0.31571465
v 1.13394165 -0.47560057 0.31462577
v 1.18007457 -0.52792066 0.30640292
v 1.10902214 -0.49821844 0.38796094
v 1.15803349 -0.54475069 0.37386101
v 1.21117174 -0.58943653 0.35640597
v 1.18948578 -0.61576104 0.41019389
v 1.24373734 -0.65027946 0.38642144
v 1.16680944 -0.65386515 0.45363718
v 1.22514295 -0.67719048 0.4260928
v 1.15030705 -0.69161337 0.47895181
v 1.08053159 -0.71394574 0.52965366
v 1.02387285 -0.707928 0.57270938
v 1.02009487 -0.74316024 0.56893062
v 0.9729309 -0.70761394 0.61748778
v 0.96997666 -0.74447274 0.61341881
v 0.96610391 -0.77479404 0.60901135
v 0.91476261 -0.74933701 0.66498553
v 0.91088384 -0.77957922 0.65890747
v 0.90613031 -0.80353844 0.65260899
v 0.96208083 -0.79983884 0.60412204
v 0.89990162 -0.82327306 0.64475828
v 0.95633852 -0.82051444 0.59713089
v 0.89003229 -0.83737397 0.63247609
v 0.9471727 -0.8355332 0.58569747
v 0.87704855 -0.84251892 0.61613297
v 0.9345709 -0.84114188 0.56938552
v 0.86250591 -0.84361887 0.59742581
v 0.92028611 -0.84257316 0.55073958
v 0.84621477 -0.84429204 0.57579857
v 0.90469139 -0.84323018 0.52978116
v 0.823619 -0.84495735 0.54366076
v 0.88372618 -0.84384876 0.49948576
v 0.79322981 -0.84565115 0.49654698
v 0.85409712 -0.84454488 0.45309311
v 0.76322639 -0.84624171 0.44661563
v 0.82440334 -0.84515619 0.40398448
v 0.73285251 -0.84682595 0.39363244
v 0.79359388 -0.84576207 0.35186412
v 0.85528081 -0.84477973 0.3105449
v 0.76208066 -0.84641242 0.29821059
v 0.82267719 -0.8454144 0.25749993
v 0.88413834 -0.84451127 0.21748855
v 0.78871977 -0.84613758 0.20337447
v 0.84826946 -0.84517884 0.16371433
v 0.90773797 -0.844334 0.12464529
v 0.81049233 -0.84599536 0.10878767
v 0.86740726 -0.84499514 0.06969429
v 0.92339193 -0.84408378 0.03079392
v 0.82515084 -0.84589821 0.01369828
v 0.87835311 -0.84480792 -0.02530325
v 0.92964673 -0.84378445 -0.06420156
v 0.83166146 -0.84584659 -0.08246941
v 0.88064974 -0.84470176 -0.12141426
v 0.92674368 -0.84363889 -0.15965662
v 0.83066177 -0.84595674 -0.17997267
v 0.87516647 -0.84486198 -0.21806363
v 0.91519707 -0.84387421 -0.25350955
v 0.82304042 -0.84632861 -0.27768096
v 0.86156231 -0.84542298 -0.3125337
v 0.8945809 -0.84464186 -0.34307849
v 0.80847072 -0.84698402 -0.37336179
v 0.84176015 -0.84626156 -0.40424156
v 0.85921055 -0.8458606 -0.42041441
v 0.79085022 -0.84763938 -0.46632915
v 0.810364 -0.84719854 -0.48423034
v 0.82420748 -0.84682583 -0.49655419
v 0.76228207 -0.84827268 -0.54686957
v 0.77654451 -0.84780806 -0.55980342
v 0.78932166 -0.84721589 -0.5712282
v 0.72690743 -0.8489502 -0.62025517
v 0.73993939 -0.84827452 -0.63234841
v 0.75160533 -0.84703648 -0.64327883
v 0.68895179 -0.84994065 -0.69233191
v 0.7005307 -0.84885639 -0.70348382
v 0.71057546 -0.84438896 -0.71331912
v 0.64636194 -0.85081619 -0.7622146
v 0.65602183 -0.84717947 -0.77219665
v 0.66308736 -0.83872532 -0.78003263
v 0.59752774 -0.84923636 -0.83012193
v 0.60384368 -0.84126526 -0.8376488
v 0.60589826 -0.82782977 -0.84078949
v 0.54035246 -0.8401497 -0.89065694
v 0.54262125 -0.82708501 -0.89381617
v 0.54433661 -0.8124175 -0.89652669
v 0.47901204 -0.82403683 -0.94162404
v 0.48097744 -0.80883455 -0.94483625
v 0.48183575 -0.78937393 -0.94727492
v 0.42248541 -0.80508941 -0.99195992
v 0.42379701 -0.78470027 -0.99591445
v 0.37460395 -0.80402749 -1.04275023
v 0.37623634 -0.78299176 -1.04951262
v 0.33540046 -0.80650925 -1.09988391
v 0.33699253 -0.78502023 -1.10696995
v 0.29795944 -0.80939197 -1.15936911
v 0.33320599 -0.82335472 -1.09359657
v 0.29611247 -0.82704532 -1.15345966
v 0.25855347 -0.82971721 -1.21162855
v 0.29200854 -0.8411203 -1.14675867
v 0.25263363 -0.8432908 -1.20454978
v 0.21299691 -0.84656316 -1.25910258
v 0.24352428 -0.85224354 -1.19566035
v 0.20238651 -0.85399061 -1.24986672
v 0.16056366 -0.85578829 -1.30235374
v 0.18928322 -0.85666531 -1.23911619
v 0.14660976 -0.8574596 -1.29209959
v 0.10550353 -0.85805368 -1.34636664
v 0.1309399 -0.85814487 -1.28086566
v 0.08882939 -0.85857337 -1.3351649
v 0.05104951 -0.85890942 -1.38168954
v 0.06923373 -0.85905331 -1.32021212
v 0.02858987 -0.85942292 -1.36216497
v -0.00782396 -0.85979628 -1.39128613
v -0.0021747 -0.86007732 -1.33312225
v -0.03849738 -0.86043918 -1.36129355
v -0.07298874 -0.86078923 -1.38366413
v -0.07063315 -0.86111235 -1.32936549
v -0.10441415 -0.86145651 -1.3532263
v -0.13611815 -0.86173355 -1.37278151
v -0.13962973 -0.86222404 -1.31735801
v -0.17076018 -0.86252623 -1.33706176
v -0.19099578 -0.86259597 -1.34816527
v -0.20605343 -0.86335593 -1.29436075
v -0.22544148 -0.86344587 -1.30615401
v -0.24260856 -0.86330032 -1.315364
v -0.26253986 -0.86429345 -1.25817465
v -0.27921447 -0.86403399 -1.26871848
v -0.29415658 -0.86241304 -1.27802467
v -0.31809765 -0.86464059 -1.22067117
v -0.33221834 -0.86246383 -1.23089003
v -0.34413144 -0.85649365 -1.23979413
v -0.37178373 -0.86285793 -1.18305385
v -0.38311243 -0.85590606 -1.19207358
v -0.3857246 -0.83968961 -1.19514119
v -0.42076882 -0.85348409 -1.14172005
v -0.42425566 -0.83672142 -1.14643979
v -0.42315948 -0.81669402 -1.14832556
v -0.45965346 -0.83384752 -1.0935707
v -0.46151512 -0.81409066 -1.09761261
v -0.46019619 -0.78928709 -1.10037171
v -0.49901625 -0.81234282 -1.04555118
v -0.49913924 -0.78699028 -1.04889166
v -0.49382498 -0.75507378 -1.05038011
v -0.54338574 -0.78643876 -0.99950015
v -0.53948855 -0.75422418 -1.00080192
v -0.52672421 -0.71781939 -0.999309
v -0.58897292 -0.7543708 -0.95186293
v -0.57779949 -0.71714288 -0.95025742
v -0.55801248 -0.673756 -0.94550585
v -0.63001865 -0.71739089 -0.90037089
v -0.61255359 -0.67167764 -0.89462286
v -0.59001928 -0.61858063 -0.8859269
v -0.66835719 -0.67205017 -0.84239572
v -0.64857834 -0.61817622 -0.83457803
v -0.63105607 -0.56194686 -0.82880145
v -0.7028045 -0.6217727 -0.7780202
v -0.68692767 -0.56474345 -0.77300959
v -0.67738312 -0.50511288 -0.77283722
v -0.73499333 -0.57003343 -0.71053743
v -0.72712987 -0.50972449 -0.71091955
v -0.72380411 -0.44872087 -0.7141608
v -0.77439898 -0.5143575 -0.64629584
v -0.76912349 -0.45337602 -0.64841288
v -0.76716607 -0.39197975 -0.65231937
v -0.81976532 -0.45687782 -0.58565133
v -0.81264263 -0.39549443 -0.58668911
v -0.80526435 -0.33381304 -0.58820182
v -0.86676681 -0.39786717 -0.52768391
v -0.85386586 -0.33606827 -0.52596217
v -0.84071213 -0.27407559 -0.52378934
v -0.90284431 -0.33791214 -0.46421974
v -0.88986992 -0.2748872 -0.46380883
v -0.87670373 -0.2119115 -0.46218058
v -0.91771757 -0.27942499 -0.39160788
v -0.90818929 -0.21519537 -0.39298516
v -0.89827269 -0.1511076 -0.39326098
v -0.92796331 -0.21987995 -0.31904241
v -0.91849172 -0.15524034 -0.32057181
v -0.91003954 -0.09097019 -0.32089805
v -0.93574708 -0.15808579 -0.24771165
v -0.92507064 -0.09398359 -0.24791486
v -0.91569286 -0.03039168 -0.24744336
v -0.94551181 -0.09501168 -0.1763494
v -0.93512058 -0.03165862 -0.17571249
v -0.92633366 0.0314727 -0.17471283
v -0.95956766 -0.03132753 -0.10570132
v -0.95214873 0.03167434 -0.10526502
v -0.94493675 0.09422177 -0.10437311
v -0.9699735 0.03257079 -0.03297884
v -0.96677589 0.09463374 -0.03378849
v -0.96451973 0.15661193 -0.03437474
v -0.96670842 0.09623529 0.04185353
v -0.9692496 0.15800251 0.03889796
v -0.97661495 0.21994349 0.03667697
v -0.98546052 0.16004054 0.11152914
v -0.98880225 0.22152911 0.10846115
v -0.99068665 0.28463995 0.10666556
v -0.98459243 0.22633476 0.18274897
v -0.98668652 0.28758776 0.17919136
v -0.99046999 0.34950834 0.18003581
v -0.96269363 0.29071068 0.25201934
v -0.96782666 0.35190677 0.2510814
v -0.97229343 0.41590869 0.25150108
v -0.94696569 0.35411369 0.32194247
v -0.94773906 0.41798189 0.31898313
v -0.94953149 0.4841896 0.31743958
v -0.92660546 0.41916897 0.38714212
v -0.92792677 0.48574325 0.38357812
v -0.92430585 0.55365312 0.37856543
v -0.90118414 0.48706209 0.44696041
v -0.90072965 0.55538052 0.44236263
v -0.89736211 0.62369948 0.43696212
v -0.86735785 0.55761647 0.50057828
v -0.86652684 0.62589561 0.49665868
v -0.86184084 0.69270861 0.4918302
v -0.82558077 0.62940281 0.54979437
v -0.8235774 0.69604486 0.54741013
v -0.82452786 0.75995409 0.547737
v -0.77759659 0.70071625 0.5979644
v -0.77888512 0.76410746 0.6001985
v -0.78554689 0.82230019 0.60764205
v -0.72443687 0.76937359 0.64452588
v -0.73345631 0.82629102 0.65750515
v -0.74339968 0.875714 0.66981732
v -0.67589575 0.83039265 0.70165568
v -0.68504303 0.87778496 0.71599406
v -0.6908977 0.91234087 0.72487294
v -0.62242162 0.87885153 0.75681722
v -0.62753838 0.9118011 0.76660221
v -0.6299209 0.9401701 0.77186501
v -0.56573015 0.90960913 0.80808627
v -0.56756895 0.93753916 0.81305158
v -0.56552171 0.96273964 0.81120461
v -0.50512063 0.933187 0.85335391
v -0.50385415 0.95867419 0.85103243
v -0.50032502 0.97944617 0.84383863
v -0.44097435 0.95677059 0.88892054
v -0.43858987 0.97862374 0.88152343
v -0.43466851 0.995839 0.87049955
v -0.37111744 0.97786665 0.91157555
v -0.36793622 0.99491107 0.90057611
v -0.36376366 1.00774908 0.8868432
v -0.29761061 0.99250823 0.924236
v -0.29467961 1.00521934 0.91058296
v -0.29140138 1.0114212 0.89473342
v -0.2251275 1.00120449 0.92923313
v -0.22327593 1.00845956 0.9133231
v -0.22149726 1.00543844 0.89644914
v -0.15447787 1.00655984 0.92849528
v -0.15371578 1.00459027 0.91135478
v -0.15355403 0.99394363 0.89647734
v -0.08676934 1.00047385 0.92187142
v -0.08796008 0.99046516 0.90724879
v -0.08944129 0.97612965 0.89330613
v -0.02407187 0.98803573 0.91030007
v -0.02521575 0.97426998 0.89679521
v -0.02633266 0.9561668 0.8836373
v 0.03717037 0.97776252 0.89264649
v 0.03798521 0.99160403 0.90639197
v 0.10105202 0.99605363 0.89730012
v 0.09906742 0.98142767 0.88393783
v 0.16607856 0.99265748 0.88644623
v 0.16277952 0.97884869 0.8737536
v 0.23072658 0.98845928 0.87132608
v 0.22745148 0.97574138 0.8595885
v 0.29544618 0.99301844 0.84755915
v 0.2915413 0.9798429 0.83577776
v 0.36126726 0.99685132 0.81966108
v 0.35635349 0.98417043 0.80782985
v 0.42661529 0.99982315 0.78705346
v 0.42110291 0.98747342 0.77552396
v 0.48928791 1.0039432 0.74831098
v 0.48253923 0.99128633 0.73706585
v 0.54697632 1.00732255 0.70313686
v 0.53859019 0.99403154 0.69279164
v 0.59975415 1.00633204 0.6542741
v 0.59039861 0.9930678 0.64540386
v 0.6480357 1.00369989 0.60185426
v 0.63862729 0.99120807 0.59406113
v 0.69297874 1.00440073 0.54752033
v 0.68280136 0.99152809 0.54024243
v 0.67263621 0.97405785 0.53315913
v 0.72399163 0.99260783 0.4863111
v 0.71289497 0.97535502 0.47937431
v 0.70044475 0.95239472 0.47110199
v 0.75014793 0.97598588 0.42419749
v 0.73736059 0.95356214 0.41646906
v 0.71305131 0.91949534 0.40059566
v 0.76966488 0.95297914 0.35946464
v 0.74406909 0.91873019 0.34482166
v 0.70514643 0.89224195 0.32384538
v 0.77013403 0.91856926 0.28683355
v 0.7299062 0.89212334 0.26784473
v 0.6781311 0.87706166 0.24556884
v 0.75014668 0.89454478 0.21011695
v 0.69615179 0.8797096 0.19157825
v 0.63645482 0.86720085 0.1714743
v 0.70963674 0.8812139 0.13721735
v 0.64866524 0.86804515 0.12092448
v 0.58639973 0.85550606 0.10349982
v 0.65690416 0.86609327 0.07096986
v 0.5937398 0.85342305 0.05651288
v 0.53127396 0.84489971 0.04058302
v 0.5979312 0.852382 0.01001475
v 0.53453123 0.84390747 -0.00312402
v 0.47537472 0.83760333 -0.01766074
v 0.53468507 0.84430074 -0.04585924
v 0.4753721 0.83698922 -0.05821562
v 0.42267176 0.82967436 -0.07214747
v 0.47279486 0.83427411 -0.09697926
v 0.42235833 0.82978087 -0.10993414
v 0.37879627 0.82660973 -0.12476212
v 0.42270001 0.83273649 -0.14683505
v 0.38685414 0.83238428 -0.1631084
v 0.35356181 0.83186972 -0.18174763
v 0.34084332 0.82639014 -0.14201305
v 0.32303151 0.8293398 -0.20269602
v 0.30520132 0.8259986 -0.1606284
v 0.2934716 0.82452958 -0.22418245
v 0.27269747 0.82383304 -0.18076151
v 0.2624571 0.81921947 -0.24539533
v 0.24071154 0.81984257 -0.20103965
v 0.22922319 0.81860971 -0.26511567
v 0.20730431 0.81757271 -0.22007237
v 0.18678462 0.81895911 -0.17667754
v 0.17261959 0.81796485 -0.23770006
v 0.15200576 0.81789106 -0.19395415
v 0.13260003 0.81827777 -0.15168267
v 0.1164335 0.81931167 -0.20984266
v 0.09686304 0.81821179 -0.16748733
v 0.07814215 0.81618779 -0.12645757
v 0.06063579 0.82545185 -0.18136493
v 0.0411271 0.82181823 -0.14095333
v 0.02270396 0.8168891 -0.10161002
v 0.00446181 0.83298516 -0.15339389
v -0.01431474 0.82877636 -0.11418609
v -0.03255071 0.82181388 -0.07647816
v -0.0533762 0.83590412 -0.1275334
v -0.07161451 0.83066332 -0.0897282
v -0.09342978 0.83162826 -0.14186866
v -0.11194871 0.83157968 -0.10420465
v -0.13409721 0.82580822 -0.15667218
v -0.15311794 0.82630336 -0.11964313
v -0.17605526 0.82550418 -0.17285943
v -0.195464 0.82584083 -0.13621205
v -0.21940086 0.8303498 -0.19075386
v -0.23937946 0.82882916 -0.15427555
v -0.26357409 0.83565741 -0.21047335
v -0.28444272 0.83355259 -0.17383885
v -0.30954593 0.83840376 -0.23256167
v -0.33116617 0.83882522 -0.19525012
v -0.35767722 0.84414464 -0.25713333
v -0.37996774 0.84504807 -0.2189012
v -0.40794032 0.85295456 -0.28444153
v -0.3337911 0.84011673 -0.29337495
v -0.38293331 0.84884446 -0.32210344
v -0.43376469 0.85783344 -0.35382548
v -0.35658553 0.84375244 -0.3570787
v -0.40576502 0.85556733 -0.39044222
v -0.45522081 0.86703693 -0.42583191
v -0.37577411 0.85183489 -0.42446705
v -0.42272529 0.8667429 -0.461719
v -0.46802106 0.88156914 -0.50099933
v -0.38814365 0.86502236 -0.49513158
v -0.4296709 0.87902939 -0.53674471
v -0.46706906 0.89237952 -0.57823211
v -0.38960817 0.87499654 -0.56997919
v -0.42255652 0.88897723 -0.61304956
v -0.44792434 0.91373527 -0.65071809
v -0.37618634 0.88544791 -0.64537632
v -0.39879745 0.90940398 -0.68428355
v -0.41360485 0.94325715 -0.71229475
v -0.34715843 0.90561145 -0.71551549
v -0.36015728 0.94022995 -0.74337494
v -0.36786001 0.96628576 -0.75865316
v -0.30436539 0.93796819 -0.7722094
v -0.31132805 0.96405291 -0.78741329
v -0.31700322 0.98274725 -0.79918259
v -0.25093689 0.96470254 -0.81129849
v -0.25625899 0.98361957 -0.82273376
v -0.2619645 0.99887293 -0.83558946
v -0.19238299 0.98814362 -0.84154081
v -0.19755458 1.00350296 -0.85572868
v -0.20290108 1.01374101 -0.87158787
v -0.13099762 1.00688195 -0.87271314
v -0.13485127 1.01806461 -0.88950407
v -0.13915051 1.02190434 -0.90850049
v -0.06478045 1.02010941 -0.90040081
v -0.06710824 1.02325785 -0.92060309
v -0.06934554 1.01685404 -0.94018608
v 0.00511767 1.02183926 -0.92613697
v 0.00479049 1.01577472 -0.94583773
v 0.00487263 1.00279831 -0.96303051
v 0.07867273 1.01497614 -0.94470858
v 0.08038751 1.00122058 -0.96090054
v 0.0816991 0.98078 -0.97195971
v 0.15363693 1.00084519 -0.95119261
v 0.1559118 0.98020011 -0.96110379
v 0.15803533 0.95558989 -0.9681977
v 0.2310746 0.98222065 -0.94858902
v 0.23376424 0.95771259 -0.95527523
v 0.23620012 0.92925715 -0.96102619
v 0.31305208 0.96022665 -0.9423812
v 0.31557104 0.93261307 -0.94787746
v 0.31650799 0.90068465 -0.94630122
v 0.39740386 0.93180286 -0.9210391
v 0.3983742 0.90146726 -0.92155683
v 0.39558765 0.86226785 -0.91809958
v 0.47877168 0.89406567 -0.88520002
v 0.47298008 0.85136485 -0.88392061
v 0.45835375 0.79592907 -0.87616342
v 0.54091984 0.82741254 -0.84335464
v 0.52443528 0.77127784 -0.84069562
v 0.5068795 0.71204924 -0.82652032
v 0.58689093 0.74795442 -0.79785436
v 0.5707131 0.69032275 -0.78731071
v 0.56106472 0.63013088 -0.78214281
v 0.62730121 0.67634707 -0.74151873
v 0.61991363 0.61609232 -0.73973763
v 0.61709296 0.55414557 -0.7425462
v 0.67270344 0.60724073 -0.69083887
v 0.67212688 0.54574316 -0.69415479
v 0.67341262 0.48482826 -0.69874298
v 0.72500699 0.54110288 -0.64357924
v 0.72576355 0.48044124 -0.64526277
v 0.7250806 0.42032867 -0.64493882
v 0.77703326 0.4795559 -0.59109932
v 0.77655112 0.41915735 -0.5892021
v 0.77870976 0.35925799 -0.58915519
v 0.8276447 0.4208582 -0.53335762
v 0.83034986 0.36077949 -0.53256452
v 0.83372861 0.30083039 -0.53217423
v 0.87870824 0.36496385 -0.47339078
v 0.88203114 0.3045628 -0.47267857
v 0.88475626 0.24338549 -0.47130414
v 0.92959237 0.3107368 -0.41264495
v 0.93297618 0.24941796 -0.41258895
v 0.93625313 0.18672731 -0.41271674
v 0.969132 0.25636184 -0.34576979
v 0.97288829 0.19364178 -0.34748271
v 0.97640848 0.12995816 -0.3483273
v 0.98885524 0.19983048 -0.27263119
v 0.99241459 0.13640165 -0.27470403
v 0.99593597 0.07206963 -0.27548828
v 1.00589644 0.14252975 -0.19993694
v 1.00846099 0.07851561 -0.20185817
v 1.01176416 0.0143687 -0.2023769
v 1.03311324 0.08505313 -0.13100054
v 1.0354942 0.02140212 -0.13295477
v 1.03822672 -0.04268147 -0.13265383
v 1.05807232 0.02753095 -0.06175409
v 1.06216621 -0.03500794 -0.06443692
v 1.06676614 -0.09769046 -0.06397453
v 1.06263124 -0.03027818 0.01215893
v 1.06995403 -0.09085265 0.00974379
v 1.07842183 -0.15212547 0.0092207
v 1.05340647 -0.08859611 0.0843802
v 1.06428253 -0.1478077 0.08307465
v 1.07811605 -0.20712666 0.08226706
v 1.03427362 -0.14857257 0.15462411
v 1.04864454 -0.20663046 0.15497076
v 1.06642282 -0.26376336 0.15557216
v 1.00600075 -0.21208472 0.22386333
v 1.02334821 -0.2692669 0.22596752
v 1.04888474 -0.32215541 0.2306005
v 0.99201923 -0.27435475 0.30841746
v 1.01674032 -0.32879105 0.31288009
v 1.05020499 -0.37830287 0.31582221
v 1.00889337 -0.33303061 0.40258336
v 1.03688395 -0.38925916 0.40432843
v 1.0688287 -0.4444794 0.39955794
v 1.01879549 -0.40810445 0.49452605
v 0.9878267 -0.34671366 0.48953259
v 0.94773483 -0.36615008 0.56335604
v 0.97921824 -0.43494522 0.5713005
v 0.89500397 -0.38505747 0.62136882
v 0.92343246 -0.45651519 0.62841332
v 0.82914531 -0.40319207 0.65874165
v 0.85426235 -0.47424364 0.66553938
v 0.87735593 -0.54538643 0.66897499
v 0.78343045 -0.48632806 0.70127183
v 0.80386614 -0.55456936 0.70560854
v 0.82500821 -0.61781007 0.71391713
v 0.89721918 -0.61378765 0.67067462
v 0.84088581 -0.67434126 0.71890324
v 0.90929651 -0.66858553 0.67081779
v 0.84935158 -0.71811139 0.71950423
v 0.91411489 -0.71175479 0.66861867
v 0.85003334 -0.75395393 0.71516197
v 0.7780925 -0.72006136 0.76849532
v 0.77883958 -0.7550475 0.76425385
v 0.77765023 -0.78417068 0.75895786
v 0.84709167 -0.78323668 0.70934128
v 0.77584183 -0.80871099 0.75343108
v 0.84349834 -0.80682623 0.70321399
v 0.77113115 -0.8283869 0.74467086
v 0.83775317 -0.82627171 0.6946482
v 0.76171749 -0.8410061 0.7304762
v 0.82795625 -0.8393116 0.68139886
v 0.74906683 -0.84498286 0.71242147
v 0.81499761 -0.84359097 0.66419935
v 0.73518258 -0.8462376 0.69253236
v 0.80066466 -0.84477549 0.64493954
v 0.72005975 -0.84696513 0.66988706
v 0.784612 -0.84550792 0.62263333
v 0.6964733 -0.84770125 0.63266193
v 0.7613222 -0.84622657 0.58822006
v 0.66817688 -0.84830981 0.58443003
v 0.73159152 -0.84689819 0.5404089
v 0.63983249 -0.84879297 0.53218215
v 0.70207679 -0.84745055 0.48956161
v 0.61114734 -0.8492819 0.47670927
v 0.67230731 -0.84799808 0.43538495
v 0.5828073 -0.84991294 0.41986849
v 0.64267993 -0.84865397 0.37984466
v 0.70226138 -0.84748709 0.3391366
v 0.61298179 -0.84956616 0.32341575
v 0.67130756 -0.84834331 0.28358578
v 0.72973305 -0.84715944 0.24347999
v 0.63958263 -0.84951329 0.22723521
v 0.69623357 -0.84820175 0.18783107
v 0.75332999 -0.84704864 0.14822641
v 0.66137975 -0.8497073 0.13123913
v 0.716205 -0.84828919 0.09208653
v 0.77090477 -0.84704566 0.05283534
v 0.67728835 -0.84994632 0.03496415
v 0.72945493 -0.84844821 -0.00412923
v 0.78109955 -0.84707748 -0.04334281
v 0.6862356 -0.85009193 -0.06214587
v 0.73547166 -0.84853434 -0.10140956
v 0.7838276 -0.84716641 -0.14077115
v 0.68847388 -0.85009443 -0.16041746
v 0.73477757 -0.84864109 -0.20016405
v 0.78012126 -0.84739291 -0.23960545
v 0.68509572 -0.85006195 -0.25988292
v 0.72904479 -0.84882372 -0.29980456
v 0.77080857 -0.84781253 -0.33834323
v 0.67781025 -0.85012769 -0.35955351
v 0.71887439 -0.84915208 -0.39853334
v 0.75674259 -0.84835273 -0.4345937
v 0.66745257 -0.8503468 -0.45749729
v 0.70565551 -0.84954398 -0.49422159
v 0.74114292 -0.84878593 -0.5274043
v 0.65474307 -0.85069489 -0.55221283
v 0.69051688 -0.84994417 -0.58612656
v 0.7122997 -0.84941369 -0.60659563
v 0.63852471 -0.8512668 -0.64334404
v 0.66131001 -0.85079556 -0.66541409
v 0.67609489 -0.85043633 -0.6797105
v 0.60840028 -0.85228359 -0.72310894
v 0.62311691 -0.8520087 -0.73847281
v 0.63547718 -0.85161817 -0.75114232
v 0.56649762 -0.85334056 -0.7943778
v 0.57828837 -0.85294634 -0.80777001
v 0.58832848 -0.85200983 -0.81951493
v 0.51760393 -0.85389399 -0.86064702
v 0.52714759 -0.85249424 -0.87307602
v 0.53509384 -0.84885317 -0.88365405
v 0.46430143 -0.85185235 -0.92022198
v 0.47143176 -0.84681522 -0.93066114
v 0.4761196 -0.83693331 -0.93739521
v 0.41257739 -0.84618282 -0.97642844
v 0.41690984 -0.83507692 -0.98293948
v 0.41998413 -0.82124429 -0.98773801
v 0.36889833 -0.83565628 -1.03199446
v 0.37225392 -0.82075256 -1.03736579
v 0.32943683 -0.83807838 -1.08727204
v 0.36499762 -0.84805899 -1.02643382
v 0.32262161 -0.85013836 -1.08002483
v 0.2837055 -0.85224789 -1.13839125
v 0.31218859 -0.85469454 -1.07053411
v 0.27188593 -0.85613614 -1.12816166
v 0.23113307 -0.85617989 -1.18479931
v 0.25832238 -0.85695439 -1.11652338
v 0.21706201 -0.85729038 -1.17279636
v 0.17436644 -0.85766059 -1.22711587
v 0.20057472 -0.85802441 -1.15892219
v 0.15751159 -0.85833019 -1.2134242
v 0.11340718 -0.85867571 -1.2675842
v 0.13489444 -0.85900175 -1.19403469
v 0.08655908 -0.8593465 -1.24513053
v 0.03916432 -0.85971218 -1.29420375
v 0.05345429 -0.86013269 -1.2133882
v 0.00682259 -0.86043262 -1.26095414
v -0.03425016 -0.86076885 -1.2993617
v -0.02732336 -0.86123365 -1.22234737
v -0.0684204 -0.86153984 -1.26102936
v -0.10531766 -0.86187505 -1.29210603
v -0.10644955 -0.86243563 -1.21606063
v -0.14334146 -0.86274838 -1.24812138
v -0.17747773 -0.86308604 -1.2748692
v -0.18284612 -0.86368674 -1.19970011
v -0.21714395 -0.86400467 -1.22697329
v -0.24345181 -0.86423218 -1.24569594
v -0.25744065 -0.86493563 -1.17677044
v -0.28311482 -0.86511617 -1.19585526
v -0.30193987 -0.86511629 -1.20927679
v -0.32285085 -0.86599785 -1.14619326
v -0.3413293 -0.86598753 -1.16004467
v -0.35751465 -0.8655222 -1.1721121
v -0.37903648 -0.86685228 -1.10919129
v -0.39522239 -0.86623257 -1.1217153
v -0.40954053 -0.862405 -1.13252341
v -0.43078115 -0.86651623 -1.06874871
v -0.44459107 -0.86183637 -1.07976198
v -0.45502376 -0.85024529 -1.08840072
v -0.48222303 -0.86251705 -1.02796208
v -0.49244087 -0.85067009 -1.0370543
v -0.49719759 -0.83290606 -1.04198324
v -0.53597396 -0.85223138 -0.98871398
v -0.54089087 -0.83384066 -0.99372494
v -0.54296201 -0.81248194 -0.99673944
v -0.58806359 -0.83560049 -0.94507044
v -0.59060424 -0.81390529 -0.94801771
v -0.59177845 -0.78735244 -0.95068299
v -0.63836652 -0.81553179 -0.89687979
v -0.63936275 -0.78887093 -0.89925992
v -0.63702237 -0.75563299 -0.9003157
v -0.6887325 -0.79095262 -0.84684968
v -0.68735355 -0.75780862 -0.84786349
v -0.6816802 -0.72005146 -0.84693557
v -0.74121445 -0.76121503 -0.7937951
v -0.73596262 -0.72372639 -0.79223161
v -0.72235167 -0.67596203 -0.78650379
v -0.78941494 -0.72751885 -0.73433256
v -0.77523374 -0.68112105 -0.72827369
v -0.75427687 -0.62667256 -0.71838557
v -0.82727623 -0.68446445 -0.66786152
v -0.80634218 -0.63047999 -0.65789914
v -0.78626066 -0.57409989 -0.64898121
v -0.86079514 -0.63270998 -0.5970692
v -0.84131169 -0.57673472 -0.58895874
v -0.82850241 -0.51754605 -0.58587497
v -0.89437037 -0.57989823 -0.52607524
v -0.88352519 -0.52039682 -0.52560639
v -0.87572073 -0.45951432 -0.52697783
v -0.92372334 -0.52598661 -0.4547255
v -0.91934818 -0.46409922 -0.45868474
v -0.91383147 -0.40117371 -0.46246707
v -0.9493348 -0.47031846 -0.3832423
v -0.94046121 -0.40699216 -0.38699802
v -0.92877221 -0.34346061 -0.38965359
v -0.96073478 -0.41337347 -0.30950301
v -0.9492141 -0.34923806 -0.31362307
v -0.93813848 -0.28459343 -0.31679427
v -0.96533006 -0.35396716 -0.23708635
v -0.95555037 -0.28849232 -0.24194207
v -0.94614911 -0.22290115 -0.24558498
v -0.97355639 -0.29016712 -0.16799114
v -0.96592634 -0.22425654 -0.17340822
v -0.95566123 -0.1591447 -0.17564961
v -0.98113656 -0.22421272 -0.09979365
v -0.97288143 -0.15919669 -0.1032757
v -0.96559077 -0.09484356 -0.10489146
v -0.98373943 -0.1573006 -0.02891133
v -0.97776591 -0.09344702 -0.03129409
v -0.97411996 -0.03022603 -0.03268389
v -0.98903548 -0.0898078 0.04283924
v -0.98228985 -0.02715072 0.04188838
v -0.97433906 0.0344511 0.04166105
v -0.99353951 -0.02192878 0.11660622
v -0.98843157 0.03942711 0.11607624
v -0.98550367 0.09976984 0.11480128
v -0.98272407 0.04391249 0.19153672
v -0.98060691 0.10486381 0.19013918
v -0.98185914 0.1655505 0.18705423
v -0.96303677 0.10776621 0.2632842
v -0.96053201 0.16897627 0.25932592
v -0.96011346 0.22993437 0.2550669
v -0.95042055 0.17027796 0.33483099
v -0.94846779 0.23109868 0.33028391
v -0.94667786 0.29209345 0.32568648
v -0.92427533 0.22957752 0.40111035
v -0.92376405 0.29176867 0.39573574
v -0.92426472 0.35473462 0.39081603
v -0.88749396 0.29018712 0.45701497
v -0.89124864 0.3544659 0.45313179
v -0.89696198 0.42009133 0.4501771
v -0.85378778 0.35535123 0.51048189
v -0.86028379 0.42219704 0.50744921
v -0.8650338 0.4894796 0.50419181
v -0.81945753 0.42716425 0.55963653
v -0.82393372 0.4943102 0.55640912
v -0.82601887 0.56193631 0.55291426
v -0.77978879 0.50174754 0.60574472
v -0.78071498 0.56851542 0.602521
v -0.77945441 0.63503164 0.59951669
v -0.73572969 0.57622695 0.65356642
v -0.72840744 0.64099788 0.64581811
v -0.72294771 0.70591837 0.64064389
v -0.67611157 0.64590287 0.69256925
v -0.66822594 0.7101863 0.68572843
v -0.6681813 0.77337718 0.68880975
v -0.61287021 0.7115547 0.73115122
v -0.61066871 0.77458292 0.73234552
v -0.61522388 0.83216524 0.74275112
v -0.5491696 0.77204752 0.77069222
v -0.55276161 0.83064085 0.78064835
v -0.56041693 0.87758505 0.79672539
v -0.49357792 0.82393473 0.82336938
v -0.49932098 0.87249136 0.83774274
v -0.50365477 0.90475767 0.84895831
v -0.43694701 0.86540037 0.8771556
v -0.43930679 0.90118169 0.88610822
v -0.44073915 0.93029546 0.88996797
v -0.37087437 0.89937943 0.91355937
v -0.37213236 0.92888426 0.91803151
v -0.37256386 0.95535093 0.91781342
v -0.30194425 0.92593371 0.94165641
v -0.30166706 0.95289611 0.94167822
v -0.30016908 0.97530287 0.93523067
v -0.22988797 0.94748908 0.96037161
v -0.22843332 0.97086584 0.9534899
v -0.22672028 0.98836052 0.94218218
v -0.15667374 0.96344506 0.96591621
v -0.15576835 0.98267859 0.95607185
v -0.15517884 0.99745953 0.94367623
v -0.08605755 0.97383475 0.96242386
v -0.08611007 0.99077332 0.95219963
v -0.08622513 1.00145947 0.93837809
v -0.02092477 0.98369461 0.9531306
v -0.02183255 0.99470681 0.94071316
v -0.02302566 0.99533301 0.92544496
v 0.04064204 0.99924957 0.93915945
v 0.03908407 1.0006144 0.92172533
v 0.10553381 1.00378322 0.93111145
v 0.10306295 1.00568687 0.91297614
v 0.17249923 1.00062954 0.91708344
v 0.16943275 1.00185942 0.90079999
v 0.23873807 0.99593645 0.89923769
v 0.23453272 0.99603307 0.884902
v 0.30527001 1.00213778 0.87625825
v 0.29988876 1.00184595 0.86089026
v 0.37271618 1.00665664 0.84668874
v 0.36660534 1.00581228 0.83256089
v 0.44012755 1.00969576 0.81215041
v 0.43308958 1.00829589 0.79927688
v 0.50536316 1.01367962 0.77214098
v 0.49691498 1.01222622 0.75979232
v 0.56639283 1.01669573 0.72617125
v 0.55637365 1.01646888 0.7144134
v 0.62124598 1.01662027 0.67456644
v 0.60998976 1.01584279 0.66394096
v 0.66885387 1.0112847 0.61898934
v 0.65821421 1.01123118 0.61030507
v 0.71521431 1.01283431 0.56419801
v 0.7033841 1.01387774 0.55548709
v 0.75937533 1.01310455 0.50920546
v 0.74713647 1.01404881 0.50123655
v 0.73508161 1.00550055 0.49340343
v 0.78583377 1.01529431 0.44504836
v 0.77324664 1.0062561 0.43758511
v 0.7616623 0.9932478 0.43086516
v 0.80598747 1.00680375 0.37898206
v 0.79425776 0.993128 0.37276035
v 0.78296971 0.9754011 0.3667607
v 0.82192915 0.99199503 0.31187081
v 0.81055694 0.97423046 0.30642175
v 0.79731315 0.95199263 0.30005496
v 0.83413124 0.97388994 0.2432307
v 0.82003057 0.95177722 0.23710082
v 0.79191565 0.91984611 0.22566512
v 0.83814078 0.95299613 0.17174154
v 0.80869537 0.92146611 0.16262948
v 0.76496738 0.89674943 0.15103836
v 0.82054692 0.92097836 0.09967242
v 0.77517998 0.89663928 0.09236685
v 0.71900332 0.88024509 0.08250587
v 0.78046923 0.89579927 0.03429707
v 0.72332024 0.87903749 0.0289529
v 0.66135478 0.86458277 0.02059352
v 0.72398465 0.87836778 -0.0239817
v 0.66196596 0.86520695 -0.02886516
v 0.59819901 0.85346114 -0.03631078
v 0.66017353 0.86382669 -0.07724636
v 0.59672534 0.8517242 -0.08018542
v 0.53239584 0.84231811 -0.08679741
v 0.5930441 0.84950488 -0.12276369
v 0.52756148 0.83905893 -0.12587134
v 0.46728202 0.8348906 -0.13367648
v 0.51875919 0.84478074 -0.16009868
v 0.46037566 0.83976268 -0.16695323
v 0.42594659 0.83851891 -0.18223781
v 0.43609064 0.84347933 -0.21537265
v 0.41678449 0.84126806 -0.24026551
v 0.39860677 0.83694422 -0.20033229
v 0.39662602 0.83692151 -0.26583409
v 0.37067994 0.8349061 -0.22234462
v 0.37266391 0.83189958 -0.29168546
v 0.34534341 0.83039522 -0.24554932
v 0.34468656 0.83128953 -0.31646546
v 0.31744024 0.8235479 -0.26874658
v 0.31346193 0.83419311 -0.33957153
v 0.28639635 0.82217741 -0.29127824
v 0.27971789 0.83601093 -0.36126354
v 0.25315153 0.82431697 -0.31201979
v 0.24444948 0.8317573 -0.38205239
v 0.21840493 0.82344633 -0.3312225
v 0.19453738 0.81931704 -0.28321921
v 0.1822499 0.81996774 -0.3490014
v 0.15872351 0.81730669 -0.30000168
v 0.13686174 0.81729173 -0.25384032
v 0.12179199 0.81626886 -0.31515407
v 0.10029157 0.81797325 -0.26842519
v 0.07989478 0.82116746 -0.22389154
v 0.06327545 0.81948965 -0.28148224
v 0.04278891 0.8226692 -0.23678587
v 0.0232823 0.82879447 -0.19436639
v 0.00538864 0.82373237 -0.24870774
v -0.01477635 0.82727438 -0.20648989
v -0.03449205 0.83355301 -0.16661295
v -0.0533714 0.82544344 -0.21868608
v -0.07373156 0.82742697 -0.17953541
v -0.09290304 0.82138663 -0.23090703
v -0.11391343 0.82316982 -0.19325637
v -0.13368034 0.82341802 -0.24435418
v -0.15555459 0.82415974 -0.20874024
v -0.17537619 0.83007615 -0.26035565
v -0.198023 0.83072692 -0.22619316
v -0.21769864 0.83714526 -0.27906653
v -0.24110828 0.83626061 -0.24571847
v -0.26166281 0.84000003 -0.30136135
v -0.28635117 0.83864998 -0.26804944
v -0.30816555 0.8399778 -0.3271186
v -0.23589213 0.84127491 -0.33215701
v -0.28060707 0.84175699 -0.35790354
v -0.32783949 0.84260296 -0.38915804
v -0.25165069 0.84391361 -0.38544079
v -0.29778164 0.84567749 -0.41748189
v -0.34428638 0.85069513 -0.45520147
v -0.26749604 0.8457542 -0.44209668
v -0.31208178 0.85100632 -0.48278096
v -0.35223379 0.86368459 -0.52565908
v -0.27965492 0.85053241 -0.50761729
v -0.31460279 0.86270642 -0.55364745
v -0.34702655 0.87266922 -0.6003766
v -0.27530086 0.86094844 -0.57884717
v -0.30259406 0.86999332 -0.62821447
v -0.32767167 0.88150292 -0.675695
v -0.25538674 0.8679564 -0.65194338
v -0.27540579 0.8782317 -0.70280116
v -0.29233357 0.9028452 -0.74399769
v -0.21963775 0.87971723 -0.72249853
v -0.23356482 0.90431678 -0.76574122
v -0.24437123 0.93899411 -0.79562413
v -0.17331339 0.90783107 -0.77992582
v -0.18159379 0.94224536 -0.81121546
v -0.18719269 0.96871984 -0.82866191
v -0.11906551 0.94242554 -0.82234019
v -0.12318359 0.97137922 -0.84253287
v -0.12711484 0.99163228 -0.85740625
v -0.05933278 0.97179657 -0.8524447
v -0.06097656 0.99260371 -0.86715638
v -0.06278479 1.00923883 -0.88263362
v 0.00546771 0.98960888 -0.87192469
v 0.00567067 1.00649035 -0.88798004
v 0.00567223 1.01779198 -0.90596276
v 0.07309148 1.00428915 -0.88598007
v 0.07491745 1.01604723 -0.90457087
v 0.07681775 1.02014625 -0.92511546
v 0.14382217 1.01695489 -0.89560377
v 0.14750583 1.01979017 -0.91605544
v 0.15086437 1.01479375 -0.93560141
v 0.21945829 1.02082777 -0.90364849
v 0.22415924 1.01586222 -0.92310529
v 0.22803692 1.00234377 -0.93884939
v 0.30075657 1.01700437 -0.90807598
v 0.30600717 1.00382685 -0.92413932
v 0.30999159 0.9842261 -0.93515306
v 0.38593751 1.00162291 -0.90187501
v 0.39124229 0.98165047 -0.91200345
v 0.39498424 0.95812332 -0.9180035
v 0.47042253 0.97565531 -0.87790656
v 0.47498211 0.95165592 -0.88173764
v 0.47795262 0.92611444 -0.88372296
v 0.54394626 0.94155728 -0.83395963
v 0.54728579 0.91328132 -0.83553099
v 0.5493527 0.87657004 -0.83952069
v 0.6036933 0.89892774 -0.78666776
v 0.60543227 0.85765832 -0.79251599
v 0.6003499 0.80442249 -0.79950368
v 0.65578365 0.8458963 -0.74911308
v 0.65333187 0.79269403 -0.75308275
v 0.64133852 0.73438167 -0.74892765
v 0.7007842 0.78652876 -0.70305305
v 0.68751877 0.72809189 -0.69538486
v 0.67581319 0.66815167 -0.68953084
v 0.73113292 0.72494322 -0.64107602
v 0.72115081 0.66391426 -0.63555443
v 0.72132033 0.60257875 -0.63814371
v 0.765208 0.66222119 -0.5811665
v 0.76717078 0.60081845 -0.58337992
v 0.77475637 0.54009491 -0.58997625
v 0.81252002 0.60105323 -0.52761483
v 0.82108277 0.54097396 -0.53301137
v 0.82584404 0.48101657 -0.53459
v 0.86477047 0.54370737 -0.47254756
v 0.87156856 0.48449015 -0.47451609
v 0.87549102 0.42493048 -0.47421219
v 0.91418802 0.48943787 -0.41061112
v 0.91985648 0.4306294 -0.41134649
v 0.92535889 0.37118014 -0.41244083
v 0.95321583 0.4363968 -0.34071064
v 0.95980751 0.37753596 -0.34265059
v 0.96503925 0.31760218 -0.34427902
v 0.97741103 0.38281691 -0.26488035
v 0.98172628 0.32319247 -0.2672618
v 0.98492032 0.26210665 -0.26981815
v 0.99724751 0.32866698 -0.18852467
v 1.00119268 0.26777774 -0.19264225
v 1.00356793 0.20566563 -0.19662419
v 1.02616894 0.273184 -0.11641245
v 1.02778744 0.21086089 -0.12177051
v 1.03110539 0.14832823 -0.12720967
v 1.04723453 0.21393933 -0.04510986
v 1.0511837 0.15151618 -0.05185315
v 1.05550563 0.08939275 -0.05750062
v 1.04962241 0.15167518 0.02660661
v 1.05425715 0.09062594 0.02113518
v 1.05794 0.03015512 0.01619338
v 1.0382955 0.08993419 0.09819968
v 1.04233431 0.03025902 0.09241717
v 1.04655361 -0.02938968 0.08753381
v 1.01246297 0.02824565 0.16207166
v 1.01658415 -0.03118069 0.15792845
v 1.0231229 -0.0900865 0.1555054
v 0.97574871 -0.03547878 0.2213388
v 0.98251521 -0.0947978 0.22118775
v 0.99276685 -0.15370583 0.22218829
v 0.95537841 -0.09865927 0.29620701
v 0.96541625 -0.15753737 0.30033439
v 0.97620862 -0.2164431 0.30414426
v 0.95507538 -0.1591067 0.38356673
v 0.96898734 -0.21752327 0.39074963
v 0.98743265 -0.27550789 0.39718195
v 0.94481664 -0.22435706 0.4726701
v 0.9651404 -0.28481882 0.48238018
v 0.90404415 -0.23628754 0.54327124
v 0.92327076 -0.30043903 0.55336266
v 0.85184055 -0.25036323 0.60113877
v 0.8702262 -0.31721442 0.61026281
v 0.78941619 -0.26521691 0.64377385
v 0.8071776 -0.33378371 0.65117287
v 0.72858405 -0.27619913 0.68850165
v 0.74355816 -0.34611868 0.69215017
v 0.76222699 -0.41630259 0.69647014
v 0.68770998 -0.35121738 0.74589628
v 0.70188337 -0.42098543 0.74731546
v 0.71858435 -0.49019861 0.75041645
v 0.64426785 -0.42139652 0.80369097
v 0.65794414 -0.48896488 0.80714654
v 0.67483782 -0.55387646 0.81430143
v 0.73864507 -0.55599367 0.75769692
v 0.68940472 -0.61620831 0.81913524
v 0.7573542 -0.6185373 0.76482629
v 0.70064169 -0.67339062 0.82126855
v 0.7721939 -0.67541748 0.76987755
v 0.70668184 -0.71893954 0.82000243
v 0.62796652 -0.67043566 0.87327933
v 0.63604426 -0.71728253 0.87431466
v 0.63886237 -0.75377225 0.87085372
v 0.70885217 -0.75432694 0.81661748
v 0.63963693 -0.78480321 0.86650461
v 0.70923787 -0.78438437 0.81222528
v 0.63844877 -0.81099218 0.86051994
v 0.70824325 -0.80992251 0.80681979
v 0.63379758 -0.83196067 0.85022622
v 0.70365876 -0.83046108 0.79745686
v 0.62469166 -0.84560346 0.83365047
v 0.69414854 -0.84341347 0.78199774
v 0.61263603 -0.84908849 0.81295704
v 0.68153786 -0.84707182 0.7626484
v 0.59927737 -0.84998178 0.78997612
v 0.66783529 -0.84807884 0.74148029
v 0.58448255 -0.85049593 0.76332593
v 0.65309041 -0.84868848 0.71737867
v 0.56147795 -0.85102957 0.71979248
v 0.62953704 -0.84934943 0.67697179
v 0.53639644 -0.85140103 0.66853934
v 0.60306811 -0.84984171 0.62762451
v 0.51099425 -0.85168951 0.61312973
v 0.57613116 -0.85022807 0.57364642
v 0.48554834 -0.85202837 0.55473876
v 0.5489844 -0.85064429 0.51679569
v 0.46048277 -0.85259014 0.49540495
v 0.52214425 -0.85121494 0.4585042
v 0.43566203 -0.85347127 0.43582144
v 0.49561956 -0.85212177 0.39976647
v 0.55464381 -0.85082298 0.36220613
v 0.46899938 -0.85351449 0.34100937
v 0.52621418 -0.85215574 0.30409166
v 0.58292681 -0.85081768 0.26615485
v 0.49714431 -0.85396063 0.24575348
v 0.55196386 -0.85255563 0.20831544
v 0.60664671 -0.85111862 0.17006327
v 0.51976579 -0.85455268 0.15016539
v 0.57224613 -0.85306638 0.11226692
v 0.62485623 -0.85150843 0.07382232
v 0.53642666 -0.85502624 0.05402629
v 0.58661359 -0.85341382 0.01572423
v 0.63642603 -0.85175675 -0.02308041
v 0.5463829 -0.85521692 -0.04292136
v 0.59411233 -0.85349273 -0.08170615
v 0.64136385 -0.85174816 -0.12092075
v 0.54986095 -0.85505032 -0.14072038
v 0.59512651 -0.85325139 -0.18003763
v 0.64033472 -0.85154843 -0.21986673
v 0.54749637 -0.85459834 -0.23888492
v 0.59139651 -0.85285621 -0.27894717
v 0.63492459 -0.85135293 -0.31926381
v 0.5416606 -0.85405254 -0.33716452
v 0.58444041 -0.85253572 -0.377698
v 0.62669557 -0.85131287 -0.41821143
v 0.53351044 -0.85366433 -0.43468856
v 0.57541185 -0.85245025 -0.47542995
v 0.61621069 -0.85149097 -0.51506316
v 0.52378296 -0.85359281 -0.53087186
v 0.5644803 -0.85267025 -0.57096368
v 0.60295903 -0.85192751 -0.60873538
v 0.51169544 -0.85392248 -0.62508612
v 0.5496909 -0.85324758 -0.6633684
v 0.58505636 -0.85267525 -0.69921404
v 0.49468904 -0.85458409 -0.71599304
v 0.52952843 -0.85400825 -0.75309544
v 0.55202937 -0.85362696 -0.77799958
v 0.47175222 -0.85517931 -0.80415558
v 0.49245056 -0.85470676 -0.82897555
v 0.50637096 -0.8543213 -0.84646362
v 0.43122434 -0.85561245 -0.8765456
v 0.44448554 -0.85500568 -0.89401716
v 0.45547211 -0.85405647 -0.90826046
v 0.38499701 -0.85569596 -0.94115787
v 0.39588069 -0.85428392 -0.9547066
v 0.40490752 -0.85167706 -0.96621888
v 0.34431552 -0.85512048 -1.00459456
v 0.35498613 -0.85253173 -1.01582062
v 0.29970622 -0.85614812 -1.05948281
v 0.33243033 -0.85641884 -0.99184483
v 0.2858774 -0.85708898 -1.0468893
v 0.24285963 -0.85764956 -1.10334491
v 0.27025255 -0.85776674 -1.03221416
v 0.22566001 -0.85827398 -1.0879445
v 0.18142144 -0.85866516 -1.14200913
v 0.19660186 -0.85912424 -1.06076765
v 0.14869329 -0.85956776 -1.11192107
v 0.10114548 -0.8598724 -1.16284966
v 0.11344172 -0.86049181 -1.07548224
v 0.06580505 -0.86078018 -1.12615394
v 0.01851907 -0.86099112 -1.17560648
v 0.02841907 -0.86176902 -1.08393311
v -0.01898521 -0.86195689 -1.13199877
v -0.06482088 -0.86216402 -1.1772902
v -0.0574395 -0.86298352 -1.08481907
v -0.10323765 -0.86316168 -1.1286273
v -0.14565992 -0.86339592 -1.167472
v -0.14193235 -0.8641833 -1.07868313
v -0.18476142 -0.86439865 -1.11693537
v -0.22272054 -0.86465317 -1.14930069
v -0.22341927 -0.86539757 -1.06554603
v -0.2620207 -0.86561757 -1.09839332
v -0.2970575 -0.86585539 -1.12644362
v -0.30095395 -0.86658614 -1.04710495
v -0.3354924 -0.86677628 -1.07538271
v -0.36070418 -0.8668738 -1.09510886
v -0.3741478 -0.8677333 -1.02318334
v -0.39708197 -0.86779069 -1.0419203
v -0.41476571 -0.86761117 -1.0560044
v -0.43609139 -0.86879301 -0.98781997
v -0.45316535 -0.86857074 -1.00253844
v -0.46860674 -0.86739271 -1.01600122
v -0.49676659 -0.86967432 -0.9515953
v -0.51198941 -0.8688324 -0.96578943
v -0.5256229 -0.86437612 -0.97878575
v -0.55847311 -0.86996638 -0.91627717
v -0.57231056 -0.86580449 -0.92957079
v -0.58290284 -0.85400354 -0.93988591
v -0.62000984 -0.86667668 -0.87865465
v -0.63079088 -0.85525912 -0.88895893
v -0.63624519 -0.83726543 -0.89428502
v -0.67981934 -0.85646498 -0.83642327
v -0.68552678 -0.83887481 -0.84210789
v -0.68779599 -0.81737035 -0.8448292
v -0.73674976 -0.84076625 -0.78689241
v -0.73965191 -0.81971955 -0.78992641
v -0.74160718 -0.79391151 -0.7925657
v -0.79134756 -0.82275611 -0.73016196
v -0.79354399 -0.79751992 -0.73271894
v -0.79373192 -0.76557159 -0.73449164
v -0.8421942 -0.8012436 -0.66743582
v -0.84239298 -0.76950711 -0.6693083
v -0.83874017 -0.73076224 -0.67069912
v -0.88901859 -0.77258688 -0.60174781
v -0.88602262 -0.73410052 -0.60338205
v -0.87734311 -0.68727207 -0.60258394
v -0.93324607 -0.73893874 -0.53340691
v -0.9264934 -0.6909042 -0.53386974
v -0.91080391 -0.63680195 -0.53014755
v -0.96494507 -0.69773477 -0.4570862
v -0.95085197 -0.64336347 -0.45575729
v -0.93407321 -0.58618825 -0.45366895
v -0.97827357 -0.65164548 -0.37559151
v -0.96302336 -0.59361022 -0.37591242
v -0.95355212 -0.53279084 -0.37852281
v -0.97890925 -0.60186272 -0.29430419
v -0.9709115 -0.5404098 -0.29803475
v -0.96765261 -0.47719341 -0.30387306
v -0.97247779 -0.54780602 -0.21523508
v -0.97365438 -0.48372462 -0.22328361
v -0.97286021 -0.41877073 -0.23080311
v -0.99378031 -0.48803997 -0.14453856
v -0.99008733 -0.42244818 -0.15340544
v -0.98216974 -0.35661193 -0.16126541
v -1.00997984 -0.42365297 -0.07671932
v -0.99912911 -0.35683867 -0.08598002
v -0.9886865 -0.29007098 -0.09379556
v -1.0147612 -0.35459256 -0.01088736
v -1.00171315 -0.28758189 -0.01887373
v -0.99174445 -0.22219044 -0.02516357
v -1.01595616 -0.28303846 0.05473256
v -1.00421643 -0.21771965 0.04893881
v -0.99594235 -0.15325705 0.0450733
v -1.01060879 -0.2123834 0.12295793
v -1.00424838 -0.14778961 0.11933203
v -0.99921953 -0.08422573 0.11736822
v -1.00123107 -0.14250423 0.19404898
v -0.99505519 -0.07911408 0.19272156
v -0.98789948 -0.01725384 0.19216118
v -0.98838508 -0.07513251 0.26862278
v -0.97811394 -0.01362603 0.26804935
v -0.96864372 0.04690191 0.26645374
v -0.96674913 -0.01429115 0.34506353
v -0.95981901 0.04726214 0.34375867
v -0.95395964 0.10893512 0.33915934
v -0.9286403 0.04245504 0.41225189
v -0.92632687 0.10533206 0.40894404
v -0.92422282 0.16755026 0.40521442
v -0.88436615 0.10085714 0.4673393
v -0.883816 0.16361998 0.46422892
v -0.88512033 0.22661231 0.46098348
v -0.83974474 0.16112346 0.51825016
v -0.84311699 0.22435686 0.51648074
v -0.84793722 0.28982868 0.51341122
v -0.80265188 0.22329004 0.571352
v -0.80872488 0.2910858 0.56775105
v -0.81464815 0.35912504 0.56369352
v -0.77684402 0.29611671 0.62196195
v -0.77857142 0.36575177 0.61601388
v -0.77849912 0.43419629 0.60984158
v -0.74792754 0.37521904 0.67127031
v -0.74241083 0.44306322 0.66377997
v -0.73893719 0.51025885 0.65835559
v -0.69951927 0.45161521 0.71554124
v -0.69324231 0.51734894 0.70927625
v -0.68670624 0.58281379 0.70288372
v -0.63805043 0.52024507 0.75291556
v -0.63005608 0.58485603 0.74546688
v -0.62060052 0.64783024 0.73719131
v -0.56982231 0.58163422 0.78420788
v -0.56090933 0.64520233 0.77738988
v -0.55258709 0.70878535 0.77086776
v -0.50149726 0.63870656 0.81751018
v -0.49481326 0.7029615 0.81433975
v -0.49123448 0.76575988 0.81472194
v -0.43801042 0.69456791 0.8579747
v -0.43456161 0.75695473 0.85962134
v -0.43407413 0.81507647 0.86576557
v -0.37168964 0.74779468 0.89339911
v -0.3699271 0.80707025 0.89840537
v -0.36976781 0.85995811 0.90583109
v -0.30378305 0.79829776 0.92328709
v -0.30185139 0.85361582 0.92876631
v -0.30160102 0.89622581 0.93694281
v -0.23410297 0.84551483 0.9497776
v -0.23190079 0.88853967 0.95727759
v -0.23062634 0.91943371 0.96051865
v -0.16264991 0.87700301 0.97612559
v -0.1589576 0.91003102 0.97564762
v -0.15759305 0.93837952 0.97203379
v -0.0876429 0.8979488 0.98836475
v -0.08597657 0.92739385 0.97933036
v -0.08600444 0.95295918 0.97060865
v -0.01839991 0.92008686 0.98433882
v -0.01889716 0.94622236 0.97329527
v -0.02003898 0.96735978 0.9632774
v 0.04599309 0.94770002 0.97512704
v 0.04428465 0.96872389 0.9628812
v 0.04251642 0.9851284 0.95137804
v 0.10915758 0.97255802 0.95573824
v 0.10738605 0.98881298 0.94316405
v 0.17599608 0.97237688 0.94069963
v 0.17425933 0.98770493 0.92923837
v 0.24460862 0.97142195 0.92098087
v 0.24193504 0.98583477 0.91088503
v 0.31382352 0.97611004 0.89772373
v 0.30987191 0.99065971 0.88772767
v 0.38313618 0.98248553 0.86802184
v 0.37824741 0.99672937 0.85827857
v 0.45245918 0.98762595 0.83209222
v 0.44685298 1.00160706 0.823453
v 0.52084219 0.99288547 0.79287791
v 0.51373881 1.00666832 0.78371512
v 0.58448481 0.99559205 0.7467882
v 0.57597684 1.00869488 0.73723298
v 0.64084887 0.9953612 0.69385147
v 0.63167238 1.00814318 0.68480646
v 0.68830955 0.99158901 0.63533431
v 0.67896974 1.0033679 0.62745893
v 0.73587489 0.99104923 0.57868468
v 0.7257815 1.00299227 0.57174211
v 0.78204041 0.99080681 0.52332627
v 0.77125096 1.00336146 0.51676333
v 0.82340788 0.99004048 0.46654558
v 0.81212723 1.00377905 0.46026516
v 0.79932361 1.01363802 0.45296931
v 0.84743613 1.00419735 0.39994177
v 0.83390677 1.01448786 0.39330083
v 0.81905525 1.01672267 0.38578999
v 0.8629626 1.01513981 0.33039733
v 0.84703475 1.01646065 0.32355922
v 0.83364921 1.00632321 0.31747189
v 0.87049323 1.01592862 0.25857567
v 0.85686618 1.00588989 0.25314745
v 0.8451178 0.99126726 0.24813152
v 0.87572431 1.00851225 0.18569602
v 0.86392384 0.99327522 0.18119451
v 0.85298639 0.97596395 0.1768718
v 0.87836945 0.99729085 0.11271534
v 0.86648976 0.97816693 0.10945813
v 0.85079139 0.95381236 0.10574411
v 0.87492603 0.97976648 0.04249845
v 0.85776639 0.95341521 0.04038896
v 0.82703155 0.92001998 0.03743444
v 0.85895299 0.95232695 -0.02313089
v 0.82736951 0.91883319 -0.02241193
v 0.78083521 0.89459937 -0.02227484
v 0.82330298 0.91628468 -0.08150375
v 0.77814328 0.89091217 -0.07769631
v 0.72210407 0.87504202 -0.07625807
v 0.77296137 0.88483369 -0.13321322
v 0.71751201 0.87116497 -0.12813179
v 0.6563344 0.86113578 -0.12436353
v 0.70978605 0.87062645 -0.17961561
v 0.64970618 0.86108094 -0.17052824
v 0.58690232 0.85277664 -0.16267202
v 0.63898629 0.86906057 -0.21478782
v 0.69830954 0.8759641 -0.2293027
v 0.68332856 0.87445205 -0.27792608
v 0.62513506 0.87108218 -0.25852197
v 0.66361069 0.86998158 -0.32389876
v 0.60619974 0.86632603 -0.29880985
v 0.63690656 0.8652091 -0.36763629
v 0.58309847 0.86024433 -0.33715733
v 0.52827167 0.8563323 -0.3029387
v 0.4714798 0.84940832 -0.26135933
v 0.55580318 0.85592901 -0.3732247
v 0.50464129 0.85097247 -0.3338426
v 0.45528325 0.84544205 -0.28799286
v 0.47766569 0.8487491 -0.36310264
v 0.43347489 0.84108942 -0.31478804
v 0.44798129 0.85039401 -0.39073947
v 0.40774038 0.83803647 -0.34150886
v 0.41541963 0.85567241 -0.41722452
v 0.37738588 0.84364718 -0.3665716
v 0.38010042 0.85477966 -0.44375634
v 0.34467163 0.84547209 -0.39044234
v 0.34284034 0.85184055 -0.46885886
v 0.30977636 0.84379768 -0.41397553
v 0.30350586 0.84793639 -0.49145829
v 0.27317914 0.83941292 -0.43573871
v 0.26236099 0.84546041 -0.51170867
v 0.23434975 0.83522409 -0.45522022
v 0.20750813 0.8264153 -0.40087518
v 0.19324715 0.83658164 -0.47177967
v 0.16834415 0.82770294 -0.41660881
v 0.1445056 0.81968247 -0.36452585
v 0.12815044 0.83151102 -0.42962324
v 0.10584526 0.82411497 -0.37738156
v 0.08432347 0.81903189 -0.32841271
v 0.06697768 0.82820117 -0.38843995
v 0.04649324 0.82375317 -0.3396019
v 0.02583402 0.82088524 -0.29302376
v 0.00791158 0.82705521 -0.34897801
v -0.0120727 0.82411563 -0.30319643
v -0.03258562 0.82313215 -0.25974813
v -0.05048052 0.82457643 -0.31232625
v -0.07138827 0.82210809 -0.27016571
v -0.08943558 0.82441258 -0.32086932
v -0.11107803 0.82395798 -0.28147921
v -0.12835389 0.83056807 -0.32951426
v -0.15139621 0.83068573 -0.29461857
v -0.16826631 0.83819687 -0.34212791
v -0.19305488 0.83819788 -0.31127101
v -0.20876434 0.84207099 -0.36086335
v -0.14580331 0.83590376 -0.37636262
v -0.1832083 0.84115237 -0.38754749
v -0.22319763 0.84214782 -0.40845814
v -0.16219326 0.83953076 -0.41713213
v -0.19528305 0.84149223 -0.42978471
v -0.23880232 0.84224104 -0.46041923
v -0.14578761 0.83905977 -0.44986754
v -0.12738585 0.83569985 -0.41164955
v -0.11169467 0.83662587 -0.45419663
v -0.10245125 0.83854681 -0.50922107
v -0.13594794 0.84039473 -0.50198298
v -0.09858405 0.84243601 -0.5703246
v -0.13790009 0.84726911 -0.56599563
v -0.0989485 0.85394293 -0.62892282
v -0.14434132 0.85957402 -0.62374007
v -0.19025658 0.86095935 -0.61461949
v -0.153244 0.87188112 -0.67998391
v -0.20499424 0.8695805 -0.66942179
v -0.23429611 0.86026752 -0.59924006
v -0.16326123 0.88307935 -0.73522031
v -0.10256888 0.870099 -0.68534302
v -0.107996 0.88308376 -0.74179863
v -0.11371706 0.90766704 -0.78917223
v -0.05320922 0.88020163 -0.74519318
v -0.05565772 0.90420103 -0.79600334
v -0.05757135 0.93913853 -0.82991099
v 0.00258547 0.90151304 -0.79843229
v 0.00443574 0.93564802 -0.83336395
v 0.00528329 0.96860772 -0.85671019
v 0.06767351 0.93338793 -0.83159512
v 0.07019407 0.96582824 -0.85375201
v 0.07154813 0.98717308 -0.86940854
v 0.13583338 0.96560484 -0.84351104
v 0.13807424 0.98799794 -0.85970521
v 0.1406106 1.00591051 -0.8766964
v 0.20565222 0.99059349 -0.84652906
v 0.20987719 1.00866138 -0.86380946
v 0.21456588 1.01873481 -0.88316333
v 0.28100496 1.00827872 -0.84885025
v 0.28743109 1.01954281 -0.86763989
v 0.29439318 1.02218151 -0.88814181
v 0.36064767 1.01690101 -0.84770906
v 0.36971381 1.01907682 -0.86748421
v 0.37847578 1.01405155 -0.88647037
v 0.44241252 1.01585376 -0.83888566
v 0.45395392 1.01038599 -0.85637402
v 0.46396225 0.99716204 -0.87047141
v 0.52143067 1.00790071 -0.81557786
v 0.53199726 0.99055671 -0.82642787
v 0.5393601 0.96784257 -0.83217877
v 0.58904725 0.98431038 -0.77879178
v 0.59555804 0.95937758 -0.78279775
v 0.59976357 0.93089449 -0.78418576
v 0.64474862 0.95194453 -0.73798394
v 0.64913201 0.92273879 -0.74034559
v 0.6531797 0.8893212 -0.74364709
v 0.69785475 0.91775214 -0.69705569
v 0.70210427 0.88358461 -0.70066499
v 0.70523923 0.83993858 -0.70460766
v 0.74912512 0.87997418 -0.65489572
v 0.75016343 0.8369041 -0.6551119
v 0.74404734 0.78464269 -0.64995378
v 0.79401046 0.83595585 -0.60462325
v 0.78712624 0.78424686 -0.59787154
v 0.77374148 0.72386419 -0.58727967
v 0.83021765 0.78245621 -0.54558116
v 0.8176648 0.72316873 -0.53397369
v 0.8094452 0.66201686 -0.52622127
v 0.86354833 0.72271978 -0.47901263
v 0.85502201 0.66319638 -0.47002896
v 0.8567301 0.60308545 -0.46903857
v 0.89889335 0.66566139 -0.41043055
v 0.89885681 0.60665321 -0.40729299
v 0.90599411 0.54781824 -0.40858128
v 0.9321593 0.61091351 -0.33937802
v 0.93777561 0.55259424 -0.33824545
v 0.94555842 0.4944919 -0.33911389
v 0.95817512 0.55738794 -0.26289665
v 0.96502113 0.4993633 -0.26231777
v 0.97129738 0.44128561 -0.26301261
v 0.985318 0.50533336 -0.18479351
v 0.98888927 0.44685652 -0.18391542
v 0.99218362 0.38804453 -0.18502359
v 1.01924657 0.45377028 -0.10754928
v 1.02175319 0.39435046 -0.10826221
v 1.02447092 0.33440941 -0.1116321
v 1.04809737 0.39958733 -0.0294529
v 1.04981076 0.33871918 -0.03297901
v 1.04730737 0.27645945 -0.03834097
v 1.05230248 0.33969551 0.04891571
v 1.04822826 0.27662348 0.04110784
v 1.04641127 0.21358636 0.03309414
v 1.03630387 0.27275827 0.11487998
v 1.03296744 0.21082979 0.10751167
v 1.03453099 0.14990884 0.10208702
v 1.00230181 0.20732173 0.17195116
v 1.00297749 0.14708125 0.1684
v 1.00824904 0.0874472 0.1654936
v 0.95861524 0.14345076 0.22048758
v 0.96389055 0.08291572 0.2214346
v 0.96882706 0.02363457 0.22114646
v 0.93959868 0.08042454 0.28839141
v 0.94426637 0.01997665 0.29075551
v 0.94906097 -0.03932236 0.29329404
v 0.93462085 0.01909128 0.36580053
v 0.93865358 -0.04086611 0.37094929
v 0.94480276 -0.10024452 0.37662819
v 0.90856456 -0.04427877 0.44539308
v 0.91586941 -0.10482937 0.45316842
v 0.92762851 -0.16481632 0.4622755
v 0.87588721 -0.11159449 0.52353996
v 0.88746827 -0.17374236 0.53266543
v 0.82470715 -0.12052902 0.58351922
v 0.83684331 -0.18500308 0.59236931
v 0.76403254 -0.13135235 0.63113802
v 0.77708876 -0.19716094 0.63966518
v 0.71035593 -0.1381316 0.68464154
v 0.7196539 -0.20575816 0.68832337
v 0.6578831 -0.1419349 0.73891645
v 0.66838967 -0.21045649 0.74470198
v 0.67697942 -0.28080424 0.74558615
v 0.60834568 -0.21326907 0.79259645
v 0.61971598 -0.28281253 0.79821127
v 0.63154727 -0.35245737 0.80100619
v 0.55123478 -0.28508225 0.83658754
v 0.56271868 -0.35412177 0.84206163
v 0.5752201 -0.4219729 0.84834301
v 0.48655268 -0.35649216 0.86990755
v 0.49809399 -0.4237875 0.87890625
v 0.51079356 -0.48939448 0.89004892
v 0.58979523 -0.48794439 0.85720926
v 0.52448046 -0.55250489 0.90290641
v 0.60432976 -0.55214637 0.86513173
v 0.53712964 -0.61344176 0.91176945
v 0.61681848 -0.61402869 0.8699969
v 0.54898399 -0.66912323 0.91739994
v 0.45221835 -0.61702168 0.94219321
v 0.46545419 -0.67234498 0.95268601
v 0.47630661 -0.71774643 0.95746511
v 0.55870658 -0.71540612 0.92051386
v 0.48209753 -0.75600767 0.95656681
v 0.56370204 -0.75376564 0.91921836
v 0.48300722 -0.78814739 0.95309627
v 0.56437361 -0.78556025 0.9146192
v 0.48151734 -0.81476301 0.94660401
v 0.56279462 -0.81214761 0.90788292
v 0.47771704 -0.83652675 0.93566894
v 0.55859881 -0.83348977 0.89721185
v 0.47063666 -0.84970015 0.91765892
v 0.5507524 -0.84742838 0.88033771
v 0.46127516 -0.8527683 0.89488256
v 0.5397787 -0.85090738 0.85828787
v 0.4508208 -0.85350543 0.87018144
v 0.5274527 -0.85177773 0.83365672
v 0.43830636 -0.85389989 0.84171426
v 0.5134589 -0.85222637 0.80529516
v 0.41852536 -0.85421627 0.7942816
v 0.49149224 -0.85264962 0.75891244
v 0.39678686 -0.85443228 0.74029052
v 0.46799385 -0.85292047 0.70609128
v 0.37518924 -0.85464429 0.68354678
v 0.44440409 -0.85314977 0.64976
v 0.35362723 -0.8549816 0.62333226
v 0.4205577 -0.85346871 0.59036868
v 0.3323147 -0.85556685 0.5625177
v 0.39730346 -0.85400366 0.53016924
v 0.31161341 -0.85645669 0.50160515
v 0.37454342 -0.85493236 0.46988073
v 0.29130107 -0.85762393 0.44037708
v 0.35187026 -0.85621857 0.40947675
v 0.41097316 -0.85485166 0.37623658
v 0.32916998 -0.85776066 0.34926474
v 0.38595816 -0.856552 0.31652563
v 0.44181358 -0.85529059 0.28190735
v 0.36071524 -0.85839444 0.25737908
v 0.41421303 -0.85723578 0.22304408
v 0.46721124 -0.8559544 0.18721023
v 0.38488048 -0.85913884 0.16377821
v 0.43557149 -0.85790103 0.12826487
v 0.48602157 -0.85652691 0.0916178
v 0.40220692 -0.85965746 0.06939622
v 0.45029464 -0.85831064 0.03278287
v 0.49840274 -0.85683214 -0.00471882
v 0.4122048 -0.8599323 -0.0259283
v 0.45810091 -0.85846096 -0.06351155
v 0.50399661 -0.8568266 -0.10181613
v 0.41542732 -0.85993695 -0.12182483
v 0.45955926 -0.8582645 -0.16027584
v 0.5037626 -0.85644185 -0.19944286
v 0.41318699 -0.85954171 -0.21777755
v 0.45612359 -0.85768812 -0.25710678
v 0.49867916 -0.85581922 -0.29674086
v 0.40712395 -0.85878682 -0.31334587
v 0.44902154 -0.85692399 -0.35323759
v 0.49129682 -0.85517078 -0.39382866
v 0.39842271 -0.85793942 -0.40804618
v 0.44019728 -0.85623955 -0.44876995
v 0.48210257 -0.85477334 -0.48986479
v 0.3882271 -0.85729861 -0.50206661
v 0.42984196 -0.8559072 -0.54331314
v 0.47130128 -0.85478752 -0.58463674
v 0.37646022 -0.85709351 -0.59515523
v 0.41757759 -0.85605299 -0.63667923
v 0.45734429 -0.85523897 -0.677257
v 0.36231043 -0.85735869 -0.68727374
v 0.40140947 -0.85655927 -0.72775602
v 0.43797981 -0.8558585 -0.76648342
v 0.34388956 -0.85779333 -0.77754586
v 0.37953648 -0.85701721 -0.81614524
v 0.41274315 -0.85619777 -0.85373377
v 0.32116207 -0.85798704 -0.86654722
v 0.35401919 -0.85709667 -0.9035865
v 0.37121275 -0.85647302 -0.92439889
v 0.29768854 -0.85786986 -0.95549893
v 0.31740334 -0.85719436 -0.9763177
v 0.24584595 -0.85853719 -1.00854563
v 0.26447892 -0.858765 -0.91889119
v 0.21122394 -0.85943996 -0.9720273
v 0.16146443 -0.86003792 -1.02426302
v 0.17587217 -0.86028862 -0.93204319
v 0.12529556 -0.86092966 -0.98365032
v 0.07639281 -0.86144977 -1.03431868
v 0.08767369 -0.8618223 -0.93976914
v 0.03814265 -0.86242556 -0.98932951
v -0.01009463 -0.86279255 -1.03782022
v 0.00004567 -0.86334002 -0.942725
v -0.04850412 -0.86376297 -0.98992836
v -0.09597116 -0.86400675 -1.03553628
v -0.08677978 -0.86468434 -0.94095683
v -0.13439451 -0.86500442 -0.98541319
v -0.18055328 -0.8652023 -1.02752256
v -0.17285886 -0.86593496 -0.93436193
v -0.21910642 -0.86619651 -0.97585356
v -0.26192882 -0.86638933 -1.01362919
v -0.25801605 -0.86716187 -0.92318546
v -0.30101642 -0.8673821 -0.96075403
v -0.34035164 -0.86757713 -0.99472248
v -0.34127754 -0.86837714 -0.90683895
v -0.38111609 -0.86859619 -0.94084423
v -0.41496208 -0.86875337 -0.96972852
v -0.42321434 -0.86961561 -0.88664567
v -0.45818516 -0.86979293 -0.91678977
v -0.47990873 -0.86983794 -0.93618768
v -0.50238573 -0.87081694 -0.8640412
v -0.52597057 -0.8708601 -0.88541966
v -0.54299652 -0.87070184 -0.90150541
v -0.57197397 -0.87189489 -0.83315312
v -0.59025472 -0.87172341 -0.85030931
v -0.60615241 -0.87094634 -0.86542236
v -0.63818562 -0.87287104 -0.79729729
v -0.65496844 -0.87217253 -0.81294679
v -0.66920501 -0.86817747 -0.82631892
v -0.70456171 -0.87360328 -0.75810027
v -0.71942395 -0.86956596 -0.77130365
v -0.73043501 -0.85794842 -0.78106516
v -0.76930177 -0.87150079 -0.71187073
v -0.78077304 -0.86036628 -0.72122567
v -0.78757256 -0.84325408 -0.72682327
v -0.82899004 -0.8634566 -0.65713363
v -0.83589077 -0.84676837 -0.66211599
v -0.83999896 -0.82642275 -0.66520935
v -0.88109439 -0.85038256 -0.59385204
v -0.88553154 -0.8304013 -0.59692227
v -0.88802593 -0.80494922 -0.59920871
v -0.9268651 -0.83404302 -0.52504634
v -0.92988658 -0.80890518 -0.52751326
v -0.9321447 -0.77777463 -0.53018033
v -0.96314948 -0.81335741 -0.44975206
v -0.96646016 -0.783885 -0.45226627
v -0.96920049 -0.7461285 -0.455491
v -0.99069577 -0.78998822 -0.37004676
v -0.99343359 -0.75464564 -0.37276268
v -0.99031806 -0.70681357 -0.37491777
v -1.00827431 -0.76254063 -0.28870293
v -1.00453198 -0.71599018 -0.29109716
v -0.99275893 -0.66049134 -0.29262438
v -1.01595509 -0.72187066 -0.20805747
v -1.00166535 -0.66785121 -0.20958568
v -0.9824596 -0.61087989 -0.21092806
v -1.02407681 -0.67023164 -0.12924633
v -1.00843131 -0.61306172 -0.13158831
v -0.99749666 -0.55176985 -0.13639086
v -1.03433132 -0.61558586 -0.0513047
v -1.02394568 -0.55462551 -0.05713505
v -1.01724827 -0.48961398 -0.06660214
v -1.04904806 -0.55698442 0.02317293
v -1.0396223 -0.49006322 0.0117335
v -1.02853286 -0.42219075 -0.00033776
v -1.05711698 -0.48808711 0.09002597
v -1.04408323 -0.41847476 0.07555482
v -1.03082501 -0.3498868 0.06328318
v -1.04464578 -0.41387498 0.15192271
v -1.03344106 -0.34493249 0.13810424
v -1.02150178 -0.27784812 0.12875787
v -1.03307044 -0.33758831 0.21312847
v -1.02073061 -0.27173349 0.20308923
v -1.00870049 -0.20697686 0.19717647
v -1.01972842 -0.2645787 0.27696737
v -1.00629317 -0.20157387 0.27116465
v -0.99636685 -0.13810639 0.26885521
v -0.98877006 -0.20092862 0.34557026
v -0.98157227 -0.13859289 0.34404575
v -0.97565144 -0.07622106 0.34502977
v -0.94495755 -0.14378933 0.41116184
v -0.93949925 -0.08248211 0.41231536
v -0.93328923 -0.02050554 0.41290542
v -0.89489549 -0.08724548 0.46732184
v -0.89111167 -0.02520006 0.46890205
v -0.88727301 0.03786322 0.46897363
v -0.84624224 -0.02878316 0.51883983
v -0.84297776 0.03452162 0.51949966
v -0.83952057 0.09806338 0.51875507
v -0.79692745 0.03204841 0.56567627
v -0.79339784 0.09601022 0.5661621
v -0.79778939 0.15919891 0.571307
v -0.77489972 0.09114977 0.63136243
v -0.77336055 0.1574686 0.63382983
v -0.77440661 0.22751362 0.6277883
v -0.75697112 0.16652686 0.69484275
v -0.75356894 0.23720052 0.68734389
v -0.75118875 0.30538481 0.67892152
v -0.71738606 0.25146895 0.74393302
v -0.71308314 0.31920757 0.73401874
v -0.70721113 0.3854267 0.72403889
v -0.66165512 0.32586982 0.77988851
v -0.65406054 0.39078575 0.76994347
v -0.64589053 0.45528835 0.76058155
v -0.59632527 0.3886252 0.8099994
v -0.58736157 0.45316365 0.80006319
v -0.57877862 0.51768201 0.7914502
v -0.52673679 0.44600898 0.83505761
v -0.51809543 0.5107271 0.82797151
v -0.50981575 0.57490307 0.82286405
v -0.45624429 0.50086629 0.86119991
v -0.44936624 0.56585067 0.85970974
v -0.44345808 0.63054144 0.85883414
v -0.38358044 0.55510741 0.88425767
v -0.37853491 0.62004071 0.88634055
v -0.37460261 0.68452572 0.88954538
v -0.31120765 0.60939145 0.90655612
v -0.30784031 0.67410737 0.9105851
v -0.30584338 0.73799586 0.91759276
v -0.23960642 0.66398829 0.92633712
v -0.23790611 0.72805118 0.93322408
v -0.23636543 0.78880286 0.94159573
v -0.16934169 0.7178893 0.94827467
v -0.16890977 0.778436 0.95871084
v -0.16718271 0.83510202 0.97094225
v -0.09882794 0.76781386 0.97333431
v -0.0969869 0.82245934 0.98516058
v -0.09312974 0.86270344 0.99097716
v -0.02265887 0.81213051 0.99074757
v -0.02093011 0.85450947 0.9967457
v -0.01941774 0.88881117 0.9952113
v 0.05128904 0.85164886 0.99517715
v 0.04968611 0.88849026 0.99478954
v 0.04796168 0.92071181 0.98703503
v 0.11614006 0.8922249 0.98321569
v 0.1130383 0.92475634 0.97834849
v 0.11099163 0.95218801 0.96840906
v 0.17950318 0.9281522 0.95985519
v 0.17762535 0.95331031 0.95149815
v 0.24987156 0.93003243 0.93908166
v 0.2472236 0.95349192 0.93048447
v 0.32162675 0.93483865 0.91488486
v 0.3177452 0.95818579 0.90742504
v 0.39275676 0.94120007 0.88358402
v 0.38806471 0.96428084 0.87678384
v 0.46285671 0.94585716 0.8452807
v 0.45781853 0.96905654 0.83927303
v 0.53234291 0.94964551 0.80578655
v 0.52704495 0.9736945 0.80010414
v 0.59669387 0.95257771 0.76009684
v 0.59152156 0.97684031 0.75460249
v 0.65503031 0.95435971 0.7079975
v 0.64886409 0.97779148 0.70186483
v 0.70461571 0.95467174 0.64898461
v 0.69721734 0.97593385 0.6426835
v 0.75328534 0.9542011 0.59094172
v 0.74588006 0.97570335 0.58526694
v 0.80022209 0.95155835 0.53575825
v 0.79222685 0.97431445 0.52971684
v 0.84060925 0.94922339 0.47726514
v 0.83304977 0.97229212 0.47219508
v 0.87666064 0.9482072 0.4136039
v 0.8696646 0.97099888 0.41031307
v 0.85880249 0.98934328 0.40526434
v 0.8983578 0.97001838 0.34322589
v 0.88879519 0.98960357 0.34062266
v 0.87673115 1.00460767 0.33606666
v 0.91173797 0.99039852 0.27263218
v 0.90108203 1.00619268 0.26959717
v 0.88678777 1.01574862 0.2646124
v 0.92214053 1.010288 0.19946555
v 0.90735155 1.02034926 0.19571329
v 0.88995474 1.01916337 0.19052344
v 0.92526531 1.02535808 0.12421457
v 0.90682202 1.02477824 0.12022803
v 0.89109689 1.01350903 0.11633524
v 0.91949582 1.02842199 0.0481225
v 0.90180641 1.01698136 0.04607383
v 0.88813227 1.00022351 0.04445506
v 0.90663564 1.01770329 -0.02397926
v 0.89144545 1.0004189 -0.02351658
v 0.877581 0.97989875 -0.0232319
v 0.88768637 0.99815899 -0.08952451
v 0.87377309 0.97772675 -0.08762962
v 0.85484224 0.95000815 -0.08522904
v 0.86516219 0.9749856 -0.14955121
v 0.84781807 0.94681578 -0.14527246
v 0.81704288 0.91104018 -0.13941846
v 0.8374722 0.94536179 -0.20352073
v 0.80655771 0.91016513 -0.19624812
v 0.76358264 0.88537478 -0.18862672
v 0.79464292 0.91150093 -0.25326708
v 0.75160837 0.88653945 -0.24321425
v 0.77869778 0.91042369 -0.30992481
v 0.73639196 0.885957 -0.2951295
v 0.75571817 0.90579825 -0.36604645
v 0.71460288 0.88188582 -0.34644025
v 0.72553485 0.90188688 -0.41790467
v 0.68548667 0.87789362 -0.39475795
v 0.69267898 0.89909219 -0.46601563
v 0.652911 0.87503862 -0.44012507
v 0.60615998 0.86293101 -0.40884605
v 0.61853039 0.87451839 -0.483132
v 0.57282322 0.86481952 -0.44757151
v 0.52509719 0.85767322 -0.40758389
v 0.5371176 0.86766535 -0.48425543
v 0.49178293 0.86190384 -0.43885329
v 0.49938583 0.87027418 -0.51710075
v 0.45658657 0.86642444 -0.46792587
v 0.45816609 0.87056481 -0.54754978
v 0.4185439 0.86404448 -0.49689102
v 0.41388815 0.8672657 -0.57677638
v 0.37803795 0.85999542 -0.52362102
v 0.3675206 0.86151248 -0.60378664
v 0.3351227 0.85609382 -0.54829764
v 0.31872779 0.86014014 -0.62774121
v 0.29053384 0.854806 -0.56931215
v 0.26940205 0.86711508 -0.64637357
v 0.2440804 0.8598454 -0.58709877
v 0.21841502 0.84869909 -0.5285868
v 0.1961566 0.86076849 -0.60249036
v 0.17372675 0.85070872 -0.54260993
v 0.15099915 0.84008455 -0.48508751
v 0.12820106 0.85108673 -0.55411958
v 0.10787895 0.84227007 -0.49589365
v 0.08740323 0.83450132 -0.44047364
v 0.06424815 0.84305334 -0.50418007
v 0.04617158 0.83603435 -0.44887512
v 0.02714094 0.83078438 -0.39710754
v 0.00446094 0.83612221 -0.45447468
v -0.01259419 0.8322798 -0.40343889
v -0.03096532 0.82879656 -0.35656783
v -0.05216412 0.83145016 -0.40756094
v -0.06961563 0.82821679 -0.36307188
v -0.09079249 0.83215767 -0.40975955
v -0.1077767 0.83069253 -0.36893096
v -0.03632982 0.8346759 -0.45746988
v -0.07552719 0.83475118 -0.4574854
v -0.02248303 0.83775311 -0.51259404
v -0.06392032 0.83656638 -0.51247453
v -0.01152238 0.84059315 -0.57182973
v -0.05649204 0.83760392 -0.5726099
v -0.00379701 0.84558731 -0.63177382
v -0.05294929 0.84476631 -0.63294655
v 0.00042621 0.85958528 -0.68987494
v -0.05152589 0.86509579 -0.68851697
v 0.00150102 0.87711972 -0.74674487
v 0.05372266 0.85955727 -0.68791818
v 0.05730418 0.8753733 -0.74565148
v 0.06214504 0.89965969 -0.79584056
v 0.11553161 0.87356603 -0.74206429
v 0.12273645 0.89726525 -0.78978627
v 0.13107295 0.93190527 -0.82265776
v 0.18621061 0.89668947 -0.78015619
v 0.19527968 0.93167626 -0.81048059
v 0.20159426 0.96618121 -0.83063906
v 0.26019817 0.93131351 -0.79765427
v 0.26815664 0.96548396 -0.81701898
v 0.27478572 0.99013167 -0.8324961
v 0.33467057 0.96461713 -0.79855787
v 0.34316861 0.98851472 -0.81299042
v 0.35175204 1.00648403 -0.82906931
v 0.40910294 0.98570364 -0.78903293
v 0.41923871 1.00270557 -0.80398517
v 0.43055367 1.01263344 -0.82074147
v 0.47989469 1.00195932 -0.76900488
v 0.49302923 1.01214957 -0.78445619
v 0.50745147 1.01472389 -0.80055499
v 0.54834979 1.01288676 -0.74204754
v 0.56393951 1.01339888 -0.75660413
v 0.57820212 1.00319933 -0.76963985
v 0.61602121 1.00933289 -0.71348434
v 0.62982273 0.99778503 -0.72625982
v 0.63924056 0.97761291 -0.73432713
v 0.6794576 0.99310356 -0.6825667
v 0.6880905 0.97261524 -0.69009172
v 0.6934337 0.94716501 -0.69412654
v 0.7348991 0.96945655 -0.64302015
v 0.7401492 0.94411468 -0.64742672
v 0.7451334 0.9146623 -0.65163075
v 0.78481191 0.94115573 -0.59683972
v 0.79012942 0.91180408 -0.6016519
v 0.79413348 0.87744319 -0.60546809
v 0.83458614 0.9077292 -0.54853516
v 0.83921808 0.8733837 -0.55271953
v 0.83804291 0.83320331 -0.55250692
v 0.88130354 0.86993783 -0.49668604
v 0.88009011 0.83024483 -0.4951539
v 0.87363958 0.78050291 -0.48899924
v 0.91677427 0.83217555 -0.4321337
v 0.91294777 0.78151619 -0.42664516
v 0.90659445 0.72390961 -0.41884332
v 0.94401371 0.78632944 -0.35915204
v 0.94107204 0.7280941 -0.3523834
v 0.93482434 0.66946256 -0.34461426
v 0.96586853 0.73498559 -0.28215384
v 0.9613229 0.67562329 -0.27408236
v 0.95705097 0.61639398 -0.26692259
v 0.98426741 0.6833809 -0.20249207
v 0.9803949 0.62365859 -0.19383826
v 0.98021805 0.56394058 -0.18739622
v 1.00429868 0.63205045 -0.12134674
v 1.00932228 0.57211506 -0.11420698
v 1.0146048 0.51278442 -0.10921368
v 1.02910816 0.58054643 -0.0381118
v 1.04003751 0.52068275 -0.03240802
v 1.04589581 0.46025291 -0.02946567
v 1.04733395 0.52661711 0.04747449
v 1.05204331 0.46410673 0.0522968
v 1.05386674 0.40194428 0.05329569
v 1.04132556 0.46505421 0.13102187
v 1.04359352 0.40032011 0.13176029
v 1.04087722 0.33623725 0.12495452
v 1.0150882 0.39733523 0.19758859
v 1.01357305 0.33103025 0.1904923
v 1.00662398 0.26839488 0.17884074
v 0.97013503 0.33045372 0.23988977
v 0.96358168 0.26729697 0.23054531
v 0.95904153 0.20533895 0.22288826
v 0.93880128 0.26452094 0.28971773
v 0.93545562 0.2026163 0.28526353
v 0.93593317 0.14133006 0.28509232
v 0.92443144 0.20048171 0.35298749
v 0.92568641 0.14009419 0.35499525
v 0.93002533 0.07972624 0.36036551
v 0.89463079 0.13846398 0.42508006
v 0.89985925 0.07768105 0.43141418
v 0.90405666 0.01662844 0.4383327
v 0.85625374 0.0748925 0.50121045
v 0.86277103 0.01311672 0.50941121
v 0.86839568 -0.04917957 0.51612752
v 0.80972391 0.00733655 0.57033073
v 0.8153221 -0.05671929 0.57559913
v 0.74685776 -0.00032419 0.61665898
v 0.75293618 -0.06598264 0.62185198
v 0.69089579 -0.00566767 0.66919428
v 0.69959116 -0.07141652 0.67640674
v 0.63413167 -0.00990088 0.71809327
v 0.64430928 -0.0757028 0.72667789
v 0.57281667 -0.01364364 0.76140672
v 0.58268427 -0.07959015 0.76948255
v 0.59523659 -0.1458262 0.78101253
v 0.51639431 -0.08275287 0.80666196
v 0.52652204 -0.14950075 0.81537044
v 0.53906303 -0.21650236 0.82732492
v 0.45332559 -0.15295164 0.84071886
v 0.46463581 -0.22018659 0.85249674
v 0.47574493 -0.28815326 0.86227411
v 0.38700795 -0.22444672 0.86672222
v 0.39706346 -0.29224792 0.87726354
v 0.40686357 -0.36030134 0.8866406
v 0.31887906 -0.29524985 0.89257502
v 0.32698601 -0.3639478 0.90071636
v 0.33497118 -0.43208742 0.90921574
v 0.4169223 -0.42752811 0.89707285
v 0.34382098 -0.49884888 0.92181772
v 0.42763042 -0.49334883 0.91026109
v 0.35373109 -0.56392192 0.93644535
v 0.439435 -0.55641722 0.92679798
v 0.36589363 -0.62527442 0.9554423
v 0.2699792 -0.56696474 0.95582491
v 0.2803215 -0.62958657 0.97463893
v 0.29183754 -0.68490201 0.99496078
v 0.37925449 -0.68104344 0.97489345
v 0.30023092 -0.72851264 1.0086236
v 0.38957715 -0.72527533 0.98432362
v 0.30416885 -0.76339829 1.0126723
v 0.39456248 -0.76088619 0.98554623
v 0.30538106 -0.79378503 1.01067984
v 0.39558368 -0.79183739 0.9823811
v 0.30505153 -0.81928181 1.00544703
v 0.3944523 -0.81751763 0.97621965
v 0.30274754 -0.8403241 0.99556487
v 0.39143616 -0.839024 0.96623462
v 0.2972927 -0.85321253 0.97777551
v 0.38522049 -0.85187578 0.94813925
v 0.28993755 -0.85645175 0.9551444
v 0.37709265 -0.85465073 0.92539542
v 0.28187355 -0.85710936 0.93022078
v 0.3683317 -0.85527133 0.90104579
v 0.27283597 -0.85740399 0.90138661
v 0.35827311 -0.85559117 0.87327349
v 0.25800287 -0.85759741 0.85335767
v 0.34037333 -0.85584908 0.82441997
v 0.24264231 -0.85770207 0.8000794
v 0.32177746 -0.85601121 0.77162903
v 0.22669054 -0.85786742 0.74147248
v 0.30268681 -0.85620826 0.71404153
v 0.21077154 -0.85822683 0.67994117
v 0.2836512 -0.85656714 0.6533916
v 0.19542084 -0.85886657 0.61746722
v 0.26505306 -0.85718071 0.59193354
v 0.18014903 -0.85970282 0.55467999
v 0.24690774 -0.85804992 0.53007054
v 0.1652181 -0.86058002 0.49244734
v 0.22919149 -0.85905605 0.46829316
v 0.15073095 -0.86137169 0.4310967
v 0.21183812 -0.86010241 0.4071457
v 0.27121004 -0.85893738 0.3796288
v 0.19460158 -0.86130756 0.34701538
v 0.25105914 -0.86039608 0.31962427
v 0.30625426 -0.85945284 0.28960105
v 0.23026964 -0.86201626 0.26045182
v 0.28245705 -0.86118304 0.23018132
v 0.33398491 -0.86022704 0.19787234
v 0.25685823 -0.86290037 0.1713719
v 0.30560106 -0.86195153 0.1390094
v 0.35401564 -0.86087298 0.10490646
v 0.27494835 -0.86356145 0.08059879
v 0.3206323 -0.86247682 0.04632303
v 0.36635807 -0.86126738 0.01074647
v 0.2843596 -0.86394953 -0.01163091
v 0.32775718 -0.86275297 -0.04737866
v 0.37146398 -0.86142593 -0.08415789
v 0.28619453 -0.86405426 -0.10436593
v 0.32812351 -0.86273568 -0.14132109
v 0.37049207 -0.86123865 -0.17916317
v 0.28218439 -0.86382067 -0.19673812
v 0.32344159 -0.8623262 -0.23489925
v 0.36513209 -0.86063134 -0.27380666
v 0.27475535 -0.86321646 -0.28877514
v 0.31569311 -0.86154931 -0.32806167
v 0.35691332 -0.85975366 -0.36781579
v 0.26497203 -0.86236161 -0.38034126
v 0.30556982 -0.86064231 -0.4203487
v 0.34678199 -0.85891032 -0.46103853
v 0.25329804 -0.86149197 -0.47116881
v 0.29413271 -0.85987079 -0.51237314
v 0.33520463 -0.85837835 -0.55366784
v 0.24061715 -0.86083149 -0.56235605
v 0.28116756 -0.8594805 -0.60406106
v 0.32185861 -0.85832029 -0.64575547
v 0.22639493 -0.86057925 -0.65367043
v 0.26629075 -0.85952484 -0.69573271
v 0.30581933 -0.85861015 -0.73730993
v 0.21041631 -0.86057883 -0.74558943
v 0.24881777 -0.85967057 -0.78751087
v 0.28614965 -0.85881727 -0.82815247
v 0.19274418 -0.86047363 -0.83828449
v 0.22958988 -0.85960793 -0.87984323
v 0.1389966 -0.8611474 -0.88929438
v 0.1552737 -0.8613795 -0.79548347
v 0.10159298 -0.86203032 -0.84524262
v 0.04987842 -0.86269575 -0.8944779
v 0.06376508 -0.86297732 -0.80028158
v 0.0121488 -0.86357349 -0.84803843
v -0.03800754 -0.86418509 -0.89506399
v -0.02593774 -0.86450427 -0.80094367
v -0.0761159 -0.86505138 -0.84637594
v -0.12514032 -0.8655672 -0.89110994
v -0.11461849 -0.86592775 -0.79721218
v -0.1638062 -0.86643606 -0.84036767
v -0.21175375 -0.86686432 -0.88259089
v -0.20282283 -0.86732119 -0.78921061
v -0.25119394 -0.86777621 -0.83017528
v -0.2977637 -0.86811256 -0.86976486
v -0.29091328 -0.8686878 -0.77727532
v -0.33822327 -0.86906349 -0.81598901
v -0.38249599 -0.86936569 -0.85254097
v -0.37879303 -0.87001895 -0.76198816
v -0.4240441 -0.87034231 -0.79823601
v -0.4652799 -0.87061423 -0.83217793
v -0.46546801 -0.87131875 -0.74365997
v -0.50777536 -0.87161648 -0.77747196
v -0.5461604 -0.87184518 -0.80996489
v -0.5504269 -0.87264287 -0.72190761
v -0.5897389 -0.87291598 -0.7540152
v -0.61829268 -0.87300807 -0.77899253
v -0.6330893 -0.87400931 -0.69659382
v -0.66484081 -0.87418633 -0.72292655
v -0.68649673 -0.87414425 -0.74187445
v -0.71110898 -0.87533366 -0.66476434
v -0.73428505 -0.87538015 -0.68340611
v -0.75373923 -0.87495178 -0.699117
v -0.78010535 -0.87639653 -0.62132751
v -0.80018991 -0.87589561 -0.63607102
v -0.81645685 -0.87318795 -0.64802026
v -0.84323626 -0.87675666 -0.56940108
v -0.85994172 -0.87432473 -0.58023428
v -0.87347477 -0.86610257 -0.58892023
v -0.89909118 -0.87621343 -0.50920724
v -0.91367507 -0.8693282 -0.51729095
v -0.92139291 -0.85350066 -0.5216695
v -0.94817596 -0.87377238 -0.44146031
v -0.95507758 -0.85731196 -0.44499456
v -0.95979881 -0.83768773 -0.44760417
v -0.97978586 -0.86073744 -0.36350965
v -0.98428237 -0.84114801 -0.36589518
v -0.98733532 -0.81850773 -0.367906
v -1.00174605 -0.84315156 -0.28177705
v -1.00443685 -0.82262146 -0.28397336
v -1.00707602 -0.79643166 -0.28623244
v -1.01780605 -0.82371282 -0.20043464
v -1.01961815 -0.79943066 -0.20290148
v -1.02010417 -0.76705086 -0.20558777
v -1.03252267 -0.79942542 -0.12167427
v -1.03402054 -0.76862001 -0.12409833
v -1.03360736 -0.72409015 -0.12686501
v -1.04797661 -0.77037143 -0.04397755
v -1.04905474 -0.72561913 -0.04554435
v -1.04476559 -0.6725378 -0.04789501
v -1.06452822 -0.72860211 0.03517314
v -1.06352007 -0.67662775 0.03466115
v -1.05828845 -0.61966449 0.03077536
v -1.08384537 -0.68423807 0.11810796
v -1.08024609 -0.62651258 0.11540753
v -1.06972754 -0.55815875 0.10441971
v -1.07692802 -0.55936873 0.18831346
v -1.06066584 -0.48480355 0.16898161
v -1.07022118 -0.47649824 0.24674025
v -1.04895627 -0.40486076 0.22775451
v -1.07220959 -0.46324411 0.32133811
v -1.05210316 -0.39357426 0.30213031
v -1.03441083 -0.32817515 0.28728276
v -1.02959179 -0.38876047 0.37373167
v -1.01312255 -0.32511279 0.35983789
v -0.99959361 -0.262851 0.35087689
v -0.97270876 -0.32783117 0.42420685
v -0.96062535 -0.26649946 0.41606748
v -0.95163786 -0.20501661 0.41194942
v -0.91465032 -0.27123791 0.46951389
v -0.90572196 -0.20985032 0.46651509
v -0.89926588 -0.14860123 0.46599236
v -0.85871261 -0.21463193 0.51291728
v -0.85288745 -0.1527168 0.51430982
v -0.84906983 -0.09098238 0.5166071
v -0.80588698 -0.15700896 0.55758267
v -0.80176955 -0.09448454 0.56072658
v -0.8004713 -0.03174898 0.5646761
v -0.79167801 -0.09882394 0.62620008
v -0.78607296 -0.03629751 0.6281495
v -0.78030937 0.02741307 0.62961393
v -0.77783542 -0.0361353 0.69663655
v -0.76984614 0.02880432 0.69743871
v -0.7626149 0.09577931 0.69825863
v -0.74319553 0.0357665 0.76176774
v -0.73460775 0.10681906 0.75886422
v -0.72565907 0.17880386 0.75295358
v -0.68853336 0.10878253 0.80577009
v -0.67930698 0.1822749 0.79693794
v -0.6700375 0.2561658 0.78819876
v -0.62730932 0.17984187 0.83369267
v -0.61804127 0.25276732 0.82678127
v -0.60693776 0.32252565 0.81974464
v -0.55711567 0.2423425 0.85285872
v -0.54601335 0.31172075 0.84891158
v -0.5354532 0.3796769 0.84179097
v -0.48026132 0.29937368 0.86394208
v -0.47180664 0.36828836 0.86502826
v -0.46363267 0.43547442 0.86365628
v -0.40433883 0.35673043 0.87965339
v -0.39645692 0.42398369 0.88117283
v -0.3895801 0.48994442 0.88251948
v -0.32793304 0.41385027 0.89704406
v -0.32146242 0.47962227 0.900599
v -0.31586021 0.54454648 0.90374171
v -0.25058767 0.47101762 0.91186893
v -0.24604225 0.5352208 0.91788291
v -0.24249601 0.59955418 0.92270594
v -0.17544724 0.52723234 0.93644034
v -0.17278333 0.59070026 0.94079142
v -0.17069594 0.65449351 0.94353497
v -0.10200844 0.58398836 0.96283322
v -0.10057608 0.64694696 0.96401321
v -0.09922187 0.7089374 0.96585798
v -0.02625355 0.64225059 0.97634875
v -0.02514922 0.70264947 0.97589534
v -0.02412314 0.75990939 0.98095083
v 0.05157711 0.69992977 0.97404539
v 0.05218749 0.75641959 0.9782657
v 0.05227895 0.80786079 0.98759102
v 0.12562775 0.75809937 0.95993334
v 0.1246718 0.81084138 0.97211509
v 0.12092086 0.85377639 0.98175841
v 0.19168244 0.81901568 0.94829565
v 0.18670043 0.86138677 0.96141934
v 0.18204557 0.89798796 0.96427112
v 0.25514778 0.86762607 0.94066834
v 0.25254878 0.90150058 0.94327592
v 0.32715362 0.87414294 0.91534292
v 0.3251937 0.90623509 0.91833835
v 0.39726012 0.88212806 0.8818013
v 0.39661955 0.9135952 0.88599509
v 0.4639078 0.8873285 0.84158676
v 0.46560007 0.91895318 0.84637862
v 0.5323171 0.8887577 0.80396598
v 0.53455734 0.92141217 0.8071835
v 0.59597617 0.89103901 0.75941354
v 0.59857624 0.92416977 0.76194256
v 0.65310245 0.89298975 0.70793354
v 0.65674626 0.92627304 0.71011775
v 0.70013028 0.89429992 0.64911347
v 0.70553207 0.92721569 0.65061426
v 0.74774348 0.89203959 0.59390282
v 0.75403279 0.92634993 0.59361201
v 0.80096644 0.88848972 0.54552716
v 0.80303037 0.92355549 0.54105013
v 0.84472435 0.88973403 0.48670783
v 0.84380835 0.92295742 0.48118841
v 0.88477367 0.89420104 0.42095381
v 0.88210779 0.922661 0.41634494
v 0.91541403 0.89293867 0.3471874
v 0.91036719 0.92172664 0.34239211
v 0.90580314 0.94789826 0.34349679
v 0.93115222 0.92370003 0.27123501
v 0.92669683 0.94957435 0.27407079
v 0.92011833 0.97113555 0.27404499
v 0.9452933 0.95186376 0.20234438
v 0.94140756 0.97503763 0.20285412
v 0.93361216 0.99463295 0.20181582
v 0.96179586 0.9792816 0.13029708
v 0.95356082 0.99926954 0.12918089
v 0.9415161 1.015625 0.12727601
v 0.97029024 1.0027666 0.05436778
v 0.95631295 1.01883482 0.05257386
v 0.93878346 1.02858018 0.05042166
v 0.96366512 1.01825666 -0.02340841
v 0.9453575 1.02828574 -0.02433105
v 0.9247967 1.02918434 -0.02447104
v 0.94332265 1.02356863 -0.0967627
v 0.92180287 1.02609312 -0.09471683
v 0.90306657 1.01589107 -0.09200901
v 0.91393989 1.02110624 -0.16182318
v 0.89425838 1.01201105 -0.15736684
v 0.87887769 0.99519223 -0.1532872
v 0.88207721 1.00832045 -0.22050553
v 0.86658161 0.99225354 -0.21509477
v 0.85354059 0.97210902 -0.20961143
v 0.85131841 0.98810464 -0.27537399
v 0.83851856 0.96871906 -0.2688364
v 0.82361811 0.94427663 -0.26167005
v 0.82058131 0.96392035 -0.32811564
v 0.80604988 0.94142288 -0.32104647
v 0.79872298 0.95823597 -0.38586393
v 0.78397572 0.93605351 -0.37917575
v 0.76855045 0.95791721 -0.43917632
v 0.7535991 0.93464767 -0.43266749
v 0.73485159 0.9591279 -0.48939645
v 0.72065478 0.93407726 -0.48276311
v 0.69901365 0.95958083 -0.53778588
v 0.68530732 0.9337275 -0.52975505
v 0.65804946 0.8984189 -0.51114285
v 0.64494568 0.93366885 -0.57411861
v 0.61869955 0.90023577 -0.55428671
v 0.58163148 0.87697231 -0.52420938
v 0.57457137 0.90237242 -0.59485
v 0.54079824 0.87900066 -0.56136071
v 0.52617156 0.90435141 -0.63051492
v 0.49552851 0.88141256 -0.5940721
v 0.47704532 0.90101754 -0.66563034
v 0.44805654 0.87858653 -0.6254577
v 0.42603907 0.8964008 -0.69857001
v 0.39915347 0.87280774 -0.65551167
v 0.37094646 0.89590728 -0.72707921
v 0.34706598 0.87100774 -0.683106
v 0.31123831 0.89812308 -0.74912357
v 0.29251253 0.87604588 -0.70348489
v 0.24976173 0.89628148 -0.76752692
v 0.2352456 0.874951 -0.72067219
v 0.21694603 0.86737471 -0.66289758
v 0.17563448 0.8724184 -0.73425543
v 0.16283279 0.86465287 -0.67543512
v 0.14662796 0.85864383 -0.61401629
v 0.10819394 0.86091762 -0.68360972
v 0.09667532 0.85496574 -0.62279576
v 0.0813417 0.84947943 -0.56258398
v 0.04609869 0.85056376 -0.62832659
v 0.0343874 0.84567737 -0.56834155
v 0.02041608 0.84120529 -0.5097506
v 0.32472068 0.93187922 -0.77955716
v 0.38762351 0.93045735 -0.75736856
v 0.39950701 0.96303743 -0.77582937
v 0.44534313 0.93087309 -0.72809296
v 0.45851367 0.96312964 -0.74517518
v 0.4685879 0.98499572 -0.75630611
v 0.51162779 0.96527904 -0.70751792
v 0.52238374 0.98573148 -0.71696293
v 0.5342794 1.00251746 -0.72838801
v 0.57428485 0.98493063 -0.67572534
v 0.58622169 1.0015105 -0.68575507
v 0.6004523 1.01048827 -0.69883489
v 0.63637679 0.99827534 -0.64403045
v 0.65058744 1.00720584 -0.65657472
v 0.66615629 1.00567758 -0.67062878
v 0.69739037 1.00560021 -0.61184752
v 0.71355462 1.00323224 -0.62505561
v 0.72680002 0.98997396 -0.63615113
v 0.75701403 1.0009067 -0.57513761
v 0.77036219 0.98698616 -0.58505147
v 0.77894163 0.96643084 -0.59190481
v 0.81004095 0.98317331 -0.53156101
v 0.81964379 0.96231222 -0.53810823
v 0.82790154 0.93723988 -0.54370468
v 0.85643249 0.95874482 -0.48308253
v 0.86720663 0.93379277 -0.48864972
v 0.87615317 0.90386468 -0.49366426
v 0.90144193 0.93463921 -0.43136698
v 0.91212296 0.90469646 -0.43460321
v 0.91739028 0.87195789 -0.43507218
v 0.94115638 0.91177326 -0.37201291
v 0.94571238 0.87874728 -0.36926803
v 0.94475913 0.83898264 -0.36461949
v 0.96803456 0.88812387 -0.30240097
v 0.96585959 0.84825152 -0.29608142
v 0.96515792 0.7939012 -0.28901454
v 0.98397713 0.85723072 -0.22680412
v 0.9828915 0.80240011 -0.21862492
v 0.9843921 0.74336832 -0.21084907
v 0.9901247 0.81118339 -0.14625145
v 0.99411672 0.7524473 -0.13829951
v 1.00049579 0.69236624 -0.12983338
v 0.99268031 0.76023876 -0.06547863
v 1.00320363 0.70018923 -0.05587784
v 1.01791656 0.64031624 -0.04641572
v 1.00161802 0.70713669 0.01743084
v 1.01999449 0.64690578 0.02967879
v 1.03662538 0.58806788 0.03965529
v 1.01382815 0.65240681 0.10444527
v 1.02886295 0.59293919 0.11669518
v 1.03777909 0.52994024 0.12546721
v 1.00050151 0.59606254 0.18650421
v 1.01056897 0.53191649 0.19465661
v 1.01456213 0.4642139 0.19860406
v 0.97494697 0.53370577 0.25290328
v 0.97718626 0.464603 0.25078922
v 0.97517722 0.39644688 0.24841603
v 0.95461744 0.46434319 0.30744257
v 0.95134663 0.39551475 0.3021765
v 0.94553226 0.32796216 0.29548201
v 0.93893814 0.39195331 0.36312347
v 0.93296593 0.32507121 0.3583835
v 0.92714113 0.26163587 0.35495555
v 0.89667028 0.32490113 0.42288595
v 0.89236563 0.26146403 0.42008584
v 0.89147204 0.19948126 0.42082658
v 0.84510529 0.26017403 0.48522532
v 0.84474259 0.1977794 0.48674115
v 0.84892433 0.13614097 0.49242055
v 0.78970038 0.19488364 0.5464462
v 0.79453951 0.13261733 0.55272454
v 0.80285531 0.07054961 0.56260144
v 0.73350298 0.12766827 0.60361343
v 0.74064016 0.06410501 0.61092037
v 0.67842596 0.12409243 0.6586743
v 0.68451118 0.05963032 0.66380095
v 0.62389659 0.12081473 0.71252161
v 0.62842679 0.0557982 0.71479308
v 0.56237435 0.11730928 0.75614398
v 0.56649446 0.05205454 0.757667
v 0.49803534 0.11431448 0.79498755
v 0.50177663 0.0490201 0.79600465
v 0.50798815 -0.01663125 0.80000621
v 0.43215811 0.04641232 0.82458102
v 0.43669319 -0.0194601 0.825966
v 0.44378694 -0.08602654 0.83140665
v 0.36229488 -0.02142403 0.84500509
v 0.36842736 -0.08884192 0.84785074
v 0.37685978 -0.15679208 0.85512125
v 0.29511651 -0.08924502 0.87278682
v 0.30290466 -0.15766477 0.8792575
v 0.31108617 -0.2263814 0.88640838
v 0.23385484 -0.15572041 0.91464012
v 0.24119612 -0.22478981 0.92118257
v 0.24638629 -0.29447054 0.92400389
v 0.17081968 -0.22279682 0.9548127
v 0.17548969 -0.2920753 0.95873409
v 0.18021296 -0.36053898 0.96502566
v 0.25111371 -0.36366304 0.92746794
v 0.18430917 -0.42844063 0.97242862
v 0.25615128 -0.43264904 0.93285673
v 0.18919709 -0.49486985 0.98381012
v 0.26257455 -0.50052154 0.94279247
v 0.19452549 -0.56024986 0.99773407
v 0.11023928 -0.48932227 1.01515126
v 0.11406099 -0.552522 1.0328015
v 0.11843788 -0.61300861 1.05246734
v 0.2005971 -0.62184447 1.01371097
v 0.12250947 -0.66835737 1.06946432
v 0.20838184 -0.67854309 1.03151655
v 0.12518413 -0.71636188 1.08006846
v 0.21273921 -0.72418606 1.04215776
v 0.1270208 -0.75542444 1.08438909
v 0.21513867 -0.76024979 1.0463134
v 0.12807107 -0.7887699 1.08327508
v 0.21627248 -0.79182446 1.04462719
v 0.12807808 -0.81773978 1.07776045
v 0.21638684 -0.81876111 1.03950882
v 0.12665125 -0.842808 1.06746506
v 0.21476098 -0.84114867 1.02999234
v 0.12143518 -0.85702985 1.04642629
v 0.20940993 -0.85528034 1.01124596
v 0.11474115 -0.86019998 1.0209093
v 0.20218466 -0.85845863 0.98766946
v 0.10803774 -0.86073142 0.99389082
v 0.19449888 -0.85899949 0.96197706
v 0.10026196 -0.86096149 0.95873451
v 0.18582619 -0.85925656 0.93043541
v 0.09003291 -0.86106771 0.90562105
v 0.17363549 -0.85938561 0.88151872
v 0.08061324 -0.86114233 0.84688389
v 0.16141881 -0.8594436 0.82561069
v 0.07092518 -0.86134362 0.78484296
v 0.1488834 -0.85959279 0.76540041
v 0.06116403 -0.86177623 0.72016358
v 0.13623336 -0.85996162 0.70240837
v 0.05155541 -0.86249262 0.65539902
v 0.1236908 -0.86062979 0.63891178
v 0.04223357 -0.86331987 0.59126818
v 0.11177843 -0.86145079 0.57573241
v 0.03312418 -0.86404073 0.52823281
v 0.09962919 -0.86224323 0.51205325
v 0.02395753 -0.86451923 0.46627295
v 0.08792897 -0.86284852 0.4510073
v 0.01512278 -0.86490511 0.40524008
v 0.07656618 -0.86345529 0.39055696
v 0.13652151 -0.86227363 0.37102484
v 0.06528809 -0.86449194 0.33137992
v 0.12185538 -0.86357498 0.31166032
v 0.17639052 -0.86280566 0.28747108
v 0.10629043 -0.8651849 0.25330308
v 0.15759331 -0.86446434 0.22926895
v 0.20756723 -0.86373066 0.20160788
v 0.1370522 -0.86615496 0.17184871
v 0.18331107 -0.8653987 0.14385148
v 0.22919867 -0.86453193 0.1132719
v 0.15596149 -0.86691743 0.08713031
v 0.19848823 -0.86602479 0.05594582
v 0.24128945 -0.86503583 0.02289931
v 0.16364654 -0.86733418 0.00002252
v 0.20383979 -0.86633777 -0.03352349
v 0.2447424 -0.86524367 -0.06839838
v 0.16227206 -0.86744308 -0.08782412
v 0.20157019 -0.86632871 -0.12316411
v 0.24160853 -0.86513394 -0.159526
v 0.15532688 -0.86719256 -0.17515407
v 0.19440199 -0.86600297 -0.21217662
v 0.23420369 -0.86469942 -0.25003221
v 0.14536258 -0.8667187 -0.26220253
v 0.18463008 -0.8654446 -0.30103972
v 0.22454936 -0.86398708 -0.34045019
v 0.13370181 -0.86612528 -0.34949827
v 0.17313817 -0.86469757 -0.38989207
v 0.21312888 -0.86312317 -0.43062695
v 0.12089985 -0.86535114 -0.43746078
v 0.16041687 -0.86385083 -0.47901383
v 0.20030002 -0.86231809 -0.52060055
v 0.10725734 -0.86454558 -0.52609598
v 0.14675113 -0.86313551 -0.5687887
v 0.1865015 -0.86179214 -0.61134415
v 0.09309858 -0.86394083 -0.61598491
v 0.1322841 -0.86270946 -0.65961253
v 0.17145629 -0.86158317 -0.70285689
v 0.07849269 -0.86346077 -0.70736438
v 0.11705118 -0.86237162 -0.75174599
v 0.02566887 -0.86401552 -0.75448274
v 0.03975446 -0.86464631 -0.66253221
v -0.01272304 -0.86512678 -0.70817816
v -0.06425872 -0.86549341 -0.75315684
v -0.05129496 -0.86634171 -0.66142088
v -0.10280787 -0.86660379 -0.70482814
v -0.15331694 -0.86690616 -0.74742829
v -0.14136308 -0.86779135 -0.65595156
v -0.19220174 -0.86793261 -0.69708281
v -0.24211126 -0.86825299 -0.73754251
v -0.23090903 -0.86910426 -0.64639622
v -0.28136566 -0.86931866 -0.68556952
v -0.33078464 -0.8696438 -0.72407418
v -0.3202866 -0.87040364 -0.63316106
v -0.37049445 -0.87066382 -0.67068862
v -0.41933989 -0.87099152 -0.70774078
v -0.40961793 -0.87173521 -0.61687552
v -0.45951449 -0.87199479 -0.65303266
v -0.50710785 -0.8723191 -0.68845319
v -0.49874854 -0.87304991 -0.59768688
v -0.5477336 -0.87332916 -0.63241869
v -0.59250795 -0.87367564 -0.66526264
v -0.58713012 -0.87432324 -0.57525008
v -0.63331604 -0.87466663 -0.60724866
v -0.67613613 -0.87505996 -0.63787293
v -0.67299461 -0.87556225 -0.54778415
v -0.71832114 -0.87599116 -0.57772636
v -0.75591254 -0.87633562 -0.60390412
v -0.75860202 -0.87675821 -0.51554834
v -0.79822713 -0.87713897 -0.54023879
v -0.82282179 -0.87720572 -0.55611616
v -0.83691757 -0.87775164 -0.47394886
v -0.86150825 -0.87782967 -0.48792302
v -0.88178515 -0.87752068 -0.49941736
v -0.89430505 -0.87833535 -0.41591152
v -0.91397911 -0.8781929 -0.42532861
v -0.93190372 -0.87768155 -0.43387424
v -0.93953001 -0.87866914 -0.34728363
v -0.95732408 -0.87822616 -0.35413089
v -0.97273141 -0.87722319 -0.36015206
v -0.97641557 -0.87877792 -0.27184885
v -0.99219149 -0.8775379 -0.27656087
v -0.99800646 -0.86159372 -0.27936825
v -1.00510644 -0.87533491 -0.19321657
v -1.012102 -0.86039805 -0.19590868
v -1.01548624 -0.8430159 -0.19821991
v -1.02446341 -0.85765898 -0.11567172
v -1.02805054 -0.84147566 -0.11757201
v -1.03049814 -0.82279628 -0.1195298
v -1.04149675 -0.84117066 -0.04083247
v -1.04369974 -0.82332801 -0.04194982
v -1.04599905 -0.8004738 -0.04294353
v -1.06011176 -0.8258742 0.03226151
v -1.06150054 -0.8033176 0.032938
v -1.0632534 -0.77311718 0.03407151
v -1.08016967 -0.80611223 0.10596087
v -1.08091414 -0.77678149 0.10966587
v -1.08220386 -0.73500633 0.114681
v -1.0985521 -0.78184539 0.18331542
v -1.09836685 -0.74558359 0.19274222
v -1.11963999 -0.78945165 0.25192832
v -1.11858177 -0.75882077 0.26745232
v -1.14628243 -0.79852372 0.31021517
v -1.14310014 -0.77401328 0.32541897
v -1.18031525 -0.80852651 0.36018499
v -1.17511439 -0.78985589 0.37477818
v -1.16750133 -0.76517856 0.39742416
v -1.21474075 -0.8012433 0.41923207
v -1.20630109 -0.78063285 0.44222718
v -1.19505035 -0.75664168 0.47668409
v -1.1560229 -0.73731148 0.43042385
v -1.17993223 -0.73279202 0.52485972
v -1.13779795 -0.70795941 0.47845444
v -1.08278131 -0.63836258 0.48863723
v -1.06848669 -0.58389985 0.45057353
v -1.04302203 -0.61886453 0.54004597
v -1.02914392 -0.56449198 0.50707083
v -1.01764774 -0.5068506 0.47933116
v -1.05948162 -0.51862585 0.41898331
v -0.99462616 -0.60655349 0.57719302
v -0.98026001 -0.55593186 0.55004358
v -0.96753108 -0.50331747 0.52787327
v -0.95396888 -0.44860026 0.50711613
v -1.00367331 -0.44805157 0.45597517
v -0.92902773 -0.55047774 0.5901677
v -0.9172908 -0.50310826 0.57247173
v -0.90476232 -0.45185995 0.55326521
v -0.89019584 -0.39735212 0.53467989
v -0.93897515 -0.39176127 0.48925757
v -0.87398856 -0.50093293 0.62907308
v -0.8623498 -0.45208597 0.60905873
v -0.84811425 -0.39976608 0.58851671
v -0.83245682 -0.34361061 0.5717293
v -0.87675559 -0.33861988 0.52086502
v -0.85310417 -0.44284683 0.67861867
v -0.84131377 -0.38936752 0.65660953
v -0.8292579 -0.33498308 0.63929373
v -0.81800347 -0.2787112 0.6282978
v -0.82120162 -0.28261637 0.55809807
v -0.8291186 -0.38420468 0.72744661
v -0.81903064 -0.32930484 0.71162587
v -0.81045752 -0.27434864 0.70228463
v -0.80128324 -0.21779839 0.69807696
v -0.80814278 -0.21982631 0.62489932
v -0.79234653 -0.32763442 0.78559947
v -0.78340309 -0.27221757 0.77719849
v -0.77546656 -0.21555398 0.77257949
v -0.76731371 -0.15694107 0.76942002
v -0.79212933 -0.15960151 0.69696545
v -0.73509788 -0.27516749 0.84066402
v -0.72680908 -0.21693217 0.83520758
v -0.71958828 -0.15670163 0.83062112
v -0.71232426 -0.09421345 0.82473582
v -0.75926685 -0.09549069 0.76688379
v -0.66328519 -0.22329299 0.87881404
v -0.6563881 -0.16093491 0.87313306
v -0.65005737 -0.09720782 0.86495214
v -0.64421737 -0.03214642 0.85600465
v -0.70523965 -0.02940736 0.81798338
v -0.58816462 -0.16802738 0.90392369
v -0.58238428 -0.10322663 0.89453804
v -0.57766783 -0.03730677 0.8840509
v -0.57465881 0.03083275 0.87684357
v -0.63970881 0.03554355 0.85052293
v -0.51255488 -0.11041275 0.91784918
v -0.50840437 -0.04390153 0.90482741
v -0.50536751 0.02396265 0.89271789
v -0.50169199 0.09273602 0.87962263
v -0.57199817 0.10126954 0.86874502
v -0.43705767 -0.0520907 0.92001932
v -0.43412372 0.01561987 0.90489625
v -0.43064349 0.08327185 0.88871353
v -0.42535215 0.15092261 0.87642216
v -0.49620181 0.16091454 0.86733549
v -0.36312857 0.00753691 0.92190098
v -0.35939467 0.07496138 0.90505415
v -0.35407155 0.14191396 0.89019781
v -0.3485108 0.2104526 0.88747817
v -0.41939497 0.21938091 0.87457472
v -0.28788024 0.06567939 0.9172042
v -0.28288468 0.1337658 0.90501886
v -0.2780711 0.20264254 0.90345686
v -0.2723011 0.27122429 0.90624934
v -0.34242168 0.27895307 0.89104765
v -0.21389062 0.12660974 0.9262048
v -0.20999485 0.19582732 0.92750656
v -0.20373 0.26488074 0.92914998
v -0.19540004 0.33308795 0.92966538
v -0.26442825 0.33900457 0.90625137
v -0.14573665 0.18962733 0.95834833
v -0.13915737 0.25925773 0.96039903
v -0.12997604 0.32797271 0.9635505
v -0.11915614 0.39486381 0.963153
v -0.18635985 0.3991822 0.92914122
v -0.06990644 0.25326108 0.97761982
v -0.05979875 0.32173666 0.98233932
v -0.04666719 0.38965714 0.98315596
v -0.0363045 0.45526653 0.98319762
v -0.11020603 0.45880961 0.96174353
v 0.01342007 0.31548091 0.98061645
v 0.02673392 0.38309845 0.98189503
v 0.03922692 0.45067751 0.9834584
v 0.04708026 0.51655018 0.98237043
v -0.03003539 0.51818764 0.98137813
v 0.09877673 0.37918552 0.96014475
v 0.10989466 0.44601178 0.96157342
v 0.11886555 0.51251852 0.95971262
v 0.12375059 0.57676911 0.95628362
v 0.05007814 0.57964134 0.97958189
v 0.17401909 0.44427424 0.91743481
v 0.18205004 0.51067918 0.91690027
v 0.18720911 0.57600563 0.91577047
v 0.18846841 0.64003193 0.91286152
v 0.12513484 0.63916635 0.95371198
v 0.25041976 0.51172298 0.88609361
v 0.25507041 0.57823097 0.8856244
v 0.25544765 0.64392066 0.88286775
v 0.2536399 0.70949012 0.88266468
v 0.18858198 0.70362883 0.91387677
v 0.32501187 0.58350461 0.86452436
v 0.32366046 0.65004569 0.8568201
v 0.3183628 0.71556502 0.85398757
v 0.31962084 0.78151929 0.87314027
v 0.25702986 0.77245342 0.90098816
v 0.39056178 0.65736037 0.82803994
v 0.38431263 0.72457879 0.82698637
v 0.38297483 0.78973275 0.84420371
v 0.39039784 0.84185308 0.8677231
v 0.32528039 0.833857 0.90051078
v 0.45158276 0.73228168 0.80203884
v 0.45113536 0.79433375 0.8143292
v 0.45699971 0.84735286 0.83053976
v 0.52131205 0.79439336 0.78536641
v 0.52622693 0.84762311 0.7956444
v 0.58473813 0.79242956 0.74615865
v 0.58993142 0.84770625 0.7527244
v 0.63905447 0.78962743 0.69868135
v 0.64528214 0.84803998 0.70275658
v 0.68835938 0.78667163 0.64719647
v 0.69178021 0.84773618 0.64658695
v 0.73931825 0.78321677 0.59681528
v 0.74095046 0.8450824 0.59321624
v 0.80034804 0.78248405 0.55711036
v 0.79738026 0.84184223 0.54926115
v 0.85110515 0.78315109 0.50411111
v 0.84528213 0.84205728 0.49404326
v 0.89316719 0.78668892 0.4436329
v 0.88672953 0.84641957 0.43134272
v 0.92767155 0.79048061 0.3774268
v 0.91986781 0.84626323 0.36252042
v 0.93155103 0.78444171 0.29571244
v 0.92625498 0.83773273 0.28264865
v 0.92927902 0.88476121 0.27163323
v 0.93164908 0.83284878 0.20381087
v 0.93710595 0.88427871 0.19769644
v 0.94539862 0.92493683 0.20004439
v 0.95566934 0.88472855 0.12927253
v 0.9624111 0.92627823 0.12936474
v 0.96433973 0.95462727 0.13014979
v 0.97972929 0.92614108 0.0584921
v 0.98321294 0.95630401 0.05771549
v 0.98019629 0.98251003 0.05603325
v 0.99334114 0.95414155 -0.01724956
v 0.98890751 0.98044019 -0.02028118
v 0.97853386 1.00177657 -0.02210689
v 0.99053359 0.97458159 -0.0960661
v 0.97790867 0.99635982 -0.09734814
v 0.96212476 1.01293182 -0.09753676
v 0.97082006 0.98868715 -0.16901688
v 0.95473969 1.00639057 -0.16796867
v 0.93535989 1.01790821 -0.16555404
v 0.942873 0.9996531 -0.23492984
v 0.92369604 1.01237738 -0.23122467
v 0.90224224 1.01640391 -0.22628434
v 0.90803045 1.00664329 -0.29602587
v 0.88677042 1.01081526 -0.28937467
v 0.86668306 1.00360393 -0.28207525
v 0.8667863 1.0030564 -0.34957087
v 0.84780943 0.99637508 -0.34160116
v 0.83286202 0.98205703 -0.33457917
v 0.82422953 0.99137425 -0.39767924
v 0.81041067 0.97667467 -0.39123329
v 0.79499846 0.99173599 -0.45046627
v 0.78079736 0.97676831 -0.44395643
v 0.76080966 0.99439793 -0.50162875
v 0.7470988 0.97868633 -0.49467852
v 0.72352159 0.99603706 -0.552037
v 0.71041768 0.97994351 -0.54410284
v 0.68224602 0.996728 -0.60001689
v 0.67017954 0.98027384 -0.59130257
v 0.65935945 0.96003353 -0.58406502
v 0.62450957 0.98192906 -0.63461738
v 0.61345839 0.96195614 -0.62656664
v 0.59909039 0.93567085 -0.61563843
v 0.56290435 0.96451854 -0.66671764
v 0.54882615 0.93726199 -0.65424305
v 0.49786636 0.93431794 -0.69252103
v 0.73991411 1.00449419 -0.56305384
v 0.77821129 1.00206399 -0.51146096
v 0.79620808 0.9978131 -0.52241623
v 0.81231987 0.99852371 -0.45924004
v 0.83033722 0.99337434 -0.46891394
v 0.84523367 0.97926759 -0.4771299
v 0.86047852 0.99329704 -0.41446027
v 0.8763594 0.97967565 -0.42150002
v 0.88910961 0.95964223 -0.42670643
v 0.90438932 0.9861992 -0.36378791
v 0.91775411 0.96592527 -0.36778065
v 0.93052172 0.9409942 -0.37103498
v 0.94165319 0.97411942 -0.30427861
v 0.95438534 0.94974333 -0.30612829
v 0.96476191 0.92125958 -0.30613687
v 0.97328281 0.9579004 -0.23839223
v 0.98291009 0.92952758 -0.23722298
v 0.98550957 0.89803779 -0.23324248
v 0.99385756 0.93854093 -0.16565257
v 0.99477291 0.9081617 -0.16082796
v 0.99159109 0.86645466 -0.15421986
v 0.99663418 0.9170494 -0.08736376
v 0.99148714 0.87496477 -0.08138176
v 0.98896253 0.81904709 -0.07395503
v 0.98533076 0.88044905 -0.00962448
v 0.98234641 0.82549238 -0.00302684
v 0.98769748 0.76684528 0.00607667
v 0.97070413 0.82950931 0.06616351
v 0.97862941 0.7719593 0.07604542
v 0.99442845 0.71278268 0.08911528
v 0.95927375 0.77425849 0.14313216
v 0.97317344 0.71497154 0.15687345
v 0.9873588 0.65497767 0.1733196
v 0.94486343 0.72014004 0.22618043
v 0.95574796 0.66231316 0.24144356
v 0.96699541 0.60089069 0.25139451
v 0.94919508 0.67035269 0.31690892
v 0.95355975 0.60333389 0.31640628
v 0.95597732 0.53352624 0.31186085
v 0.94381535 0.59437483 0.38561803
v 0.94390958 0.5280888 0.3754287
v 0.94284492 0.46011549 0.36945438
v 0.90793615 0.51883018 0.44095441
v 0.90631777 0.45437157 0.43330073
v 0.90220886 0.38909772 0.42719924
v 0.85755175 0.44995918 0.4965541
v 0.85292905 0.38632884 0.49075183
v 0.84851747 0.32318964 0.48701643
v 0.79607528 0.38397869 0.54921281
v 0.79295539 0.32072192 0.54714196
v 0.79026061 0.25757235 0.5457862
v 0.72967869 0.31864059 0.59670639
v 0.72709721 0.25491833 0.59554624
v 0.72757637 0.19106136 0.59693568
v 0.66977155 0.25215503 0.6498624
v 0.67223727 0.18801872 0.65276992
v 0.61814665 0.2495207 0.70737421
v 0.61961889 0.18523222 0.70899456
v 0.56029909 0.24708509 0.75651633
v 0.55995535 0.18225435 0.75553041
v 0.49772825 0.24503488 0.79737961
v 0.49672433 0.17955882 0.7957918
v 0.43394592 0.2431312 0.83446157
v 0.43085807 0.17734852 0.83095115
v 0.4305951 0.1119785 0.82782554
v 0.36107528 0.17621237 0.85817706
v 0.35957869 0.11087553 0.85384446
v 0.35956361 0.04510099 0.8481152
v 0.28570389 0.1116883 0.87357127
v 0.2864758 0.04564312 0.87128299
v 0.2896603 -0.02130308 0.87055432
v 0.21300767 0.04722198 0.89361715
v 0.21819135 -0.01979791 0.89862304
v 0.22566007 -0.08746527 0.90623027
v 0.1484716 -0.01778799 0.92969942
v 0.15688313 -0.08491999 0.94048625
v 0.16476939 -0.15344652 0.9494329
v 0.08491012 -0.08388502 0.96728837
v 0.09168029 -0.15249411 0.97504025
v 0.096702 -0.22135289 0.98023468
v 0.01526167 -0.15263003 0.99083071
v 0.01858644 -0.22077985 0.9957658
v 0.0212553 -0.28824365 1.00063371
v 0.1005198 -0.28981134 0.98508715
v 0.0234159 -0.35498353 1.00692832
v 0.10375768 -0.35748595 0.9916343
v 0.02468281 -0.4206483 1.01645755
v 0.10679578 -0.42421296 1.00105071
v 0.02570348 -0.48494014 1.03048098
v -0.05956149 -0.41887623 1.01427245
v -0.0606651 -0.48241001 1.02919495
v -0.06241685 -0.54342722 1.05072283
v 0.02674121 -0.54703962 1.04951071
v -0.06437851 -0.6017391 1.07697737
v 0.02801581 -0.60654717 1.0716269
v -0.0651245 -0.65703719 1.10025823
v 0.02981266 -0.66158628 1.09133088
v -0.06503241 -0.7067573 1.11516499
v 0.03138771 -0.71081322 1.10340523
v -0.06467683 -0.74909269 1.12034857
v 0.03274436 -0.75193733 1.10891008
v -0.06452435 -0.78448605 1.12000095
v 0.03353029 -0.78618687 1.10900306
v -0.06477217 -0.81553149 1.11550283
v 0.03375332 -0.81678229 1.1054157
v -0.06540401 -0.84246808 1.10546982
v 0.03280648 -0.84326213 1.09556388
v -0.06616748 -0.85931378 1.08369123
v 0.02959871 -0.85894721 1.07382214
v -0.06727268 -0.86335229 1.05588567
v 0.02500159 -0.86182439 1.04604136
v -0.0688261 -0.86377275 1.02489066
v 0.02040684 -0.86227285 1.01662051
v -0.0707051 -0.86398392 0.98665845
v 0.01522193 -0.86248463 0.97861647
v -0.07415176 -0.86420732 0.93006098
v 0.00800681 -0.86263197 0.92234957
v -0.07824645 -0.86451739 0.86921405
v 0.00118237 -0.86280542 0.86185717
v -0.08281024 -0.86499059 0.80469161
v -0.00597924 -0.86313706 0.79758667
v -0.08759225 -0.86564213 0.73885142
v -0.013134 -0.8636778 0.73231464
v -0.09246678 -0.86642974 0.67352527
v -0.02038711 -0.86443996 0.66681289
v -0.09735061 -0.86724013 0.60856866
v -0.02744502 -0.86527192 0.60242402
v -0.10206034 -0.8678925 0.54495197
v -0.03422811 -0.86596649 0.53892946
v -0.10638269 -0.86822098 0.48236411
v -0.04074033 -0.86634141 0.47648763
v -0.11022921 -0.86830586 0.42095065
v -0.04697688 -0.86653864 0.41540134
v -0.11354572 -0.86854767 0.36097329
v -0.05265142 -0.86698406 0.35612431
v 0.0069793 -0.86562109 0.34633618
v -0.0577395 -0.8680067 0.29846626
v -0.0011621 -0.86691844 0.28843689
v 0.0534593 -0.8659625 0.27354764
v -0.00891985 -0.8683862 0.23239344
v 0.04176026 -0.86752629 0.2174673
v 0.09008644 -0.86683124 0.19688089
v 0.02798602 -0.86897337 0.16370131
v 0.07075129 -0.86834573 0.14193432
v 0.11366695 -0.86769115 0.11596307
v 0.04681708 -0.86965972 0.08886253
v 0.08518222 -0.8690021 0.0617102
v 0.12416783 -0.86822915 0.03180997
v 0.05003581 -0.87019521 0.01050753
v 0.08640082 -0.86940431 -0.02097056
v 0.12377813 -0.86847943 -0.05370222
v 0.04300352 -0.87038463 -0.06892405
v 0.07951217 -0.86939048 -0.10357205
v 0.1170153 -0.86831837 -0.13894222
v 0.03230783 -0.8699463 -0.14873655
v 0.0691117 -0.86891555 -0.18628279
v 0.10683052 -0.86786001 -0.22396035
v 0.01946813 -0.86939251 -0.22959655
v 0.05679947 -0.86845541 -0.26960495
v 0.0948722 -0.86737793 -0.30941402
v 0.00574873 -0.86909174 -0.31252151
v 0.04340395 -0.86800509 -0.35416954
v 0.08184088 -0.86674791 -0.39581689
v -0.00867311 -0.86853694 -0.39701181
v 0.0294269 -0.86728632 -0.4404084
v 0.0681327 -0.86594891 -0.48333928
v -0.02324069 -0.86778861 -0.48347935
v 0.01521159 -0.86654073 -0.52793908
v 0.05403229 -0.86523586 -0.57211613
v -0.03753671 -0.86710965 -0.57156193
v 0.00104921 -0.86587828 -0.61725425
v -0.08979766 -0.86754417 -0.61421537
v -0.07574793 -0.86831241 -0.52538734
v -0.12801206 -0.86876231 -0.56653261
v -0.17978397 -0.86901116 -0.6068378
v -0.16571775 -0.86991542 -0.51825904
v -0.21778653 -0.87028455 -0.55707562
v -0.26919269 -0.87036544 -0.59523242
v -0.25507646 -0.87149596 -0.50682514
v -0.30710017 -0.87166243 -0.54375618
v -0.35860517 -0.87164312 -0.58042675
v -0.34391287 -0.87285047 -0.49171719
v -0.39626306 -0.87293106 -0.52725017
v -0.44770968 -0.87291485 -0.56240439
v -0.43242994 -0.87414926 -0.47306904
v -0.48518455 -0.87412297 -0.50744748
v -0.53669107 -0.87412256 -0.54142683
v -0.52078884 -0.87518405 -0.45122677
v -0.57356709 -0.87513256 -0.48428416
v -0.62512636 -0.87524753 -0.51689887
v -0.60857361 -0.87594527 -0.42585751
v -0.66114902 -0.87602758 -0.45706981
v -0.71076661 -0.87631255 -0.48672378
v -0.6946727 -0.87662375 -0.39555087
v -0.74597221 -0.8769077 -0.42399761
v -0.79553467 -0.87735503 -0.4511975
v -0.7776342 -0.87739253 -0.35913533
v -0.82804566 -0.87782466 -0.38430014
v -0.8705554 -0.87822592 -0.4043793
v -0.85565137 -0.87823128 -0.31413686
v -0.89774894 -0.87863409 -0.33094525
v -0.92019903 -0.87875735 -0.33989033
v -0.91790032 -0.87900859 -0.25394928
v -0.93964558 -0.87919867 -0.26091188
v -0.95876365 -0.87920475 -0.26658573
v -0.95349967 -0.8794732 -0.18046128
v -0.97278565 -0.87949574 -0.18527418
v -0.99019831 -0.87879073 -0.1895596
v -0.98652309 -0.879453 -0.10627344
v -1.00339841 -0.87793916 -0.11021596
v -1.01728403 -0.87124723 -0.11350475
v -1.01976871 -0.87710332 -0.03500159
v -1.03198897 -0.86926287 -0.03805283
v -1.03863215 -0.85651248 -0.03982418
v -1.05059063 -0.86903941 0.03332655
v -1.05626618 -0.85701459 0.03195684
v -1.05823385 -0.84263908 0.0320136
v -1.07907831 -0.85961717 0.10016749
v -1.07995712 -0.84478265 0.10125704
v -1.08004915 -0.82795387 0.10320981
v -1.10093295 -0.84606826 0.16895885
v -1.09980547 -0.82862693 0.17221105
v -1.0983895 -0.80828952 0.17691293
v -1.12241101 -0.82967436 0.23663435
v -1.12141096 -0.81072264 0.2427819
v -1.15151536 -0.83343017 0.29138672
v -1.14878571 -0.81703859 0.29986992
v -1.18816554 -0.84024256 0.33868902
v -1.18431735 -0.82532012 0.34854245
v -1.23071098 -0.8484317 0.38098472
v -1.22632718 -0.83371013 0.39113608
v -1.22113227 -0.81780386 0.40346834
v -1.27208161 -0.83963382 0.42881929
v -1.26536536 -0.82426303 0.4411343
v -1.2574526 -0.80757105 0.45635402
v -1.24761879 -0.78791171 0.47787141
v -1.30964374 -0.82862877 0.47497376
v -1.29992532 -0.81204688 0.48845577
v -1.28866791 -0.79301452 0.50686681
v -1.27676916 -0.77124655 0.53650313
v -1.23669683 -0.76515948 0.5114569
v -1.33844685 -0.81554991 0.51932972
v -1.34985303 -0.8323366 0.5104494
v -1.38842678 -0.83343333 0.55687415
v -1.37533855 -0.81628388 0.56276506
v -1.41540801 -0.83097076 0.61169797
v -1.39871323 -0.81360411 0.6179949
v -1.42602193 -0.82905328 0.66141653
v -1.40374863 -0.81034988 0.6676132
v -1.37246859 -0.79099988 0.67125552
v -1.40298128 -0.81124901 0.71167588
v -1.36696147 -0.79550188 0.71557062
v -1.32494139 -0.78150785 0.71409475
v -1.33271229 -0.77526396 0.66768223
v -1.27848517 -0.76962435 0.70770609
v -1.28957283 -0.76154995 0.65598219
v -1.22991395 -0.75683552 0.69806587
v -1.24656152 -0.74930751 0.63992387
v -1.26312482 -0.75402724 0.58284735
v -1.22294187 -0.74547123 0.55926835
v -1.27187573 -0.77935236 0.75124859
v -1.21966874 -0.76700371 0.74613726
v -1.26741576 -0.78831386 0.78580063
v -1.21374559 -0.77765637 0.78404164
v -1.15966379 -0.76616478 0.78388971
v -1.20897555 -0.79181271 0.81498092
v -1.15257132 -0.78436005 0.81728059
v -1.09346854 -0.7773714 0.8270865
v -1.10198903 -0.75631725 0.79286289
v -1.02924156 -0.76711124 0.84451007
v -1.03810322 -0.74212676 0.8090257
v -0.96484053 -0.74449807 0.86940521
v -0.9761722 -0.7167105 0.8290801
v -0.98256206 -0.69019711 0.77342647
v -0.92623394 -0.67799264 0.85059785
v -0.93210321 -0.65438717 0.78733211
v -0.88639664 -0.6297726 0.86604827
v -0.89649671 -0.60939174 0.7944681
v -0.87253534 -0.55737412 0.79057729
v -0.87922257 -0.54719322 0.71734488
v -0.85513317 -0.57014656 0.86382532
v -0.83205795 -0.5045734 0.84354931
v -0.85443955 -0.49876415 0.77245718
v -0.79289066 -0.51491248 0.9020338
v -0.77341949 -0.44903326 0.87939298
v -0.81595033 -0.44184103 0.81907701
v -0.73572349 -0.53225559 0.94216817
v -0.71359551 -0.4654113 0.91971236
v -0.69660013 -0.40465056 0.90331387
v -0.75847971 -0.38929992 0.86199754
v -0.66237521 -0.5497803 0.96405661
v -0.64245098 -0.4851289 0.94238579
v -0.62611198 -0.42266827 0.92664879
v -0.61367726 -0.35943833 0.91977292
v -0.68276393 -0.34463375 0.8923015
v -0.5658847 -0.50281935 0.95888048
v -0.55186712 -0.43878403 0.94518196
v -0.5409972 -0.37342658 0.94048017
v -0.53221446 -0.30833742 0.93865674
v -0.60293215 -0.29631143 0.91418874
v -0.47415384 -0.4520004 0.95994633
v -0.46497356 -0.38609325 0.95490998
v -0.45758333 -0.32007315 0.95392477
v -0.45140615 -0.2531825 0.95228666
v -0.52494502 -0.24236209 0.93612229
v -0.3864969 -0.39731475 0.9668442
v -0.38053053 -0.33097401 0.96601802
v -0.37551996 -0.2639006 0.9642021
v -0.37157985 -0.19628718 0.96071714
v -0.44619184 -0.18590448 0.94810122
v -0.3008162 -0.34064346 0.96977168
v -0.29732254 -0.27363684 0.96777731
v -0.29480302 -0.20611652 0.96520406
v -0.29329925 -0.13816034 0.95760273
v -0.36846998 -0.12812437 0.95157402
v -0.21812854 -0.28197118 0.96208375
v -0.21716837 -0.21394965 0.95990955
v -0.21709083 -0.14650373 0.95691388
v -0.21754914 -0.07899527 0.9480474
v -0.291994 -0.07027969 0.94374638
v -0.13875611 -0.21882043 0.97272342
v -0.14022174 -0.15171293 0.96931296
v -0.14281843 -0.08400394 0.9649508
v -0.1455924 -0.01596958 0.9602068
v -0.21738307 -0.0108026 0.93863767
v -0.06389746 -0.15333397 0.9913631
v -0.06787753 -0.08600512 0.98534512
v -0.07308772 -0.01880397 0.98008489
v -0.07653271 0.0487897 0.9762448
v -0.14719368 0.05249035 0.95614665
v 0.01010747 -0.08462718 0.98555052
v 0.00393734 -0.01754341 0.97927659
v -0.00119421 0.04907586 0.97505551
v -0.00382154 0.1158372 0.97294551
v -0.07737948 0.11674051 0.9752506
v 0.07759359 -0.01651092 0.95828276
v 0.07184767 0.05013802 0.95194047
v 0.06925647 0.11610082 0.94940263
v 0.07058548 0.18161758 0.94928336
v -0.00193094 0.18256296 0.97421807
v 0.14134885 0.04897417 0.92052876
v 0.13746491 0.1146937 0.91374629
v 0.13736394 0.18060696 0.91122847
v 0.14192113 0.24649642 0.91299551
v 0.07650762 0.24700298 0.95236909
v 0.20995096 0.1130752 0.88840866
v 0.21039319 0.17871487 0.8862186
v 0.21448226 0.24396619 0.88822186
v 0.22265054 0.30945193 0.88870269
v 0.1509131 0.31263354 0.91496563
v 0.28718754 0.17701815 0.87666076
v 0.29122406 0.24194482 0.87984752
v 0.29856988 0.30778518 0.88135987
v 0.30813449 0.37575441 0.88172924
v 0.23419722 0.37625819 0.88815861
v 0.36520904 0.24195423 0.86215615
v 0.37104642 0.30851948 0.86318683
v 0.37796202 0.37745931 0.86060333
v 0.38618499 0.44808042 0.85754144
v 0.31681436 0.44566047 0.8780415
v 0.43825021 0.31019783 0.83457386
v 0.4436084 0.37889531 0.83186131
v 0.45004817 0.44921502 0.8275457
v 0.4554452 0.52021926 0.81950277
v 0.39070132 0.51868325 0.84831529
v 0.50598543 0.37914857 0.79683107
v 0.51306241 0.44879689 0.79624122
v 0.5216313 0.52017408 0.7974624
v 0.52477443 0.59223628 0.79191291
v 0.45556536 0.59091568 0.80666494
v 0.57542413 0.44691461 0.7617951
v 0.5822823 0.51694929 0.76139098
v 0.58657354 0.58769661 0.75675147
v 0.58721071 0.65901655 0.74957579
v 0.52477115 0.66285222 0.7844007
v 0.6370216 0.51335942 0.71260184
v 0.64113122 0.58293998 0.71043348
v 0.64167743 0.65421664 0.70573288
v 0.63949841 0.72413492 0.70081019
v 0.58437895 0.72832834 0.74544566
v 0.69284987 0.58072602 0.65981566
v 0.69317615 0.65081125 0.65708965
v 0.6903938 0.71999305 0.65169656
v 0.74656623 0.64842492 0.6083759
v 0.74294847 0.716834 0.60274332
v 0.80926919 0.64874905 0.5678026
v 0.80623066 0.7169429 0.56538653
v 0.86185675 0.64996874 0.5139361
v 0.85795205 0.71855503 0.51178687
v 0.90718096 0.65406882 0.45533976
v 0.90286088 0.72322779 0.45370513
v 0.94232618 0.66252428 0.39315027
v 0.93663132 0.72947073 0.38878917
v 0.94014883 0.72873061 0.30808571
v 0.93501484 0.77749675 0.21383914
v 0.95232909 0.83118593 0.13346722
v 0.97297471 0.88344538 0.06072095
v 0.99139875 0.92353421 -0.01401615
v 0.99737262 0.94777637 -0.09246529
v 0.98531514 0.96642851 -0.16867773
v 0.9585058 0.98090809 -0.23716348
v 0.9269526 0.99382662 -0.30113342
v 0.88671833 0.99905639 -0.35746315
v 0.84180086 0.99769479 -0.40579485
v 0.90803247 0.58475953 0.44959026
v 0.86196953 0.58102619 0.51029694
v 0.86071956 0.51441645 0.50372195
v 0.8085742 0.57978063 0.56547045
v 0.80581146 0.51258403 0.56031519
v 0.80071729 0.44761672 0.55375689
v 0.74431198 0.5125342 0.60737419
v 0.7380138 0.44678407 0.60172444
v 0.73267722 0.3826169 0.59791857
v 0.6835491 0.44574189 0.65687501
v 0.67688673 0.38084143 0.65333586
v 0.67189067 0.31642508 0.65058594
v 0.6254515 0.37902018 0.711241
v 0.62006133 0.31404718 0.70814657
v 0.56931054 0.37856745 0.76117003
v 0.56374418 0.31226959 0.75891512
v 0.50148922 0.31135472 0.79876464
v 0.63174551 0.44540059 0.71355474
v 0.68952977 0.51232761 0.65949428
v 0.74744385 0.57975989 0.61029779
v 0.52091199 0.7316454 0.78020787
v 0.455693 0.66233855 0.7994101
v 0.39261022 0.58880913 0.83711093
v 0.32295951 0.51527482 0.87412774
v 0.24400217 0.44406679 0.8872714
v 0.16268961 0.3787527 0.91637235
v 0.08572851 0.31277245 0.95630568
v 0.00338254 0.24852585 0.97613245
v -0.07584501 0.18498349 0.97556829
v -0.14790731 0.12087039 0.95676386
v -0.21684436 0.05774061 0.93215769
v -0.29045239 -0.00229551 0.92932468
v -0.36555171 -0.06057477 0.9365462
v -0.44114145 -0.11897942 0.9357084
v -0.51863944 -0.17609286 0.93022406
v -0.59471452 -0.23239985 0.91001504
v -0.67141807 -0.28450888 0.88370555
v -0.74563819 -0.33206042 0.8494609
v -0.80295902 -0.38356658 0.79928207
v -0.84063613 -0.44038912 0.7487961
v -0.86495369 -0.49552378 0.70110005
v -0.8846817 -0.54650932 0.64392626
v -0.06221908 -0.22039568 0.99814188
v -0.13833829 -0.28601154 0.97594815
v -0.06059758 -0.28721413 1.00092697
v -0.13868561 -0.3529033 0.97970098
v -0.05916616 -0.35363745 1.00541257
v -0.14046734 -0.41984981 0.98734986
v -0.22003354 -0.34872922 0.96577888
v -0.22323788 -0.41624844 0.96880382
v -0.22659345 -0.48332044 0.98278284
v -0.14269661 -0.48559674 1.00137317
v -0.23365169 -0.5445345 1.01062607
v -0.14738147 -0.54763501 1.0263096
v -0.24140623 -0.59994822 1.04576885
v -0.1534011 -0.60399371 1.05930769
v -0.24869121 -0.65559572 1.07493412
v -0.15800589 -0.65877431 1.0883578
v -0.25402942 -0.70342081 1.09154319
v -0.16080735 -0.70626467 1.10508048
v -0.25769776 -0.74652707 1.09849703
v -0.16228129 -0.74835073 1.11293423
v -0.2597357 -0.78375721 1.09936201
v -0.16270522 -0.78460931 1.11277258
v -0.26045903 -0.8158943 1.09660136
v -0.16321295 -0.81587344 1.10922622
v -0.25991183 -0.8428483 1.08695817
v -0.16320718 -0.84318059 1.09960985
v -0.25760424 -0.86016905 1.06693792
v -0.16223719 -0.86011898 1.07883584
v -0.25401708 -0.86583447 1.04033637
v -0.16078203 -0.86474996 1.05149996
v -0.25038051 -0.86678385 1.01148438
v -0.15941055 -0.86527109 1.02187907
v -0.24662144 -0.86726439 0.97535932
v -0.15824984 -0.8655616 0.98447984
v -0.24288356 -0.86772954 0.92299616
v -0.15787866 -0.86589402 0.92988991
v -0.24069683 -0.86824774 0.86397254
v -0.15885812 -0.86632239 0.86981177
v -0.23952309 -0.86886304 0.80148112
v -0.16055932 -0.86689627 0.80599838
v -0.2389643 -0.8695532 0.73792678
v -0.16261832 -0.86760699 0.74054461
v -0.23895107 -0.870251 0.67304647
v -0.16514264 -0.86837858 0.67573195
v -0.23922509 -0.87087583 0.60853743
v -0.16783779 -0.86913263 0.61044377
v -0.23927974 -0.87131851 0.54453551
v -0.17035292 -0.8696919 0.54679042
v -0.23893128 -0.87150293 0.48136359
v -0.17262701 -0.86995595 0.48441779
v -0.23794111 -0.87158757 0.41822034
v -0.17393694 -0.87004935 0.42142406
v -0.23613022 -0.87183958 0.35647445
v -0.17476765 -0.87023502 0.36091232
v -0.23294282 -0.87241011 0.29555404
v -0.17405307 -0.87090003 0.30135417
v -0.11568618 -0.86934053 0.30278801
v -0.17185518 -0.87188839 0.24345329
v -0.11666912 -0.87055927 0.24616016
v -0.0615855 -0.8693642 0.24243535
v -0.1164411 -0.87162125 0.19314469
v -0.06433042 -0.87051737 0.19106981
v -0.01583141 -0.86964452 0.18061234
v 0.00977497 -0.87022185 0.11237603
v -0.01715012 -0.87133336 0.06711644
v 0.01550157 -0.87083804 0.03985115
v -0.05476898 -0.8723759 0.02977119
v -0.02476827 -0.87192887 -0.0024275
v 0.0080717 -0.87124592 -0.03530739
v -0.06996211 -0.87277758 -0.03721933
v -0.03769728 -0.87197792 -0.07456713
v -0.00347562 -0.87098926 -0.11156521
v -0.0855103 -0.87238591 -0.10946743
v -0.05190632 -0.87129056 -0.15008053
v -0.01680784 -0.87028187 -0.18985331
v -0.10150507 -0.87183159 -0.18552595
v -0.06691172 -0.87087601 -0.22864812
v -0.03110477 -0.87001812 -0.27078536
v -0.11787844 -0.87167918 -0.26525151
v -0.08241015 -0.87070012 -0.30958691
v -0.04599618 -0.86967104 -0.35344415
v -0.09812118 -0.87012589 -0.39301788
v -0.06107935 -0.8689779 -0.43852394
v -0.13428907 -0.8712216 -0.3471964
v -0.18659895 -0.87157464 -0.3841283
v -0.15053644 -0.87052214 -0.43182712
v -0.16951495 -0.87227028 -0.30073195
v -0.22166374 -0.87259513 -0.33575534
v -0.27403345 -0.87295812 -0.37023988
v -0.23898321 -0.87202054 -0.42028746
v -0.20344498 -0.87325698 -0.25331836
v -0.25550863 -0.87354999 -0.28644046
v -0.30785906 -0.8738172 -0.31923639
v -0.36076021 -0.87425202 -0.35216113
v -0.32674607 -0.87347197 -0.40459361
v -0.28790131 -0.87443637 -0.23602308
v -0.34025639 -0.87457668 -0.26697018
v -0.39330744 -0.87489277 -0.29834675
v -0.44679099 -0.8753975 -0.33003473
v -0.41392076 -0.87480729 -0.38501629
v -0.37096446 -0.87513452 -0.21317781
v -0.42397558 -0.87531703 -0.24297709
v -0.47797593 -0.87570089 -0.27349028
v -0.531789 -0.87611472 -0.30391746
v -0.50049001 -0.87580412 -0.36178422
v -0.45291912 -0.8755036 -0.1857527
v -0.50664478 -0.87581437 -0.21461424
v -0.56105327 -0.8762511 -0.2441082
v -0.61584526 -0.87662082 -0.27385169
v -0.58649122 -0.87638533 -0.33489385
v -0.53350371 -0.87585872 -0.1535791
v -0.58787381 -0.87632179 -0.18165849
v -0.64259553 -0.87678837 -0.20992782
v -0.69787848 -0.87717521 -0.23827761
v -0.670704 -0.87686872 -0.30317947
v -0.61269933 -0.87645399 -0.1167423
v -0.66759789 -0.87695097 -0.14384569
v -0.72269755 -0.8774138 -0.17072343
v -0.77714717 -0.87781983 -0.19650095
v -0.75242871 -0.87749546 -0.26559579
v -0.69073492 -0.87713038 -0.07524099
v -0.7456212 -0.87757498 -0.10070253
v -0.79956603 -0.87802803 -0.12476012
v -0.85101318 -0.87847757 -0.14624594
v -0.82935416 -0.87819457 -0.22006788
v -0.76718884 -0.87772041 -0.02860547
v -0.820468 -0.87816298 -0.05112458
v -0.87092083 -0.87867015 -0.07120922
v -0.91742062 -0.87918633 -0.08743703
v -0.89975601 -0.87894463 -0.1644248
v -0.8409686 -0.87828123 0.0230416
v -0.8904801 -0.87879169 0.00413355
v -0.93484622 -0.87934178 -0.01109626
v -0.96353906 -0.87968385 -0.01993531
v -0.94682335 -0.87949889 -0.09627406
v -0.91138714 -0.87890142 0.07830077
v -0.95528972 -0.87946999 0.06305045
v -0.98276019 -0.87984675 0.05398805
v -1.00492596 -0.8800379 0.04688105
v -0.98478329 -0.87984007 -0.02579774
v -0.97822499 -0.87963712 0.13373129
v -1.00500977 -0.88001489 0.124245
v -1.0269773 -0.88024562 0.11665978
v -1.04581141 -0.87996465 0.1103088
v -1.02393126 -0.8796395 0.04089929
v -1.02733767 -0.88018029 0.19193199
v -1.04885602 -0.88037067 0.18406182
v -1.06756734 -0.88022249 0.17743599
v -1.08340859 -0.8785724 0.17218297
v -1.06129574 -0.87763476 0.10528922
v -1.07112813 -0.88054966 0.24872584
v -1.0891602 -0.88033103 0.24130208
v -1.10490822 -0.87889134 0.23560929
v -1.11861598 -0.87349051 0.23101046
v -1.09683561 -0.87317276 0.1679459
v -1.11601078 -0.88082009 0.30047059
v -1.13133227 -0.87973344 0.29195776
v -1.14448237 -0.87515729 0.28522461
v -1.15180981 -0.8632701 0.28284502
v -1.12462449 -0.86151713 0.22966852
v -1.16669583 -0.88089752 0.34301939
v -1.17927396 -0.87815403 0.33380019
v -1.18868482 -0.8691926 0.32838806
v -1.1897664 -0.85488522 0.33185154
v -1.15269184 -0.84888321 0.28572624
v -1.22115933 -0.88108658 0.38006538
v -1.23294425 -0.8764376 0.36988252
v -1.23373138 -0.86266559 0.37303918
v -1.27641093 -0.88209325 0.4153549
v -1.28158402 -0.8697955 0.41182807
v -1.27749395 -0.85447001 0.41926193
v -1.32827711 -0.87450587 0.45137211
v -1.32375431 -0.85954803 0.45706918
v -1.31739699 -0.84430068 0.46507355
v -1.36926364 -0.86465919 0.49566146
v -1.35986971 -0.84842729 0.50282061
v -1.41036367 -0.86515033 0.54394203
v -1.39938736 -0.84983003 0.55010104
v -1.4401946 -0.86512422 0.59947574
v -1.42824375 -0.84890282 0.60537934
v -1.45720815 -0.8644765 0.65313315
v -1.44287502 -0.84772533 0.65715026
v -1.46424031 -0.86467075 0.69983291
v -1.44845008 -0.84803593 0.70181554
v -1.4297018 -0.82926523 0.70529454
v -1.46311807 -0.86660128 0.74645757
v -1.46557462 -0.88107508 0.69793629
v -1.46311771 -0.88159102 0.74489963
v -1.44845187 -0.88097631 0.79453837
v -1.4457519 -0.8664962 0.79567563
v -1.41602087 -0.87439101 0.83710509
v -1.4095298 -0.85474479 0.82641053
v -1.36857259 -0.85739433 0.85475558
v -1.36716473 -0.83707279 0.8387407
v -1.36087536 -0.82398766 0.81417721
v -1.31684029 -0.82649493 0.83983671
v -1.31466734 -0.81080567 0.81660455
v -1.31485843 -0.79928648 0.78749191
v -1.35876143 -0.81499558 0.78626871
v -1.31860387 -0.79083097 0.75374895
v -1.36210942 -0.80427652 0.75326985
v -1.26418054 -0.80079525 0.81596964
v -1.26327276 -0.81880962 0.83852154
v -1.206447 -0.81243187 0.83852332
v -1.26312589 -0.83999246 0.85549438
v -1.20604956 -0.83378475 0.85715687
v -1.14604282 -0.8282125 0.862845
v -1.14802968 -0.80678206 0.8422755
v -1.08244991 -0.82212376 0.87204277
v -1.08714175 -0.80036675 0.85218614
v -1.01402485 -0.81215214 0.88698196
v -1.02087914 -0.7908023 0.86922651
v -0.94479912 -0.79474961 0.91206234
v -0.9535017 -0.77140665 0.89697623
v -1.00814127 -0.83290922 0.89972287
v -0.93748599 -0.81691455 0.91989421
v -0.86762458 -0.79617106 0.95124471
v -0.93108457 -0.83811038 0.9234088
v -0.8599224 -0.82109677 0.94995182
v -0.78620517 -0.80958581 0.97871667
v -0.79495757 -0.77847236 0.98236978
v -0.70482808 -0.80585402 1.003641
v -0.70896118 -0.77099949 1.00797772
v -0.61779207 -0.80668366 1.0201056
v -0.61887669 -0.77148038 1.02496206
v -0.61735892 -0.73135715 1.02345895
v -0.61169809 -0.68561363 1.0169425
v -0.53040617 -0.77380782 1.04150033
v -0.52783292 -0.73348593 1.04130649
v -0.52220809 -0.68859386 1.03529548
v -0.51232284 -0.63462853 1.02084839
v -0.59856867 -0.62714242 1.00176
v -0.43998399 -0.73668921 1.06213295
v -0.43424737 -0.69308 1.05590915
v -0.42554816 -0.64166694 1.04076039
v -0.41470894 -0.58416628 1.01824259
v -0.49927017 -0.57576191 0.99868983
v -0.34520241 -0.69819122 1.07640218
v -0.3380317 -0.64764022 1.06210541
v -0.32873311 -0.59130084 1.03589046
v -0.319505 -0.53486573 1.00408184
v -0.40383434 -0.52489125 0.9932698
v -0.39415481 -0.46267712 0.97444367
v -0.4858872 -0.5156368 0.97530877
v -0.3114947 -0.47328472 0.98214852
v -0.30538204 -0.40777292 0.97256869
v -0.58212292 -0.56531846 0.97967404
v -0.35048571 -0.7414146 1.08241319
v -0.44297978 -0.77650481 1.0618968
v -0.35361823 -0.78007972 1.0834645
v -0.44357794 -0.81034612 1.05665469
v -0.35448291 -0.81354606 1.07963287
v -0.44246232 -0.83877146 1.04689395
v -0.35350054 -0.84085005 1.06911253
v -0.43866542 -0.86015552 1.0287534
v -0.35009473 -0.85950475 1.04954862
v -0.43287661 -0.86923557 1.00335669
v -0.34493738 -0.86693835 1.02361297
v -0.42675906 -0.87085765 0.97513759
v -0.3395935 -0.86854714 0.99498218
v -0.42046168 -0.87141394 0.94291818
v -0.33407744 -0.86920374 0.9605295
v -0.41256901 -0.87184256 0.89521765
v -0.32793757 -0.86972618 0.91128784
v -0.40523853 -0.87226331 0.83892935
v -0.32292094 -0.87025433 0.85379481
v -0.39887625 -0.87268894 0.77942544
v -0.31905981 -0.87082713 0.79279851
v -0.39325976 -0.87310069 0.71756947
v -0.31598496 -0.87142682 0.72968244
v -0.38806513 -0.87342685 0.65490007
v -0.31334605 -0.87196326 0.66597044
v -0.38297998 -0.87366634 0.59180253
v -0.31103748 -0.87241232 0.60183221
v -0.37788295 -0.87378782 0.52823954
v -0.30856022 -0.87269389 0.53800541
v -0.37230756 -0.87379825 0.46424105
v -0.30565464 -0.87279504 0.47469776
v -0.36611047 -0.8738448 0.40014511
v -0.30208662 -0.8728773 0.41096195
v -0.35903784 -0.87418752 0.33642527
v -0.2975738 -0.87315446 0.34801903
v -0.35095223 -0.87480676 0.27356547
v -0.2919119 -0.8737539 0.28617128
v -0.34085655 -0.87541317 0.21102206
v -0.28450352 -0.87451732 0.22546592
v -0.22796945 -0.8732745 0.23679305
v -0.27396372 -0.87503898 0.16555838
v -0.22048135 -0.87404739 0.17873545
v -0.1677985 -0.87279516 0.18848688
v -0.20929175 -0.87437433 0.12330437
v -0.15915957 -0.87334531 0.13541288
v -0.19296869 -0.87442266 0.07008407
v -0.14491564 -0.87355154 0.08591644
v -0.17113274 -0.87426275 0.02025771
v -0.12437012 -0.87349939 0.04033887
v -0.14588341 -0.87392151 -0.02523717
v -0.09908297 -0.87326455 0.00043973
v -0.11726787 -0.87332344 -0.06808974
v -0.16574403 -0.87384283 -0.0970705
v -0.1346431 -0.87289047 -0.14204543
v -0.19408999 -0.87451767 -0.05014748
v -0.24419097 -0.8751142 -0.07604173
v -0.21559178 -0.87442761 -0.12577435
v -0.21990473 -0.87495011 -0.0011832
v -0.27011838 -0.87550336 -0.0238227
v -0.32156372 -0.87578725 -0.0479757
v -0.29534891 -0.87550139 -0.10260159
v -0.24214862 -0.87516599 0.05173408
v -0.29300165 -0.87570744 0.03127869
v -0.34497913 -0.87596076 0.00920625
v -0.39771318 -0.87595224 -0.01405717
v -0.37370404 -0.87575721 -0.07314425
v -0.31234446 -0.87581533 0.08928126
v -0.36534386 -0.87613242 0.06914756
v -0.41893413 -0.8762148 0.04727062
v -0.47263199 -0.87618601 0.02452274
v -0.45068329 -0.87581753 -0.03846753
v -0.38289657 -0.87619149 0.1310499
v -0.43766379 -0.87642484 0.11088559
v -0.49251914 -0.87655544 0.08932911
v -0.54752302 -0.87667048 0.06677892
v -0.526955 -0.87619864 0.00052797
v -0.45435801 -0.87642419 0.17566002
v -0.5107817 -0.87674629 0.15548682
v -0.56697893 -0.87702405 0.13417241
v -0.62312698 -0.87726455 0.11208383
v -0.60277259 -0.87683636 0.04335961
v -0.52706962 -0.87661892 0.22207365
v -0.58497667 -0.87711399 0.20203752
v -0.6423189 -0.87753361 0.18118315
v -0.69905942 -0.8778283 0.15976622
v -0.67864918 -0.87746959 0.0894812
v -0.60186547 -0.87687897 0.26963928
v -0.66098117 -0.87754887 0.24992498
v -0.71912902 -0.87805146 0.22954928
v -0.77621853 -0.87834483 0.20878261
v -0.75502002 -0.8780145 0.13813988
v -0.67936855 -0.87738978 0.317808
v -0.73933327 -0.87814378 0.29836854
v -0.79791587 -0.87862688 0.27830037
v -0.85461539 -0.87889647 0.2578217
v -0.83179771 -0.87851804 0.18807701
v -0.75989943 -0.87825459 0.36600416
v -0.82040822 -0.87891012 0.34662523
v -0.87862277 -0.87930572 0.32660198
v -0.93231576 -0.8795802 0.3068923
v -0.90752023 -0.87911546 0.23813226
v -0.84375131 -0.87926757 0.41358634
v -0.90421974 -0.87975835 0.39402827
v -0.959625 -0.88010293 0.37438988
v -1.00796961 -0.88040417 0.35525685
v -0.98051816 -0.87986391 0.28773134
v -0.93094277 -0.88025182 0.45983466
v -0.98918366 -0.88066411 0.43977594
v -1.03906035 -0.88101238 0.42038551
v -1.08073711 -0.88132572 0.40155917
v -1.04989039 -0.88070464 0.33656311
v -1.01908826 -0.88123518 0.50303673
v -1.07192182 -0.88165408 0.48258367
v -1.11521863 -0.8820194 0.46271252
v -1.15078926 -0.88230872 0.44139236
v -1.11330986 -0.88156163 0.38296854
v -1.10395038 -0.88227796 0.54226338
v -1.14972722 -0.88272488 0.52067929
v -1.1876465 -0.8830865 0.49780952
v -1.21687293 -0.8833096 0.47497195
v -1.1755861 -0.88244813 0.42210349
v -1.1811515 -0.88338148 0.57591712
v -1.22163236 -0.88383114 0.55221843
v -1.25467348 -0.88416129 0.52769565
v -1.27633118 -0.88429153 0.50704538
v -1.23574447 -0.88334614 0.4568004
v -1.24874162 -0.8844338 0.600748
v -1.2845509 -0.88486796 0.57716977
v -1.31130182 -0.88514471 0.55547475
v -1.33025813 -0.88526678 0.53731441
v -1.29244875 -0.88425171 0.48948225
v -1.30687677 -0.88539314 0.62257868
v -1.33706426 -0.88577127 0.6016488
v -1.35961854 -0.88601869 0.58528578
v -1.3796699 -0.88616192 0.56975317
v -1.34617734 -0.88518887 0.52125424
v -1.35372138 -0.88618183 0.64418709
v -1.37971615 -0.88651597 0.62991839
v -1.40323329 -0.8867501 0.6177895
v -1.42441046 -0.88647484 0.60735082
v -1.39827346 -0.88585519 0.55506724
v -1.39145803 -0.88675314 0.67038267
v -1.41708886 -0.88692206 0.6617046
v -1.43981826 -0.88630211 0.6558777
v -1.45906019 -0.8807019 0.65163707
v -1.44195294 -0.88019186 0.59890317
v -1.4232496 -0.88701862 0.69965493
v -1.44612848 -0.88609421 0.69801229
v -1.444669 -0.88653802 0.73939341
v -1.43280458 -0.88577473 0.78303313
v -1.40472185 -0.88379538 0.82343792
v -1.35620105 -0.8843705 0.82397735
v -1.36271238 -0.87815684 0.84834122
v -1.31350708 -0.88154196 0.83912432
v -1.3162415 -0.87189871 0.85959142
v -1.3171643 -0.847189 0.85644322
v -1.26425957 -0.86201357 0.86700105
v -1.262784 -0.88164007 0.85689127
v -1.20625495 -0.87809157 0.87668705
v -1.2070198 -0.85556614 0.87231361
v -1.1436522 -0.87060368 0.88780558
v -1.14515507 -0.84925144 0.87937378
v -1.07487785 -0.86297786 0.89881873
v -1.07836902 -0.84269511 0.88841229
v -1.00266122 -0.85335195 0.90687537
v -1.06997454 -0.87885195 0.89011204
v -0.99734216 -0.87208002 0.90401268
v -0.92495381 -0.85810029 0.92119169
v -0.99243563 -0.87769901 0.88634043
v -0.91875004 -0.87104272 0.90553909
v -0.84570807 -0.86347168 0.92749494
v -0.85269105 -0.84395527 0.94239008
v -0.77207547 -0.85924196 0.9518727
v -0.7790845 -0.83652818 0.96842658
v -0.69405126 -0.85856962 0.97400671
v -0.69968628 -0.83464819 0.99088329
v -0.61049443 -0.85789513 0.99077326
v -0.6147747 -0.83527398 1.00794279
v -0.52508533 -0.8593477 1.00854885
v -0.528786 -0.83693105 1.02575039
v -0.53047597 -0.80815225 1.03608584
v -0.60451722 -0.87165433 0.96678048
v -0.51938051 -0.87101364 0.98397332
v -0.59727042 -0.87504625 0.93723547
v -0.51286286 -0.87316513 0.95549053
v -0.58925092 -0.87545502 0.90379858
v -0.50586658 -0.87359356 0.92370486
v -0.57880294 -0.87565237 0.85747671
v -0.49652788 -0.87387841 0.87680435
v -0.56763798 -0.87575888 0.80336725
v -0.48711457 -0.87413197 0.82169145
v -0.55684846 -0.87580102 0.74636977
v -0.47838074 -0.87435466 0.76356637
v -0.54637515 -0.87577498 0.68706381
v -0.4702287 -0.87453514 0.70311409
v -0.53614485 -0.87566787 0.62600648
v -0.46247786 -0.87463009 0.64134359
v -0.52585756 -0.87549901 0.56383663
v -0.45471769 -0.87466502 0.57873773
v -0.51547569 -0.87523257 0.50066143
v -0.44685295 -0.8746193 0.51532411
v -0.50482147 -0.874996 0.43675357
v -0.43868607 -0.87448966 0.45118147
v -0.49356588 -0.87509703 0.37188571
v -0.4300214 -0.87453639 0.38702541
v -0.48160108 -0.87556511 0.3064278
v -0.42033857 -0.87496113 0.32234209
v -0.46877211 -0.87610566 0.2409868
v -0.41003668 -0.87554419 0.25830766
v -0.39757102 -0.87601381 0.19428446
v -0.32808566 -0.87575566 0.14943961
v -0.26016816 -0.87520605 0.10752554
v -0.54204028 -0.87618535 0.28860992
v -0.55631166 -0.87570464 0.3548772
v -0.61839723 -0.87649828 0.3369188
v -0.56999397 -0.87554746 0.42034643
v -0.63445842 -0.8763411 0.40304863
v -0.69783067 -0.87733006 0.38490167
v -0.6502366 -0.87658584 0.46789816
v -0.71624261 -0.87756878 0.45049855
v -0.7808153 -0.87852907 0.43227711
v -0.73441863 -0.87802213 0.51443362
v -0.80192661 -0.87895757 0.49710565
v -0.86771816 -0.87970596 0.47897553
v -0.82229781 -0.87939506 0.55955255
v -0.89107954 -0.88016331 0.54203808
v -0.95777106 -0.88076305 0.52363044
v -0.91361385 -0.88052904 0.60320067
v -0.98307383 -0.88119655 0.58495473
v -1.04766333 -0.88176143 0.56420952
v -1.00534319 -0.8815068 0.64273202
v -1.07259964 -0.8821997 0.6217072
v -1.13227987 -0.88283515 0.59887343
v -1.09199714 -0.88250261 0.67235398
v -1.15383625 -0.88324159 0.64828014
v -1.2054857 -0.88388562 0.62430989
v -1.1704545 -0.8835209 0.69353556
v -1.2237612 -0.88424813 0.66880732
v -1.26850938 -0.88487261 0.64548105
v -1.23668444 -0.88446879 0.70959049
v -1.28195095 -0.88514685 0.68568515
v -1.32107567 -0.8857184 0.66297727
v -1.29186034 -0.88528299 0.72343665
v -1.33027458 -0.88590228 0.70059508
v -1.36301529 -0.88637924 0.6818856
v -1.33667421 -0.8859272 0.73483634
v -1.36799311 -0.88644731 0.71539622
v -1.39617121 -0.88688552 0.70496046
v -1.34162318 -0.88573956 0.76680982
v -1.29893648 -0.88526946 0.75781947
v -1.30370831 -0.8850817 0.78731095
v -1.30867755 -0.88448011 0.81420749
v -1.34853208 -0.88539987 0.7965244
v -1.25592875 -0.8842116 0.80662745
v -1.2589302 -0.883605 0.83210414
v -1.19827461 -0.88331162 0.82662546
v -1.20240366 -0.88306623 0.8518393
v -1.13420045 -0.88229394 0.84866184
v -1.13885164 -0.88203758 0.87170845
v -1.06523978 -0.88065826 0.86876958
v -1.13029778 -0.88253092 0.82502132
v -1.06072354 -0.88133561 0.84529781
v -0.98738938 -0.87983083 0.8637647
v -1.05602741 -0.88163268 0.81934005
v -0.98193895 -0.88047021 0.83720672
v -0.90633827 -0.87912881 0.85516405
v -0.91287899 -0.8772127 0.88287663
v -0.83085322 -0.87778312 0.87533164
v -0.83855336 -0.87400746 0.90444707
v -0.7556017 -0.87687695 0.8972451
v -0.76413655 -0.87283247 0.92721337
v -0.67839074 -0.87628901 0.9183799
v -0.68677043 -0.87296986 0.94901585
v -0.74676752 -0.87773621 0.86412924
v -0.66952699 -0.87679153 0.88443219
v -0.73549383 -0.87803131 0.81911605
v -0.65827286 -0.87699818 0.83842337
v -0.72285485 -0.87810105 0.76679706
v -0.64602154 -0.87705427 0.78501516
v -0.70959776 -0.87803244 0.71168112
v -0.63377189 -0.87700426 0.72887915
v -0.69566106 -0.87784612 0.65355199
v -0.62150633 -0.87686038 0.67029917
v -0.68105715 -0.8775326 0.59341812
v -0.60901516 -0.87660425 0.60983753
v -0.66585493 -0.87706512 0.53145062
v -0.5962786 -0.87624156 0.54788875
v -0.58330637 -0.87580961 0.4847396
v -0.75220972 -0.87848526 0.57671129
v -0.76918673 -0.87880379 0.63696426
v -0.84192669 -0.87970578 0.62024873
v -0.78498864 -0.8789829 0.6948561
v -0.86001515 -0.87989664 0.67818784
v -0.93407619 -0.88075268 0.66118741
v -0.87551301 -0.87997126 0.73105001
v -0.95085465 -0.8808673 0.71340262
v -1.02343475 -0.88170772 0.6942451
v -0.96457958 -0.88088315 0.7607249
v -1.03784585 -0.88180369 0.74097609
v -1.10700333 -0.88268744 0.71848964
v -1.0487045 -0.88178277 0.7844299
v -1.11821579 -0.88275927 0.76049035
v -1.18241119 -0.88367116 0.73491102
v -1.12590825 -0.88269734 0.79729425
v -1.19049632 -0.88368272 0.77267265
v -1.24574768 -0.88454484 0.74708819
v -1.19507551 -0.88355344 0.80213141
v -1.25232482 -0.88446295 0.77983516
v -0.97534602 -0.88075995 0.80493736
v -0.8885948 -0.87992751 0.77951079
v -0.89925527 -0.87969708 0.82344865
v -0.81199073 -0.87896841 0.79922342
v -0.82271647 -0.87866187 0.84290868
v -0.79923653 -0.87904483 0.74873167
v -1.41398036 -0.88082152 0.54240095
v -1.37107813 -0.88245445 0.49487635
v -1.36080062 -0.88457745 0.50622665
v -1.31993746 -0.88289696 0.45986059
v -1.30656349 -0.88399088 0.47422602
v -1.26427149 -0.88278645 0.42745843
v -1.2510252 -0.88319706 0.44090971
v -1.20811569 -0.88211935 0.3919909
v -1.19329011 -0.88241827 0.40584462
v -1.15172767 -0.88155144 0.3546082
v -1.13446104 -0.88164752 0.36819317
v -1.09856963 -0.88097935 0.31066379
v -1.07870113 -0.88091361 0.32181599
v -1.05054688 -0.88044649 0.25771123
v -1.02401065 -0.88020777 0.26930433
v -1.00117099 -0.87986743 0.20182099
v -0.95620805 -0.8794229 0.21932767
v -0.93348848 -0.87910085 0.14998021
v -0.88445371 -0.87872999 0.16826988
v -0.86239683 -0.87844735 0.09655389
v -0.80987334 -0.87817847 0.1168081
v -0.78837966 -0.87790954 0.04426342
v -0.73392486 -0.87766522 0.06668867
v -0.71264308 -0.87736481 -0.00473637
v -0.65776395 -0.87707257 0.01942162
v -0.63603705 -0.87671309 -0.04966913
v -0.58136862 -0.87637412 -0.02426573
v -0.55827933 -0.87601637 -0.0900176
v -0.50425827 -0.87578868 -0.06385628
v -0.47975665 -0.87558549 -0.12608011
v -0.42631137 -0.87559813 -0.09914574
v -0.39947232 -0.87544685 -0.15723595
v -0.34738928 -0.87554127 -0.1297941
v -0.31870448 -0.87510627 -0.18390706
v -0.26674649 -0.87495118 -0.15473358
v -0.23599557 -0.87417608 -0.20478451
v -0.18479859 -0.87356752 -0.17349396
v -0.15213686 -0.87262791 -0.21995949
v -1.12389946 -0.84617179 0.23206135
v -1.10229253 -0.86161702 0.16690407
v -1.07347369 -0.87135338 0.10137678
v -1.03959608 -0.87662297 0.03630069
v -1.00343096 -0.87955474 -0.0307303
v -0.96766483 -0.87963074 -0.10168285
v -0.93192964 -0.87928193 -0.17465989
v -0.87898099 -0.87861001 -0.24032607
v -0.80519318 -0.87782234 -0.2912786
v -0.72518473 -0.87708818 -0.33199286
v -0.64103037 -0.87649822 -0.36557903
v -0.55465114 -0.8759517 -0.39386239
v -0.46731862 -0.87517982 -0.41808807
v -0.37960249 -0.87392568 -0.43885371
v -0.29145923 -0.87254715 -0.45612022
v -0.20273786 -0.87100547 -0.46953079
v -0.11346145 -0.86943256 -0.47876817
v 0.25799208 0.82651251 0.92628109
v 0.19159738 0.76446396 0.92880892
v 0.1254919 0.70006233 0.95378738
v 0.05099467 0.64065784 0.97597485
v -0.02723346 0.58040255 0.9788357
v -0.10442182 0.52151536 0.96126699
v -0.17966423 0.46386745 0.9316734
v -0.25682288 0.40564999 0.90764731
v -0.33544865 0.34675246 0.89460724
v -0.41191592 0.2885032 0.87689769
v -0.48892933 0.2299931 0.86369514
v -0.566868 0.17198249 0.85986453
v -0.63388055 0.10583028 0.84232848
v -0.69692188 0.03785137 0.81144493
v -0.75183415 -0.03106727 0.76366382
v -0.78434521 -0.0991886 0.69667518
v -0.79897016 -0.15974707 0.62528991
v -0.8129031 -0.21966655 0.55641782
v -0.86647629 -0.27679389 0.51362258
v -0.92533099 -0.33247968 0.4761368
v -0.98777377 -0.38843163 0.43736621
v -1.04668748 -0.45298492 0.39339113
v -0.20395146 0.87302017 0.76259142
v -0.26115694 0.87054616 0.74542427
v -0.27219352 0.89579063 0.78632766
v -0.31716164 0.86757963 0.72402399
v -0.3305892 0.89268171 0.76443243
v -0.3394809 0.92669355 0.79404473
v -0.38697162 0.89166092 0.73796081
v -0.39689704 0.92589855 0.76763111
v -0.40236684 0.95561969 0.78558862
v -0.4505414 0.92943179 0.73622274
v -0.45742896 0.95748776 0.75444239
v -0.46317836 0.97834962 0.76753175
v -0.51220142 0.9607594 0.72276252
v -0.51886117 0.98129969 0.73455339
v -0.52543157 0.99834662 0.74650079
v -0.57521188 0.98464131 0.70094406
v -0.5827195 1.00133574 0.71158844
v -0.5912342 1.01281285 0.72337514
v -0.64030021 1.00365185 0.67246103
v -0.64940643 1.014624 0.68319869
v -0.65964633 1.02011477 0.69520217
v -0.70340937 1.01730132 0.6368367
v -0.71480643 1.02304506 0.6479848
v -0.72672158 1.01908254 0.65902936
v -0.76341962 1.02344524 0.5940274
v -0.77606451 1.01836693 0.60375022
v -0.78671443 1.00643754 0.61145502
v -0.82088601 1.01951885 0.54548889
v -0.83224618 1.00630056 0.5525102
v -0.84171015 0.98811197 0.55842953
v -0.87127995 1.00556814 0.49076429
v -0.88119572 0.98734587 0.49613291
v -0.88940304 0.96447265 0.50069069
v -0.90854972 0.9879021 0.42801186
v -0.9162935 0.96530979 0.43090036
v -0.9213072 0.93861544 0.43271562
v -0.93405592 0.96873647 0.35880345
v -0.93924433 0.94153124 0.35968056
v -0.93716609 0.91003292 0.35996872
v -0.95406693 0.9441291 0.28936028
v -0.95338845 0.91142469 0.29051205
v -0.94284337 0.8666507 0.29112657
v -0.97073495 0.91244089 0.2226082
v -0.96391844 0.86430138 0.22459347
v -0.9575417 0.80819481 0.2272368
v -0.97284203 0.86227828 0.15650305
v -0.9702968 0.80516332 0.16037535
v -0.97458446 0.74392068 0.16541834
v -0.97288 0.80124473 0.09290132
v -0.97736305 0.73881083 0.09778738
v -0.98605471 0.67456793 0.10358176
v -0.97908628 0.73396265 0.02990898
v -0.98446792 0.66931456 0.03495949
v -0.98401051 0.60446405 0.04008803
v -0.97162002 0.66610497 -0.03395234
v -0.96747547 0.60241508 -0.02995313
v -0.9644913 0.53930074 -0.02714167
v -0.95536184 0.60102784 -0.10043445
v -0.94928592 0.537849 -0.09811879
v -0.9453789 0.47536554 -0.09727191
v -0.94524848 0.53776437 -0.17058782
v -0.93959999 0.4754008 -0.17025995
v -0.93472421 0.41246375 -0.17046561
v -0.92549049 0.47774401 -0.24115349
v -0.92300832 0.41417774 -0.24210232
v -0.9195851 0.35048019 -0.2433149
v -0.89492368 0.41829314 -0.30828854
v -0.89349502 0.35408467 -0.31048056
v -0.89343625 0.28973758 -0.31364944
v -0.8651036 0.35863399 -0.37635728
v -0.86337029 0.29375308 -0.37925121
v -0.86314481 0.22907112 -0.38266488
v -0.84117877 0.29857632 -0.4472118
v -0.83965134 0.23294018 -0.45147743
v -0.83739817 0.16902355 -0.45408323
v -0.81079292 0.23934784 -0.51731628
v -0.80878317 0.17471322 -0.52206146
v -0.8081997 0.10993845 -0.5232253
v -0.76576679 0.17997044 -0.57910627
v -0.76704531 0.11403905 -0.58209347
v -0.77011972 0.04928953 -0.5846318
v -0.71320569 0.11656692 -0.6304298
v -0.71665072 0.05165145 -0.63421708
v -0.72176367 -0.01280004 -0.63782101
v -0.66082823 0.05321013 -0.68271964
v -0.66466987 -0.01127505 -0.68580842
v -0.67104315 -0.07523207 -0.68998104
v -0.6081804 -0.00988178 -0.73601084
v -0.61310946 -0.07373932 -0.74002069
v -0.62019175 -0.1369007 -0.74504262
v -0.55410707 -0.07283317 -0.78940761
v -0.56001919 -0.13613319 -0.79452234
v -0.56772196 -0.19871693 -0.80035084
v -0.4982545 -0.13595625 -0.84237051
v -0.50332754 -0.19932594 -0.84654539
v -0.51053321 -0.26195919 -0.85225457
v -0.43968653 -0.19950029 -0.89455407
v -0.44353318 -0.26331874 -0.89771723
v -0.44895851 -0.32671675 -0.90158373
v -0.37854966 -0.26314413 -0.94589537
v -0.38092163 -0.32831549 -0.94918286
v -0.38479295 -0.39345902 -0.95212298
v -0.30659711 -0.3270792 -0.98441016
v -0.30874404 -0.39477059 -0.99094009
v -0.22798726 -0.32211872 -1.00309443
v -0.22867925 -0.39136987 -1.01534104
v -0.15106307 -0.3129076 -1.0220108
v -0.15196345 -0.37889871 -1.03801453
v -0.07623283 -0.29916548 -1.04401302
v -0.07798416 -0.36066713 -1.06064629
v -0.07789763 -0.42161464 -1.08606839
v -0.0013912 -0.34784096 -1.06515765
v -0.00265774 -0.4040915 -1.09223914
v 0.00094727 -0.4570589 -1.12512958
v -0.07340949 -0.47918081 -1.11769735
v 0.00942155 -0.50556975 -1.16159546
v -0.06637617 -0.5247004 -1.15353941
v 0.01757543 -0.54892683 -1.19848704
v -0.05782625 -0.56678539 -1.18807864
v -0.12447919 -0.59792488 -1.16483116
v -0.05049448 -0.60602116 -1.2230128
v -0.11319297 -0.63227605 -1.20874905
v -0.17020686 -0.65603148 -1.20710659
v -0.18714796 -0.63152444 -1.15883207
v -0.22667668 -0.6792007 -1.21856141
v -0.25071063 -0.65285021 -1.17490994
v -0.26837378 -0.70205265 -1.22780573
v -0.29840663 -0.68262583 -1.1846733
v -0.29804626 -0.72864049 -1.23366582
v -0.24128332 -0.72004586 -1.27163767
v -0.26634436 -0.74227023 -1.27690541
v -0.28499054 -0.76617562 -1.28099858
v -0.24049064 -0.75378245 -1.32009923
v -0.25720325 -0.77573472 -1.32434654
v -0.26921707 -0.79531568 -1.32943117
v -0.23482826 -0.78361988 -1.36799788
v -0.24531079 -0.80146837 -1.37374699
v -0.2531667 -0.81904447 -1.37825763
v -0.22459285 -0.80681467 -1.41662299
v -0.231231 -0.82406866 -1.42049765
v -0.23340615 -0.84034842 -1.42255163
v -0.20995144 -0.8288697 -1.45954656
v -0.20761556 -0.84569442 -1.45735776
v -0.19709715 -0.85447114 -1.45083355
v -0.18238186 -0.84899348 -1.48719394
v -0.1710896 -0.85651767 -1.47692084
v -0.15794956 -0.85973751 -1.46730494
v -0.14548726 -0.85831576 -1.49643182
v -0.15510323 -0.85286146 -1.50861501
v -0.12696796 -0.85664665 -1.52398979
v -0.11956349 -0.85907 -1.51064479
v -0.09567938 -0.85845172 -1.53226172
v -0.09007936 -0.85907954 -1.51863455
v -0.06018003 -0.85844785 -1.53375279
v -0.06047248 -0.85902565 -1.51767134
v -0.06088271 -0.85940867 -1.4995985
v -0.02341344 -0.85874712 -1.51024246
v -0.01987973 -0.85804832 -1.52692461
v 0.02724102 -0.85771048 -1.50900578
v -0.01627664 -0.85633909 -1.54322266
v 0.03516586 -0.85640204 -1.52281308
v 0.08396935 -0.85518717 -1.48590886
v 0.03852057 -0.84949022 -1.53108608
v 0.08737395 -0.84404456 -1.49261665
v 0.12521731 -0.83244669 -1.43918895
v 0.08099951 -0.8299514 -1.49265408
v 0.11969465 -0.81786042 -1.44163286
v 0.14596071 -0.80559903 -1.3822993
v 0.10804677 -0.80490589 -1.44134628
v 0.13709092 -0.78965771 -1.38496184
v 0.16601973 -0.77242279 -1.33028805
v 0.12428452 -0.77428221 -1.38766765
v 0.1526097 -0.75359541 -1.33519768
v 0.18661546 -0.72870051 -1.28277635
v 0.1273507 -0.73199814 -1.34388959
v 0.15828059 -0.70382678 -1.29414105
v 0.19346743 -0.67057418 -1.24329125
v 0.11881136 -0.68384563 -1.3040595
v 0.14551253 -0.64583993 -1.25657987
v 0.06951238 -0.67241042 -1.30792808
v 0.08701387 -0.63187748 -1.2662642
v 0.09698581 -0.58945471 -1.22635662
v 0.09502714 -0.54665172 -1.18806099
v 0.02060492 -0.63056975 -1.26819121
v 0.02233878 -0.59008312 -1.23236012
v -0.04608132 -0.64435344 -1.2619071
v 0.01322122 -0.66934013 -1.30735254
v -0.04528153 -0.67805391 -1.30358934
v -0.09886912 -0.69082927 -1.30203223
v -0.10475944 -0.66048008 -1.25728273
v -0.14705602 -0.70367109 -1.30424869
v -0.15755645 -0.68071389 -1.25725019
v -0.18985836 -0.71740067 -1.31030321
v -0.20681186 -0.69933104 -1.26486265
v -0.21763366 -0.7340821 -1.31545531
v -0.17305414 -0.73303759 -1.3524959
v -0.19928196 -0.74754893 -1.35726225
v -0.22026912 -0.76591438 -1.36192858
v -0.18661902 -0.76059556 -1.3955723
v -0.20305971 -0.77508717 -1.40330743
v -0.21549156 -0.7900536 -1.41131556
v -0.18459203 -0.78252989 -1.44321835
v -0.19656002 -0.79629933 -1.45127797
v -0.2043053 -0.81249594 -1.45623481
v -0.17367197 -0.804964 -1.48527562
v -0.1824077 -0.81895303 -1.49048256
v -0.18777096 -0.83437854 -1.49313366
v -0.15970006 -0.82591795 -1.51905179
v -0.16248709 -0.84197664 -1.51906311
v -0.1315256 -0.83654087 -1.53805828
v -0.13189597 -0.84961885 -1.53491449
v -0.10073532 -0.8455643 -1.55274677
v -0.099791 -0.8557074 -1.54579937
v -0.06215697 -0.85069584 -1.55896484
v -0.06129955 -0.85724139 -1.54910874
v -0.01380741 -0.85203445 -1.55223441
v -0.06194268 -0.84177404 -1.55238628
v -0.0147496 -0.84225189 -1.54572272
v 0.03352802 -0.8378843 -1.52726256
v -0.01963212 -0.83269614 -1.53620541
v 0.02562791 -0.8274123 -1.51876473
v 0.07035955 -0.81731784 -1.48845219
v 0.01462894 -0.81825542 -1.5076065
v 0.05587322 -0.80759745 -1.48031294
v 0.09395437 -0.79205101 -1.4392147
v 0.03852037 -0.79773575 -1.47157776
v 0.07536926 -0.78113722 -1.43590021
v 0.10389394 -0.75750631 -1.39081358
v 0.04792683 -0.77115231 -1.43077433
v 0.07037673 -0.74605524 -1.39136481
v 0.09214239 -0.71615618 -1.35022616
v 0.03219673 -0.73863375 -1.38834655
v 0.04931269 -0.70782524 -1.349846
v -0.01012214 -0.73402541 -1.38332259
v 0.00193353 -0.70493876 -1.34685432
v -0.05531998 -0.73205316 -1.37979841
v -0.04865643 -0.70758479 -1.34459579
v -0.0983449 -0.73437267 -1.38042712
v -0.09786076 -0.71447897 -1.34473085
v -0.13310296 -0.73993438 -1.38389706
v -0.13861563 -0.72278308 -1.34752512
v -0.16261526 -0.74813211 -1.38966834
v -0.12734998 -0.75460761 -1.41591918
v -0.15197907 -0.76158994 -1.42503833
v -0.17057076 -0.7722674 -1.43401622
v -0.13337791 -0.77499175 -1.45583462
v -0.14875504 -0.7825849 -1.46794533
v -0.16258616 -0.79170793 -1.47773444
v -0.12617412 -0.79415267 -1.49200522
v -0.13923874 -0.80348593 -1.50232231
v -0.14991389 -0.81470578 -1.51058983
v -0.11674871 -0.81483477 -1.522107
v -0.12507277 -0.82464122 -1.5322653
v -0.09432505 -0.82555127 -1.5351988
v -0.09787925 -0.83425426 -1.54705822
v -0.06185136 -0.83256465 -1.54271256
v -0.1060477 -0.80640196 -1.51052439
v -0.08937263 -0.80034512 -1.49816095
v -0.11039854 -0.78671658 -1.47951364
v -0.09107061 -0.78158068 -1.46793174
v -0.06863711 -0.79528987 -1.48489642
v -0.1137391 -0.76805442 -1.44431948
v -0.04078286 -0.78929626 -1.46967458
v -0.01870542 -0.79935777 -1.48313081
v -0.01063597 -0.77948653 -1.44986498
v 0.01702625 -0.78956806 -1.46285069
v 0.00023016 -0.80879241 -1.49532878
v 0.01399264 -0.76294392 -1.42307448
v 0.08337393 -0.50094431 -1.148368
v 0.07397493 -0.45283967 -1.10957193
v 0.14432412 -0.46585559 -1.07766842
v 0.14220108 -0.41337981 -1.0434097
v 0.21070087 -0.49159398 -1.03548085
v 0.07142157 -0.40195414 -1.07512283
v 0.07406307 -0.34811192 -1.04700791
v 0.00205706 -0.28994485 -1.04482328
v -0.07505013 -0.23808412 -1.03547215
v -0.15063944 -0.24865508 -1.01375985
v -0.15048165 -0.18619893 -1.00790572
v -0.22718735 -0.25667262 -0.99408119
v -0.22602364 -0.19250775 -0.98638051
v -0.22490415 -0.12889979 -0.98053711
v -0.3025268 -0.1958107 -0.97009706
v -0.30050423 -0.13152715 -0.96311569
v -0.29855117 -0.06806017 -0.95544219
v -0.37245583 -0.13359455 -0.93456214
v -0.37027046 -0.06955843 -0.92848223
v -0.36806866 -0.00587886 -0.92178124
v -0.43373954 -0.07129707 -0.88573813
v -0.43152421 -0.00716138 -0.88092196
v -0.43004268 0.05699121 -0.8768329
v -0.49037015 -0.00823372 -0.83285546
v -0.48782274 0.05601897 -0.82862693
v -0.48644375 0.12040647 -0.8254944
v -0.54611629 0.05521477 -0.78047233
v -0.54337495 0.11951013 -0.77623713
v -0.54161119 0.18363519 -0.77249133
v -0.60204994 0.11879806 -0.72874337
v -0.60064381 0.18298247 -0.72560381
v -0.60121446 0.24671208 -0.72413468
v -0.65774339 0.18239429 -0.67709773
v -0.65844392 0.24633136 -0.67530775
v -0.65925055 0.30947279 -0.67392104
v -0.70844632 0.24600403 -0.62047833
v -0.70792698 0.30912897 -0.61717361
v -0.70994907 0.37172472 -0.61649805
v -0.76110363 0.30830648 -0.56531781
v -0.75662088 0.37059572 -0.55895334
v -0.75661176 0.43340918 -0.55719143
v -0.80592763 0.36801785 -0.50454521
v -0.80398839 0.43142113 -0.50138324
v -0.80176013 0.49455457 -0.49825957
v -0.84337741 0.42757195 -0.44172078
v -0.84422022 0.49124842 -0.44029337
v -0.84574544 0.55448782 -0.43988779
v -0.86928397 0.48691523 -0.37306827
v -0.87227195 0.55045163 -0.37277552
v -0.87444299 0.6134538 -0.37312284
v -0.89754658 0.54595005 -0.30507549
v -0.89933204 0.6094408 -0.30416953
v -0.90204387 0.67114949 -0.30539727
v -0.93570369 0.60373181 -0.24087061
v -0.94214069 0.6660813 -0.24243
v -0.9443593 0.72849643 -0.24669346
v -0.96372711 0.66340994 -0.17356883
v -0.96318966 0.72729587 -0.17756278
v -0.96162825 0.78830707 -0.18150734
v -0.96465545 0.72766953 -0.10713677
v -0.96513313 0.78953141 -0.11133972
v -0.97224623 0.84801387 -0.11607892
v -0.97109079 0.79244595 -0.04270147
v -0.97647613 0.85113614 -0.04779387
v -0.98644077 0.89863663 -0.05238743
v -0.97835308 0.85471314 0.02060898
v -0.98609888 0.90200716 0.0163802
v -0.99017566 0.94002997 0.012585
v -0.98294359 0.90835171 0.08505481
v -0.98907965 0.94546544 0.08136329
v -0.98267066 0.97715246 0.07747678
v -0.98375463 0.94845908 0.15094824
v -0.98049056 0.98015362 0.14867602
v -0.96963441 1.00599217 0.14680744
v -0.96937143 0.97804904 0.22018098
v -0.9612587 1.00474846 0.21903438
v -0.94700706 1.02486562 0.21733479
v -0.9424715 0.99770116 0.28838646
v -0.93018502 1.01658403 0.28685084
v -0.91519552 1.02928519 0.28442788
v -0.91432428 1.00921583 0.3550539
v -0.90054559 1.02199435 0.35211485
v -0.88516527 1.03030324 0.34858593
v -0.88471496 1.01844632 0.41950362
v -0.86954015 1.0248475 0.41399496
v -0.85716986 1.01795816 0.40916675
v -0.84403955 1.02655959 0.47693845
v -0.83131748 1.01812136 0.47052341
v -0.82187587 1.00311207 0.46482303
v -0.7929579 1.02123141 0.52675312
v -0.78246092 1.00725972 0.51946401
v -0.75089383 1.01950192 0.58372306
v -0.74017429 1.00767719 0.57479071
v -0.69325727 1.00611126 0.62693655
v -0.80692017 1.02646267 0.5363062
v -0.85898745 1.01927995 0.48444989
v -0.89794427 1.00551927 0.42416736
v -0.9256128 0.99152147 0.35729444
v -0.95029127 0.97321444 0.28895959
v -0.97190117 0.94716 0.22102914
v -0.97944313 0.91239005 0.15337152
v -0.97474843 0.85910689 0.08873067
v -0.97603988 0.79671305 0.02523437
v -0.97213023 0.73002636 -0.0381586
v -0.96165126 0.66442674 -0.10335407
v -0.95263838 0.59974193 -0.17149426
v -0.92981821 0.54092717 -0.24129048
v -0.89625668 0.48221799 -0.30658891
v -0.86726802 0.42295962 -0.37439808
v -0.84225392 0.36350184 -0.44370719
v -0.80962008 0.30419701 -0.51029807
v -0.76467758 0.24525465 -0.57322353
v -0.71087902 0.18165315 -0.62578433
v -0.65828073 0.11789505 -0.67943066
v -0.60454672 0.0543918 -0.73228913
v -0.5495904 -0.0089942 -0.7848193
v -0.49394175 -0.07222306 -0.83763623
v -0.43664571 -0.13542814 -0.89075982
v -0.37496 -0.19814364 -0.94023883
v -0.30500984 -0.26115587 -0.97751885
g Group38093
f 1 20 21 22
f 1 23 24 25
f 1 26 27 20
f 1 22 28 23
f 2 29 30 31
f 2 31 32 33
f 2 33 34 35
f 2 36 37 29
f 2 35 38 36
f 3 39 40 41
f 3 42 43 39
f 3 41 44 42
f 4 45 46 47
f 4 48 49 45
f 4 50 51 48
f 4 52 53 50
f 4 47 54 52
f 5 55 56 57
f 5 58 59 55
f 5 57 60 58
f 6 61 62 63
f 6 64 65 61
f 6 66 67 64
f 6 63 68 69
f 6 69 70 66
f 7 71 72 73
f 7 74 75 71
f 7 73 76 74
f 8 77 78 79
f 8 79 80 81
f 8 82 83 77
f 8 81 84 85
f 8 85 86 82
f 9 87 88 89
f 9 90 91 87
f 9 89 92 93
f 9 93 94 95
f 9 95 96 90
f 10 97 98 99
f 10 100 101 97
f 10 99 102 100
f 11 103 104 105
f 11 106 107 103
f 11 105 108 106
f 12 109 110 111
f 12 112 113 109
f 12 111 114 112
f 13 115 116 117
f 13 117 118 119
f 13 119 120 115
f 14 121 122 123
f 14 123 124 125
f 14 125 126 121
f 15 127 128 129
f 15 130 131 127
f 15 129 132 130
f 16 133 134 135
f 16 136 137 133
f 16 135 138 136
f 17 139 140 141
f 17 141 142 143
f 17 143 144 139
f 18 145 146 147
f 18 148 149 145
f 18 147 150 148
f 19 151 152 153
f 19 153 154 155
f 19 155 156 151
f 157 158 159 160
f 160 159 161 162
f 160 162 163 164
f 160 164 165 157
f 165 164 166 167
f 165 167 168 169
f 165 169 158 157
f 169 168 170 171
f 169 171 172 158
f 172 173 159 158
f 172 171 174 175
f 172 175 176 173
f 176 177 178 173
f 176 175 179 180
f 176 180 181 177
f 181 182 183 177
f 181 180 184 185
f 181 185 186 182
f 186 187 188 182
f 186 185 189 190
f 186 190 191 187
f 191 192 193 187
f 191 190 194 195
f 191 195 196 192
f 196 197 198 192
f 196 195 199 200
f 196 200 201 197
f 201 202 203 197
f 201 200 204 205
f 201 205 206 202
f 206 207 208 202
f 206 205 209 210
f 206 210 211 207
f 211 212 213 207
f 211 210 214 215
f 211 215 216 212
f 216 217 218 212
f 216 215 219 220
f 216 220 221 217
f 221 222 223 217
f 221 220 224 225
f 221 225 226 222
f 226 227 228 222
f 226 225 229 230
f 226 230 231 227
f 231 232 233 227
f 231 230 234 235
f 231 235 236 232
f 236 237 238 232
f 236 235 239 240
f 236 240 241 237
f 241 242 243 237
f 241 240 244 245
f 241 245 246 242
f 246 247 248 242
f 246 245 249 250
f 246 250 251 247
f 251 252 253 247
f 251 250 254 255
f 251 255 256 252
f 256 257 258 252
f 256 255 259 260
f 256 260 261 257
f 261 262 263 257
f 261 260 264 265
f 261 265 266 262
f 266 267 268 262
f 266 265 269 270
f 266 270 271 267
f 271 272 273 267
f 271 270 274 275
f 271 275 276 272
f 276 277 278 272
f 276 275 279 280
f 276 280 281 277
f 281 282 283 277
f 281 280 284 285
f 281 285 286 282
f 286 287 288 282
f 286 285 289 290
f 286 290 291 287
f 291 292 293 287
f 291 290 294 295
f 291 295 296 292
f 296 297 298 292
f 296 295 299 300
f 296 300 301 297
f 301 302 303 297
f 301 300 304 305
f 301 305 306 302
f 306 307 308 302
f 306 305 309 310
f 306 310 311 307
f 311 312 313 307
f 311 310 314 315
f 311 315 316 312
f 316 317 318 312
f 316 315 319 320
f 316 320 321 317
f 321 322 323 317
f 321 320 324 325
f 321 325 326 322
f 326 327 328 322
f 326 325 329 330
f 326 330 331 327
f 331 332 333 327
f 331 330 334 335
f 331 335 336 332
f 336 337 338 332
f 336 335 339 340
f 336 340 341 337
f 341 342 343 337
f 341 340 344 345
f 341 345 346 342
f 346 347 348 342
f 346 345 349 350
f 346 350 351 347
f 351 352 353 347
f 351 350 354 355
f 351 355 356 352
f 356 357 358 352
f 356 355 359 360
f 356 360 361 357
f 361 362 363 357
f 361 360 364 365
f 361 365 366 362
f 366 367 368 362
f 366 365 369 370
f 366 370 371 367
f 371 372 373 367
f 371 370 374 375
f 371 375 376 372
f 376 377 378 372
f 376 375 379 380
f 376 380 381 377
f 381 382 383 377
f 381 380 384 385
f 381 385 386 382
f 386 387 388 382
f 386 385 389 390
f 386 390 391 387
f 391 392 393 387
f 391 390 394 395
f 391 395 396 392
f 396 397 398 392
f 396 395 399 400
f 396 400 401 397
f 401 402 403 397
f 401 400 404 405
f 401 405 406 402
f 406 407 408 402
f 406 405 409 410
f 406 410 411 407
f 411 412 413 407
f 411 410 414 415
f 411 415 416 412
f 416 417 418 412
f 416 415 419 420
f 416 420 421 417
f 421 422 423 417
f 421 420 424 425
f 421 425 426 422
f 426 427 428 422
f 426 425 429 430
f 426 430 431 427
f 431 432 433 427
f 431 430 434 156
f 431 156 155 432
f 434 430 429 435
f 434 435 436 437
f 434 437 151 156
f 437 436 438 439
f 437 439 152 151
f 439 438 440 441
f 439 441 442 152
f 442 443 153 152
f 442 441 444 445
f 442 445 446 443
f 446 447 448 443
f 446 445 449 450
f 446 450 451 447
f 451 452 453 447
f 451 450 454 455
f 451 455 456 452
f 456 457 458 452
f 456 455 459 460
f 456 460 461 457
f 461 462 463 457
f 461 460 464 465
f 461 465 466 462
f 466 467 468 469
f 466 469 470 462
f 466 465 471 467
f 471 465 464 472
f 471 472 473 474
f 471 474 475 467
f 475 476 477 478
f 475 478 468 467
f 475 474 479 476
f 479 474 473 480
f 479 480 481 482
f 479 482 483 476
f 483 484 485 486
f 483 486 477 476
f 483 482 487 484
f 487 482 481 488
f 487 488 489 490
f 487 490 491 484
f 491 492 493 494
f 491 494 485 484
f 491 490 495 492
f 495 490 489 496
f 495 496 497 498
f 495 498 499 492
f 499 500 501 502
f 499 502 493 492
f 499 498 503 500
f 503 498 497 504
f 503 504 505 506
f 503 506 507 500
f 507 508 509 510
f 507 510 501 500
f 507 506 511 508
f 511 506 505 512
f 511 512 150 147
f 511 147 146 508
f 512 505 513 514
f 512 514 515 150
f 515 514 516 517
f 515 517 518 519
f 515 519 148 150
f 519 518 520 521
f 519 521 149 148
f 521 520 522 523
f 521 523 524 149
f 524 525 145 149
f 524 523 526 527
f 524 527 528 525
f 528 529 530 525
f 528 527 531 532
f 528 532 533 529
f 533 534 535 529
f 533 532 536 537
f 533 537 538 534
f 538 539 540 534
f 538 537 541 542
f 538 542 543 539
f 543 542 544 545
f 543 545 546 547
f 543 547 548 539
f 548 547 549 550
f 548 550 551 552
f 548 552 540 539
f 552 551 553 554
f 552 554 555 540
f 555 535 534 540
f 555 554 501 510
f 555 510 509 535
f 554 553 502 501
f 553 551 556 557
f 553 557 493 502
f 557 556 558 559
f 557 559 494 493
f 559 558 560 561
f 559 561 485 494
f 561 560 562 563
f 561 563 486 485
f 563 562 564 565
f 563 565 477 486
f 565 564 566 567
f 565 567 478 477
f 567 566 568 569
f 567 569 468 478
f 569 568 570 571
f 569 571 469 468
f 571 570 572 573
f 571 573 470 469
f 573 572 574 575
f 573 575 576 470
f 576 575 577 578
f 576 578 579 463
f 576 463 462 470
f 579 578 580 581
f 579 581 582 458
f 579 458 457 463
f 582 581 583 584
f 582 584 585 453
f 582 453 452 458
f 585 584 586 587
f 585 587 154 448
f 585 448 447 453
f 587 586 433 432
f 587 432 155 154
f 586 584 583 588
f 586 588 589 433
f 589 588 590 591
f 589 591 592 428
f 589 428 427 433
f 592 591 593 594
f 592 594 595 423
f 592 423 422 428
f 595 594 596 597
f 595 597 598 418
f 595 418 417 423
f 598 597 599 600
f 598 600 601 413
f 598 413 412 418
f 601 600 602 603
f 601 603 604 408
f 601 408 407 413
f 604 603 605 606
f 604 606 607 403
f 604 403 402 408
f 607 606 608 609
f 607 609 610 398
f 607 398 397 403
f 610 609 611 612
f 610 612 613 393
f 610 393 392 398
f 613 612 614 615
f 613 615 616 388
f 613 388 387 393
f 616 615 617 618
f 616 618 619 383
f 616 383 382 388
f 619 618 620 621
f 619 621 622 378
f 619 378 377 383
f 622 621 623 624
f 622 624 625 373
f 622 373 372 378
f 625 624 626 627
f 625 627 628 368
f 625 368 367 373
f 628 627 629 630
f 628 630 631 363
f 628 363 362 368
f 631 630 632 633
f 631 633 634 358
f 631 358 357 363
f 634 633 635 636
f 634 636 637 353
f 634 353 352 358
f 637 636 638 639
f 637 639 640 348
f 637 348 347 353
f 640 639 641 642
f 640 642 643 343
f 640 343 342 348
f 643 642 644 645
f 643 645 646 338
f 643 338 337 343
f 646 645 647 648
f 646 648 649 333
f 646 333 332 338
f 649 648 650 651
f 649 651 652 328
f 649 328 327 333
f 652 651 653 654
f 652 654 655 323
f 652 323 322 328
f 655 654 656 657
f 655 657 658 318
f 655 318 317 323
f 658 657 659 660
f 658 660 661 313
f 658 313 312 318
f 661 660 662 663
f 661 663 664 308
f 661 308 307 313
f 664 663 665 666
f 664 666 667 303
f 664 303 302 308
f 667 666 668 669
f 667 669 670 298
f 667 298 297 303
f 670 669 671 672
f 670 672 673 293
f 670 293 292 298
f 673 672 674 675
f 673 675 676 288
f 673 288 287 293
f 676 675 677 678
f 676 678 679 283
f 676 283 282 288
f 679 678 680 681
f 679 681 682 278
f 679 278 277 283
f 682 681 683 684
f 682 684 685 273
f 682 273 272 278
f 685 684 686 687
f 685 687 688 268
f 685 268 267 273
f 688 687 689 690
f 688 690 691 263
f 688 263 262 268
f 691 690 692 693
f 691 693 694 258
f 691 258 257 263
f 694 693 695 696
f 694 696 697 253
f 694 253 252 258
f 697 696 698 699
f 697 699 700 248
f 697 248 247 253
f 700 699 701 702
f 700 702 703 243
f 700 243 242 248
f 703 702 704 705
f 703 705 706 238
f 703 238 237 243
f 706 705 707 708
f 706 708 709 233
f 706 233 232 238
f 709 708 710 711
f 709 711 712 228
f 709 228 227 233
f 712 711 713 714
f 712 714 715 223
f 712 223 222 228
f 715 714 716 717
f 715 717 718 218
f 715 218 217 223
f 718 717 719 720
f 718 720 721 213
f 718 213 212 218
f 721 720 722 723
f 721 723 724 208
f 721 208 207 213
f 724 723 725 726
f 724 726 727 203
f 724 203 202 208
f 727 726 728 729
f 727 729 730 198
f 727 198 197 203
f 730 729 731 732
f 730 732 733 193
f 730 193 192 198
f 733 732 734 735
f 733 735 736 188
f 733 188 187 193
f 736 735 737 738
f 736 738 739 183
f 736 183 182 188
f 739 738 740 741
f 739 741 161 178
f 739 178 177 183
f 741 740 742 743
f 741 743 162 161
f 743 742 744 745
f 743 745 163 162
f 745 744 746 747
f 745 747 748 163
f 748 747 749 750
f 748 750 751 166
f 748 166 164 163
f 751 750 752 753
f 751 753 754 755
f 751 755 167 166
f 755 754 756 757
f 755 757 168 167
f 757 756 758 759
f 757 759 170 168
f 759 758 760 761
f 759 761 762 170
f 762 174 171 170
f 762 761 763 764
f 762 764 765 174
f 765 179 175 174
f 765 764 766 767
f 765 767 768 179
f 768 184 180 179
f 768 767 769 770
f 768 770 771 184
f 771 189 185 184
f 771 770 772 773
f 771 773 774 189
f 774 194 190 189
f 774 773 775 776
f 774 776 777 194
f 777 199 195 194
f 777 776 778 779
f 777 779 780 199
f 780 204 200 199
f 780 779 781 782
f 780 782 783 204
f 783 209 205 204
f 783 782 784 785
f 783 785 786 209
f 786 214 210 209
f 786 785 787 788
f 786 788 789 214
f 789 219 215 214
f 789 788 790 791
f 789 791 792 219
f 792 224 220 219
f 792 791 793 794
f 792 794 795 224
f 795 229 225 224
f 795 794 796 797
f 795 797 798 229
f 798 234 230 229
f 798 797 799 800
f 798 800 801 234
f 801 239 235 234
f 801 800 802 803
f 801 803 804 239
f 804 244 240 239
f 804 803 805 806
f 804 806 807 244
f 807 249 245 244
f 807 806 808 809
f 807 809 810 249
f 810 254 250 249
f 810 809 811 812
f 810 812 813 254
f 813 259 255 254
f 813 812 814 815
f 813 815 816 259
f 816 264 260 259
f 816 815 817 818
f 816 818 819 264
f 819 269 265 264
f 819 818 820 821
f 819 821 822 269
f 822 274 270 269
f 822 821 823 824
f 822 824 825 274
f 825 279 275 274
f 825 824 826 827
f 825 827 828 279
f 828 284 280 279
f 828 827 829 830
f 828 830 831 284
f 831 289 285 284
f 831 830 832 833
f 831 833 834 289
f 834 294 290 289
f 834 833 835 836
f 834 836 837 294
f 837 299 295 294
f 837 836 838 839
f 837 839 840 299
f 840 304 300 299
f 840 839 841 842
f 840 842 843 304
f 843 309 305 304
f 843 842 844 845
f 843 845 846 309
f 846 314 310 309
f 846 845 847 848
f 846 848 849 314
f 849 319 315 314
f 849 848 850 851
f 849 851 852 319
f 852 324 320 319
f 852 851 853 854
f 852 854 855 324
f 855 329 325 324
f 855 854 856 857
f 855 857 858 329
f 858 334 330 329
f 858 857 859 860
f 858 860 861 334
f 861 339 335 334
f 861 860 862 863
f 861 863 864 339
f 864 344 340 339
f 864 863 865 866
f 864 866 867 344
f 867 349 345 344
f 867 866 868 869
f 867 869 870 349
f 870 354 350 349
f 870 869 871 872
f 870 872 873 354
f 873 359 355 354
f 873 872 874 875
f 873 875 876 359
f 876 364 360 359
f 876 875 877 878
f 876 878 879 364
f 879 369 365 364
f 879 878 880 881
f 879 881 882 369
f 882 374 370 369
f 882 881 883 884
f 882 884 885 374
f 885 379 375 374
f 885 884 886 887
f 885 887 888 379
f 888 384 380 379
f 888 887 889 890
f 888 890 891 384
f 891 389 385 384
f 891 890 892 893
f 891 893 894 389
f 894 394 390 389
f 894 893 895 896
f 894 896 897 394
f 897 399 395 394
f 897 896 898 899
f 897 899 900 399
f 900 404 400 399
f 900 899 901 902
f 900 902 903 404
f 903 409 405 404
f 903 902 904 905
f 903 905 906 409
f 906 414 410 409
f 906 905 907 908
f 906 908 909 414
f 909 419 415 414
f 909 908 910 911
f 909 911 912 419
f 912 424 420 419
f 912 911 913 914
f 912 914 915 424
f 915 429 425 424
f 915 914 916 917
f 915 917 435 429
f 917 916 918 919
f 917 919 436 435
f 919 918 920 921
f 919 921 438 436
f 921 920 922 923
f 921 923 440 438
f 923 922 924 925
f 923 925 926 440
f 926 444 441 440
f 926 925 927 928
f 926 928 929 444
f 929 449 445 444
f 929 928 930 931
f 929 931 932 449
f 932 454 450 449
f 932 931 933 934
f 932 934 935 454
f 935 459 455 454
f 935 934 936 937
f 935 937 938 459
f 938 464 460 459
f 938 937 939 940
f 938 940 472 464
f 940 939 941 942
f 940 942 473 472
f 942 941 943 944
f 942 944 480 473
f 944 943 945 946
f 944 946 481 480
f 946 945 947 948
f 946 948 488 481
f 948 947 949 950
f 948 950 489 488
f 950 949 951 952
f 950 952 496 489
f 952 951 953 954
f 952 954 497 496
f 954 953 955 956
f 954 956 504 497
f 956 955 957 513
f 956 513 505 504
f 957 955 958 959
f 957 959 960 516
f 957 516 514 513
f 960 959 961 962
f 960 962 963 964
f 960 964 517 516
f 964 963 965 966
f 964 966 518 517
f 966 965 967 968
f 966 968 520 518
f 968 967 969 970
f 968 970 522 520
f 970 969 971 972
f 970 972 973 522
f 973 526 523 522
f 973 972 974 975
f 973 975 976 526
f 976 531 527 526
f 976 975 977 978
f 976 978 979 531
f 979 536 532 531
f 979 978 980 981
f 979 981 982 536
f 982 541 537 536
f 982 981 983 984
f 982 984 985 541
f 985 544 542 541
f 985 984 986 987
f 985 987 988 544
f 988 989 545 544
f 988 987 990 991
f 988 991 992 989
f 992 991 993 994
f 992 994 995 996
f 992 996 997 989
f 997 996 998 999
f 997 999 1000 546
f 997 546 545 989
f 1000 999 1001 1002
f 1000 1002 1003 549
f 1000 549 547 546
f 1003 1002 1004 1005
f 1003 1005 1006 1007
f 1003 1007 550 549
f 1007 1006 558 556
f 1007 556 551 550
f 1006 1005 1008 1009
f 1006 1009 560 558
f 1009 1008 1010 1011
f 1009 1011 562 560
f 1011 1010 1012 1013
f 1011 1013 564 562
f 1013 1012 1014 1015
f 1013 1015 566 564
f 1015 1014 1016 1017
f 1015 1017 568 566
f 1017 1016 1018 1019
f 1017 1019 570 568
f 1019 1018 1020 1021
f 1019 1021 572 570
f 1021 1020 1022 1023
f 1021 1023 574 572
f 1023 1022 1024 1025
f 1023 1025 1026 574
f 1026 1025 1027 1028
f 1026 1028 1029 577
f 1026 577 575 574
f 1029 1028 1030 1031
f 1029 1031 1032 580
f 1029 580 578 577
f 1032 1031 1033 590
f 1032 590 588 583
f 1032 583 581 580
f 1033 1031 1030 1034
f 1033 1034 1035 593
f 1033 593 591 590
f 1035 1034 1036 1037
f 1035 1037 1038 596
f 1035 596 594 593
f 1038 1037 1039 1040
f 1038 1040 1041 599
f 1038 599 597 596
f 1041 1040 1042 1043
f 1041 1043 1044 602
f 1041 602 600 599
f 1044 1043 1045 1046
f 1044 1046 1047 605
f 1044 605 603 602
f 1047 1046 1048 1049
f 1047 1049 1050 608
f 1047 608 606 605
f 1050 1049 1051 1052
f 1050 1052 1053 611
f 1050 611 609 608
f 1053 1052 1054 1055
f 1053 1055 1056 614
f 1053 614 612 611
f 1056 1055 1057 1058
f 1056 1058 1059 617
f 1056 617 615 614
f 1059 1058 1060 1061
f 1059 1061 1062 620
f 1059 620 618 617
f 1062 1061 1063 1064
f 1062 1064 1065 623
f 1062 623 621 620
f 1065 1064 1066 1067
f 1065 1067 1068 626
f 1065 626 624 623
f 1068 1067 1069 1070
f 1068 1070 1071 629
f 1068 629 627 626
f 1071 1070 1072 1073
f 1071 1073 1074 632
f 1071 632 630 629
f 1074 1073 1075 1076
f 1074 1076 1077 635
f 1074 635 633 632
f 1077 1076 1078 1079
f 1077 1079 1080 638
f 1077 638 636 635
f 1080 1079 1081 1082
f 1080 1082 1083 641
f 1080 641 639 638
f 1083 1082 1084 1085
f 1083 1085 1086 644
f 1083 644 642 641
f 1086 1085 1087 1088
f 1086 1088 1089 647
f 1086 647 645 644
f 1089 1088 1090 1091
f 1089 1091 1092 650
f 1089 650 648 647
f 1092 1091 1093 1094
f 1092 1094 1095 653
f 1092 653 651 650
f 1095 1094 1096 1097
f 1095 1097 1098 656
f 1095 656 654 653
f 1098 1097 1099 1100
f 1098 1100 1101 659
f 1098 659 657 656
f 1101 1100 1102 1103
f 1101 1103 1104 662
f 1101 662 660 659
f 1104 1103 1105 1106
f 1104 1106 1107 665
f 1104 665 663 662
f 1107 1106 1108 1109
f 1107 1109 1110 668
f 1107 668 666 665
f 1110 1109 1111 1112
f 1110 1112 1113 671
f 1110 671 669 668
f 1113 1112 1114 1115
f 1113 1115 1116 674
f 1113 674 672 671
f 1116 1115 1117 1118
f 1116 1118 1119 677
f 1116 677 675 674
f 1119 1118 1120 1121
f 1119 1121 1122 680
f 1119 680 678 677
f 1122 1121 1123 1124
f 1122 1124 1125 683
f 1122 683 681 680
f 1125 1124 1126 1127
f 1125 1127 1128 686
f 1125 686 684 683
f 1128 1127 1129 1130
f 1128 1130 1131 689
f 1128 689 687 686
f 1131 1130 1132 1133
f 1131 1133 1134 692
f 1131 692 690 689
f 1134 1133 1135 1136
f 1134 1136 1137 695
f 1134 695 693 692
f 1137 1136 1138 1139
f 1137 1139 1140 698
f 1137 698 696 695
f 1140 1139 1141 1142
f 1140 1142 1143 701
f 1140 701 699 698
f 1143 1142 1144 1145
f 1143 1145 1146 704
f 1143 704 702 701
f 1146 1145 1147 1148
f 1146 1148 1149 707
f 1146 707 705 704
f 1149 1148 1150 1151
f 1149 1151 1152 710
f 1149 710 708 707
f 1152 1151 1153 1154
f 1152 1154 1155 713
f 1152 713 711 710
f 1155 1154 1156 1157
f 1155 1157 1158 716
f 1155 716 714 713
f 1158 1157 1159 1160
f 1158 1160 1161 719
f 1158 719 717 716
f 1161 1160 1162 1163
f 1161 1163 1164 722
f 1161 722 720 719
f 1164 1163 1165 1166
f 1164 1166 1167 725
f 1164 725 723 722
f 1167 1166 1168 1169
f 1167 1169 1170 728
f 1167 728 726 725
f 1170 1169 1171 1172
f 1170 1172 1173 731
f 1170 731 729 728
f 1173 1172 1174 1175
f 1173 1175 1176 734
f 1173 734 732 731
f 1176 1175 1177 1178
f 1176 1178 1179 737
f 1176 737 735 734
f 1179 1178 40 1180
f 1179 1180 742 740
f 1179 740 738 737
f 1180 40 39 1181
f 1180 1181 744 742
f 1181 39 43 1182
f 1181 1182 746 744
f 1182 43 1183 1184
f 1182 1184 1185 746
f 1185 1184 1186 1187
f 1185 1187 1188 749
f 1185 749 747 746
f 1188 1187 1189 1190
f 1188 1190 1191 752
f 1188 752 750 749
f 1191 1190 1192 1193
f 1191 1193 1194 1195
f 1191 1195 753 752
f 1195 1194 1196 1197
f 1195 1197 754 753
f 1197 1196 1198 1199
f 1197 1199 756 754
f 1199 1198 1200 1201
f 1199 1201 758 756
f 1201 1200 1202 1203
f 1201 1203 760 758
f 1203 1202 1204 1205
f 1203 1205 1206 760
f 1206 763 761 760
f 1206 1205 1207 1208
f 1206 1208 1209 763
f 1209 766 764 763
f 1209 1208 1210 1211
f 1209 1211 1212 766
f 1212 769 767 766
f 1212 1211 1213 1214
f 1212 1214 1215 769
f 1215 772 770 769
f 1215 1214 1216 1217
f 1215 1217 1218 772
f 1218 775 773 772
f 1218 1217 1219 1220
f 1218 1220 1221 775
f 1221 778 776 775
f 1221 1220 1222 1223
f 1221 1223 1224 778
f 1224 781 779 778
f 1224 1223 1225 1226
f 1224 1226 1227 781
f 1227 784 782 781
f 1227 1226 1228 1229
f 1227 1229 1230 784
f 1230 787 785 784
f 1230 1229 1231 1232
f 1230 1232 1233 787
f 1233 790 788 787
f 1233 1232 1234 1235
f 1233 1235 1236 790
f 1236 793 791 790
f 1236 1235 1237 1238
f 1236 1238 1239 793
f 1239 796 794 793
f 1239 1238 1240 1241
f 1239 1241 1242 796
f 1242 799 797 796
f 1242 1241 1243 1244
f 1242 1244 1245 799
f 1245 802 800 799
f 1245 1244 1246 1247
f 1245 1247 1248 802
f 1248 805 803 802
f 1248 1247 1249 1250
f 1248 1250 1251 805
f 1251 808 806 805
f 1251 1250 1252 1253
f 1251 1253 1254 808
f 1254 811 809 808
f 1254 1253 1255 1256
f 1254 1256 1257 811
f 1257 814 812 811
f 1257 1256 1258 1259
f 1257 1259 1260 814
f 1260 817 815 814
f 1260 1259 1261 1262
f 1260 1262 1263 817
f 1263 820 818 817
f 1263 1262 1264 1265
f 1263 1265 1266 820
f 1266 823 821 820
f 1266 1265 1267 1268
f 1266 1268 1269 823
f 1269 826 824 823
f 1269 1268 1270 1271
f 1269 1271 1272 826
f 1272 829 827 826
f 1272 1271 1273 1274
f 1272 1274 1275 829
f 1275 832 830 829
f 1275 1274 1276 1277
f 1275 1277 1278 832
f 1278 835 833 832
f 1278 1277 1279 1280
f 1278 1280 1281 835
f 1281 838 836 835
f 1281 1280 1282 1283
f 1281 1283 1284 838
f 1284 841 839 838
f 1284 1283 1285 1286
f 1284 1286 1287 841
f 1287 844 842 841
f 1287 1286 1288 1289
f 1287 1289 1290 844
f 1290 847 845 844
f 1290 1289 1291 1292
f 1290 1292 1293 847
f 1293 850 848 847
f 1293 1292 1294 1295
f 1293 1295 1296 850
f 1296 853 851 850
f 1296 1295 1297 1298
f 1296 1298 1299 853
f 1299 856 854 853
f 1299 1298 1300 1301
f 1299 1301 1302 856
f 1302 859 857 856
f 1302 1301 1303 1304
f 1302 1304 1305 859
f 1305 862 860 859
f 1305 1304 1306 1307
f 1305 1307 1308 862
f 1308 865 863 862
f 1308 1307 1309 1310
f 1308 1310 1311 865
f 1311 868 866 865
f 1311 1310 1312 1313
f 1311 1313 1314 868
f 1314 871 869 868
f 1314 1313 1315 1316
f 1314 1316 1317 871
f 1317 874 872 871
f 1317 1316 1318 1319
f 1317 1319 1320 874
f 1320 877 875 874
f 1320 1319 1321 1322
f 1320 1322 1323 877
f 1323 880 878 877
f 1323 1322 1324 1325
f 1323 1325 1326 880
f 1326 883 881 880
f 1326 1325 1327 1328
f 1326 1328 1329 883
f 1329 886 884 883
f 1329 1328 1330 1331
f 1329 1331 1332 886
f 1332 889 887 886
f 1332 1331 1333 1334
f 1332 1334 1335 889
f 1335 892 890 889
f 1335 1334 1336 1337
f 1335 1337 1338 892
f 1338 895 893 892
f 1338 1337 1339 1340
f 1338 1340 1341 895
f 1341 898 896 895
f 1341 1340 1342 1343
f 1341 1343 1344 898
f 1344 901 899 898
f 1344 1343 1345 1346
f 1344 1346 1347 901
f 1347 904 902 901
f 1347 1346 1348 1349
f 1347 1349 1350 904
f 1350 907 905 904
f 1350 1349 1351 1352
f 1350 1352 1353 907
f 1353 910 908 907
f 1353 1352 1354 1355
f 1353 1355 1356 910
f 1356 913 911 910
f 1356 1355 1357 1358
f 1356 1358 1359 913
f 1359 916 914 913
f 1359 1358 1360 1361
f 1359 1361 918 916
f 1361 1360 1362 1363
f 1361 1363 920 918
f 1363 1362 1364 1365
f 1363 1365 922 920
f 1365 1364 1366 1367
f 1365 1367 924 922
f 1367 1366 1368 1369
f 1367 1369 1370 924
f 1370 927 925 924
f 1370 1369 1371 1372
f 1370 1372 1373 927
f 1373 930 928 927
f 1373 1372 1374 1375
f 1373 1375 1376 930
f 1376 933 931 930
f 1376 1375 1377 1378
f 1376 1378 1379 933
f 1379 936 934 933
f 1379 1378 1380 1381
f 1379 1381 1382 936
f 1382 939 937 936
f 1382 1381 1383 1384
f 1382 1384 941 939
f 1384 1383 1385 1386
f 1384 1386 943 941
f 1386 1385 1387 1388
f 1386 1388 945 943
f 1388 1387 1389 1390
f 1388 1390 947 945
f 1390 1389 1391 1392
f 1390 1392 949 947
f 1392 1391 1393 1394
f 1392 1394 951 949
f 1394 1393 1395 1396
f 1394 1396 953 951
f 1396 1395 1397 958
f 1396 958 955 953
f 1397 1395 1398 1399
f 1397 1399 1400 961
f 1397 961 959 958
f 1400 1399 1401 1402
f 1400 1402 1403 1404
f 1400 1404 962 961
f 1404 1403 1405 1406
f 1404 1406 963 962
f 1406 1405 1407 1408
f 1406 1408 965 963
f 1408 1407 1409 1410
f 1408 1410 967 965
f 1410 1409 1411 1412
f 1410 1412 969 967
f 1412 1411 1413 1414
f 1412 1414 971 969
f 1414 1413 1415 1416
f 1414 1416 1417 971
f 1417 974 972 971
f 1417 1416 1418 1419
f 1417 1419 1420 974
f 1420 977 975 974
f 1420 1419 1421 1422
f 1420 1422 1423 977
f 1423 980 978 977
f 1423 1422 1424 1425
f 1423 1425 1426 980
f 1426 983 981 980
f 1426 1425 1427 1428
f 1426 1428 1429 983
f 1429 986 984 983
f 1429 1428 1430 1431
f 1429 1431 1432 986
f 1432 990 987 986
f 1432 1431 1433 1434
f 1432 1434 1435 990
f 1435 993 991 990
f 1435 1434 1436 1437
f 1435 1437 1438 993
f 1438 1439 994 993
f 1438 1437 1440 1441
f 1438 1441 1442 1439
f 1442 1441 1443 1444
f 1442 1444 1445 1446
f 1442 1446 1447 1439
f 1447 1446 1448 1449
f 1447 1449 1450 995
f 1447 995 994 1439
f 1450 1449 1451 1452
f 1450 1452 1453 998
f 1450 998 996 995
f 1453 1452 1454 1455
f 1453 1455 1456 1001
f 1453 1001 999 998
f 1456 1455 1457 1458
f 1456 1458 1459 1004
f 1456 1004 1002 1001
f 1459 1458 1460 1461
f 1459 1461 1010 1008
f 1459 1008 1005 1004
f 1461 1460 1462 1463
f 1461 1463 1012 1010
f 1463 1462 1464 1465
f 1463 1465 1014 1012
f 1465 1464 1466 1467
f 1465 1467 1016 1014
f 1467 1466 1468 1469
f 1467 1469 1018 1016
f 1469 1468 1470 1471
f 1469 1471 1020 1018
f 1471 1470 1472 1473
f 1471 1473 1022 1020
f 1473 1472 1474 1475
f 1473 1475 1024 1022
f 1475 1474 1476 1477
f 1475 1477 1478 1024
f 1478 1477 1479 1480
f 1478 1480 1481 1027
f 1478 1027 1025 1024
f 1481 1480 1482 1036
f 1481 1036 1034 1030
f 1481 1030 1028 1027
f 1482 1480 1479 1483
f 1482 1483 1484 1039
f 1482 1039 1037 1036
f 1484 1483 1485 1486
f 1484 1486 1487 1042
f 1484 1042 1040 1039
f 1487 1486 1488 1489
f 1487 1489 1490 1045
f 1487 1045 1043 1042
f 1490 1489 1491 1492
f 1490 1492 1493 1048
f 1490 1048 1046 1045
f 1493 1492 1494 1495
f 1493 1495 1496 1051
f 1493 1051 1049 1048
f 1496 1495 1497 1498
f 1496 1498 1499 1054
f 1496 1054 1052 1051
f 1499 1498 1500 1501
f 1499 1501 1502 1057
f 1499 1057 1055 1054
f 1502 1501 1503 1504
f 1502 1504 1505 1060
f 1502 1060 1058 1057
f 1505 1504 1506 1507
f 1505 1507 1508 1063
f 1505 1063 1061 1060
f 1508 1507 1509 1510
f 1508 1510 1511 1066
f 1508 1066 1064 1063
f 1511 1510 1512 1513
f 1511 1513 1514 1069
f 1511 1069 1067 1066
f 1514 1513 1515 1516
f 1514 1516 1517 1072
f 1514 1072 1070 1069
f 1517 1516 1518 1519
f 1517 1519 1520 1075
f 1517 1075 1073 1072
f 1520 1519 1521 1522
f 1520 1522 1523 1078
f 1520 1078 1076 1075
f 1523 1522 1524 1525
f 1523 1525 1526 1081
f 1523 1081 1079 1078
f 1526 1525 1527 1528
f 1526 1528 1529 1084
f 1526 1084 1082 1081
f 1529 1528 1530 1531
f 1529 1531 1532 1087
f 1529 1087 1085 1084
f 1532 1531 1533 1534
f 1532 1534 1535 1090
f 1532 1090 1088 1087
f 1535 1534 1536 1537
f 1535 1537 1538 1093
f 1535 1093 1091 1090
f 1538 1537 1539 1540
f 1538 1540 1541 1096
f 1538 1096 1094 1093
f 1541 1540 1542 1543
f 1541 1543 1544 1099
f 1541 1099 1097 1096
f 1544 1543 1545 1546
f 1544 1546 1547 1102
f 1544 1102 1100 1099
f 1547 1546 1548 1549
f 1547 1549 1550 1105
f 1547 1105 1103 1102
f 1550 1549 1551 1552
f 1550 1552 1553 1108
f 1550 1108 1106 1105
f 1553 1552 1554 1555
f 1553 1555 1556 1111
f 1553 1111 1109 1108
f 1556 1555 1557 1558
f 1556 1558 1559 1114
f 1556 1114 1112 1111
f 1559 1558 1560 1561
f 1559 1561 1562 1117
f 1559 1117 1115 1114
f 1562 1561 1563 1564
f 1562 1564 1565 1120
f 1562 1120 1118 1117
f 1565 1564 1566 1567
f 1565 1567 1568 1123
f 1565 1123 1121 1120
f 1568 1567 1569 1570
f 1568 1570 1571 1126
f 1568 1126 1124 1123
f 1571 1570 1572 1573
f 1571 1573 1574 1129
f 1571 1129 1127 1126
f 1574 1573 1575 1576
f 1574 1576 1577 1132
f 1574 1132 1130 1129
f 1577 1576 1578 1579
f 1577 1579 1580 1135
f 1577 1135 1133 1132
f 1580 1579 1581 1582
f 1580 1582 1583 1138
f 1580 1138 1136 1135
f 1583 1582 1584 1585
f 1583 1585 1586 1141
f 1583 1141 1139 1138
f 1586 1585 1587 1588
f 1586 1588 1589 1144
f 1586 1144 1142 1141
f 1589 1588 1590 1591
f 1589 1591 1592 1147
f 1589 1147 1145 1144
f 1592 1591 1593 1594
f 1592 1594 1595 1150
f 1592 1150 1148 1147
f 1595 1594 1596 1597
f 1595 1597 1598 1153
f 1595 1153 1151 1150
f 1598 1597 1599 1600
f 1598 1600 1601 1156
f 1598 1156 1154 1153
f 1601 1600 1602 1603
f 1601 1603 1604 1159
f 1601 1159 1157 1156
f 1604 1603 1605 1606
f 1604 1606 1607 1162
f 1604 1162 1160 1159
f 1607 1606 1608 1609
f 1607 1609 1610 1165
f 1607 1165 1163 1162
f 1610 1609 1611 1612
f 1610 1612 1613 1168
f 1610 1168 1166 1165
f 1613 1612 1614 1615
f 1613 1615 1616 1171
f 1613 1171 1169 1168
f 1616 1615 1617 1618
f 1616 1618 1619 1174
f 1616 1174 1172 1171
f 1619 1618 1620 44
f 1619 44 41 1177
f 1619 1177 1175 1174
f 1620 1621 1622 1623
f 1620 1623 42 44
f 1620 1618 1617 1621
f 1623 1622 1624 1183
f 1623 1183 43 42
f 1624 1622 1625 1626
f 1624 1626 1627 1186
f 1624 1186 1184 1183
f 1627 1626 1628 1629
f 1627 1629 1630 1189
f 1627 1189 1187 1186
f 1630 1629 1631 1632
f 1630 1632 1633 1192
f 1630 1192 1190 1189
f 1633 1632 1634 1635
f 1633 1635 1636 1637
f 1633 1637 1193 1192
f 1637 1636 1638 1639
f 1637 1639 1194 1193
f 1639 1638 1640 1641
f 1639 1641 1196 1194
f 1641 1640 1642 1643
f 1641 1643 1198 1196
f 1643 1642 1644 1645
f 1643 1645 1200 1198
f 1645 1644 1646 1647
f 1645 1647 1202 1200
f 1647 1646 1648 1649
f 1647 1649 1204 1202
f 1649 1648 1650 1651
f 1649 1651 1652 1204
f 1652 1207 1205 1204
f 1652 1651 1653 1654
f 1652 1654 1655 1207
f 1655 1210 1208 1207
f 1655 1654 1656 1657
f 1655 1657 1658 1210
f 1658 1213 1211 1210
f 1658 1657 1659 1660
f 1658 1660 1661 1213
f 1661 1216 1214 1213
f 1661 1660 1662 1663
f 1661 1663 1664 1216
f 1664 1219 1217 1216
f 1664 1663 1665 1666
f 1664 1666 1667 1219
f 1667 1222 1220 1219
f 1667 1666 1668 1669
f 1667 1669 1670 1222
f 1670 1225 1223 1222
f 1670 1669 1671 1672
f 1670 1672 1673 1225
f 1673 1228 1226 1225
f 1673 1672 1674 1675
f 1673 1675 1676 1228
f 1676 1231 1229 1228
f 1676 1675 1677 1678
f 1676 1678 1679 1231
f 1679 1234 1232 1231
f 1679 1678 1680 1681
f 1679 1681 1682 1234
f 1682 1237 1235 1234
f 1682 1681 1683 1684
f 1682 1684 1685 1237
f 1685 1240 1238 1237
f 1685 1684 1686 1687
f 1685 1687 1688 1240
f 1688 1243 1241 1240
f 1688 1687 1689 1690
f 1688 1690 1691 1243
f 1691 1246 1244 1243
f 1691 1690 1692 1693
f 1691 1693 1694 1246
f 1694 1249 1247 1246
f 1694 1693 1695 1696
f 1694 1696 1697 1249
f 1697 1252 1250 1249
f 1697 1696 1698 1699
f 1697 1699 1700 1252
f 1700 1255 1253 1252
f 1700 1699 1701 1702
f 1700 1702 1703 1255
f 1703 1258 1256 1255
f 1703 1702 1704 1705
f 1703 1705 1706 1258
f 1706 1261 1259 1258
f 1706 1705 83 82
f 1706 82 86 1261
f 1705 1704 1707 83
f 1707 1704 1708 1709
f 1707 1709 1710 1711
f 1707 1711 77 83
f 1711 1710 1712 1713
f 1711 1713 78 77
f 1713 1714 1715 78
f 1713 1712 1716 1714
f 1716 1717 1718 1714
f 1716 1712 1719 1720
f 1716 1720 1721 1717
f 1721 1722 1723 1717
f 1721 1720 1724 1725
f 1721 1725 1726 1722
f 1726 1727 1728 1722
f 1726 1725 1729 1730
f 1726 1730 1731 1727
f 1731 1732 1733 1727
f 1731 1730 1734 1735
f 1731 1735 1736 1732
f 1736 1737 1738 1732
f 1736 1735 1739 1740
f 1736 1740 1741 1737
f 1741 1742 1743 1737
f 1741 1740 1744 1745
f 1741 1745 1746 1742
f 1746 1747 1748 1742
f 1746 1745 1749 1750
f 1746 1750 1751 1747
f 1751 1752 1753 1747
f 1751 1750 1754 1755
f 1751 1755 1756 1752
f 1756 1757 120 1752
f 1756 1755 1758 1759
f 1756 1759 1760 1757
f 1760 1761 1762 1757
f 1760 1759 1763 1764
f 1760 1764 1765 1761
f 1765 1766 1767 1761
f 1765 1764 1768 1769
f 1765 1769 1770 1766
f 1770 1771 1772 1766
f 1770 1769 1773 1774
f 1770 1774 1775 1771
f 1775 1776 1777 1771
f 1775 1774 1778 1779
f 1775 1779 1780 1776
f 1780 1781 1782 1776
f 1780 1779 1783 1784
f 1780 1784 1785 1781
f 1785 1786 1787 1781
f 1785 1784 1788 1789
f 1785 1789 1790 1786
f 1790 1791 1792 1786
f 1790 1789 1793 1794
f 1790 1794 1795 1791
f 1795 1796 1797 1791
f 1795 1794 1798 1799
f 1795 1799 1800 1796
f 1800 1801 1802 1796
f 1800 1799 1803 1804
f 1800 1804 1805 1801
f 1805 88 87 1801
f 1805 1804 1806 1807
f 1805 1807 1808 88
f 1808 1809 89 88
f 1808 1807 1810 1811
f 1808 1811 1812 1809
f 1812 1813 1814 1809
f 1812 1811 1815 1816
f 1812 1816 1817 1813
f 1817 1818 1819 1813
f 1817 1816 1820 1821
f 1817 1821 1822 1818
f 1822 1823 1824 1818
f 1822 1821 1825 1826
f 1822 1826 1827 1823
f 1827 1828 1829 1823
f 1827 1826 1830 1831
f 1827 1831 1832 1828
f 1832 1833 1834 1828
f 1832 1831 1835 1836
f 1832 1836 1837 1833
f 1837 1838 1839 1833
f 1837 1836 1840 1841
f 1837 1841 1842 1838
f 1842 1843 1844 1838
f 1842 1841 1845 1846
f 1842 1846 1847 1843
f 1847 1848 1849 1843
f 1847 1846 1850 1851
f 1847 1851 1852 1848
f 1852 1853 1854 1848
f 1852 1851 1855 1856
f 1852 1856 1857 1853
f 1857 1858 1859 1853
f 1857 1856 1860 1861
f 1857 1861 1862 1858
f 1862 1863 1864 1858
f 1862 1861 1865 1866
f 1862 1866 1867 1863
f 1867 1868 1869 1863
f 1867 1866 1870 1871
f 1867 1871 1872 1868
f 1872 1873 1874 1868
f 1872 1871 1875 1876
f 1872 1876 1877 1873
f 1877 1878 1879 1873
f 1877 1876 1880 1881
f 1877 1881 1882 1878
f 1882 1883 1884 1878
f 1882 1881 1885 1886
f 1882 1886 1887 1883
f 1887 1888 1889 1883
f 1887 1886 1890 1891
f 1887 1891 1892 1888
f 1892 1893 1894 1888
f 1892 1891 1895 1896
f 1892 1896 1897 1893
f 1897 1898 1899 1893
f 1897 1896 1900 1901
f 1897 1901 1902 1898
f 1902 1903 1904 1898
f 1902 1901 1905 1906
f 1902 1906 1907 1903
f 1907 1908 1909 1903
f 1907 1906 1910 1911
f 1907 1911 1912 1908
f 1912 1913 1914 1908
f 1912 1911 1915 1916
f 1912 1916 1917 1913
f 1917 1918 1919 1913
f 1917 1916 1920 1921
f 1917 1921 1922 1918
f 1922 1923 1924 1918
f 1922 1921 1925 1926
f 1922 1926 1927 1923
f 1927 1928 1929 1923
f 1927 1926 1930 1931
f 1927 1931 1932 1928
f 1932 1933 1934 1928
f 1932 1931 1935 1936
f 1932 1936 1937 1933
f 1937 1938 1939 1933
f 1937 1936 1940 1941
f 1937 1941 1942 1938
f 1942 1943 1944 1938
f 1942 1941 1945 1946
f 1942 1946 1947 1943
f 1947 1948 1949 1943
f 1947 1946 1950 1951
f 1947 1951 1952 1948
f 1952 1953 1954 1948
f 1952 1951 1955 1956
f 1952 1956 1957 1953
f 1957 1958 1959 1953
f 1957 1956 1960 1961
f 1957 1961 1962 1958
f 1962 1963 1964 1958
f 1962 1961 1965 1966
f 1962 1966 1967 1963
f 1967 1968 1969 1963
f 1967 1966 1970 1971
f 1967 1971 1972 1968
f 1972 1973 1974 1968
f 1972 1971 1975 1976
f 1972 1976 1977 1973
f 1977 1978 1979 1973
f 1977 1976 1980 1981
f 1977 1981 1982 1978
f 1982 1983 1984 1978
f 1982 1981 1985 1986
f 1982 1986 1987 1983
f 1987 1988 1989 1983
f 1987 1986 1990 1991
f 1987 1991 1992 1988
f 1992 1393 1391 1988
f 1992 1991 1993 1398
f 1992 1398 1395 1393
f 1993 1991 1990 1994
f 1993 1994 1995 1401
f 1993 1401 1399 1398
f 1995 1994 1996 1997
f 1995 1997 1998 1999
f 1995 1999 1402 1401
f 1999 1998 2000 2001
f 1999 2001 1403 1402
f 2001 2000 2002 2003
f 2001 2003 1405 1403
f 2003 2002 2004 2005
f 2003 2005 1407 1405
f 2005 2004 2006 2007
f 2005 2007 1409 1407
f 2007 2006 2008 2009
f 2007 2009 1411 1409
f 2009 2008 2010 2011
f 2009 2011 1413 1411
f 2011 2010 2012 2013
f 2011 2013 1415 1413
f 2013 2012 2014 2015
f 2013 2015 2016 1415
f 2016 1418 1416 1415
f 2016 2015 2017 2018
f 2016 2018 2019 1418
f 2019 1421 1419 1418
f 2019 2018 2020 2021
f 2019 2021 2022 1421
f 2022 1424 1422 1421
f 2022 2021 2023 2024
f 2022 2024 2025 1424
f 2025 1427 1425 1424
f 2025 2024 2026 2027
f 2025 2027 2028 1427
f 2028 1430 1428 1427
f 2028 2027 2029 2030
f 2028 2030 2031 1430
f 2031 1433 1431 1430
f 2031 2030 2032 2033
f 2031 2033 2034 1433
f 2034 1436 1434 1433
f 2034 2033 2035 2036
f 2034 2036 2037 1436
f 2037 1440 1437 1436
f 2037 2036 2038 2039
f 2037 2039 2040 1440
f 2040 1443 1441 1440
f 2040 2039 2041 2042
f 2040 2042 2043 1443
f 2043 2042 2044 2045
f 2043 2045 2046 2047
f 2043 2047 1444 1443
f 2047 2046 2048 2049
f 2047 2049 1445 1444
f 2049 2048 2050 2051
f 2049 2051 2052 1445
f 2052 2051 2053 2054
f 2052 2054 2055 1448
f 2052 1448 1446 1445
f 2055 2054 2056 2057
f 2055 2057 2058 1451
f 2055 1451 1449 1448
f 2058 2057 2059 2060
f 2058 2060 2061 1454
f 2058 1454 1452 1451
f 2061 2060 2062 2063
f 2061 2063 2064 1457
f 2061 1457 1455 1454
f 2064 2063 2065 2066
f 2064 2066 1462 1460
f 2064 1460 1458 1457
f 2066 2065 2067 2068
f 2066 2068 1464 1462
f 2068 2067 2069 2070
f 2068 2070 1466 1464
f 2070 2069 2071 2072
f 2070 2072 1468 1466
f 2072 2071 2073 2074
f 2072 2074 1470 1468
f 2074 2073 2075 2076
f 2074 2076 1472 1470
f 2076 2075 2077 2078
f 2076 2078 1474 1472
f 2078 2077 2079 2080
f 2078 2080 1476 1474
f 2080 2079 2081 2082
f 2080 2082 2083 1476
f 2083 2082 2084 1485
f 2083 1485 1483 1479
f 2083 1479 1477 1476
f 2084 2082 2081 2085
f 2084 2085 2086 1488
f 2084 1488 1486 1485
f 2086 2085 2087 2088
f 2086 2088 2089 1491
f 2086 1491 1489 1488
f 2089 2088 2090 2091
f 2089 2091 2092 1494
f 2089 1494 1492 1491
f 2092 2091 2093 2094
f 2092 2094 2095 1497
f 2092 1497 1495 1494
f 2095 2094 2096 2097
f 2095 2097 2098 1500
f 2095 1500 1498 1497
f 2098 2097 2099 2100
f 2098 2100 2101 1503
f 2098 1503 1501 1500
f 2101 2100 2102 2103
f 2101 2103 2104 1506
f 2101 1506 1504 1503
f 2104 2103 2105 2106
f 2104 2106 2107 1509
f 2104 1509 1507 1506
f 2107 2106 2108 2109
f 2107 2109 2110 1512
f 2107 1512 1510 1509
f 2110 2109 2111 2112
f 2110 2112 2113 1515
f 2110 1515 1513 1512
f 2113 2112 2114 2115
f 2113 2115 2116 1518
f 2113 1518 1516 1515
f 2116 2115 2117 2118
f 2116 2118 2119 1521
f 2116 1521 1519 1518
f 2119 2118 2120 2121
f 2119 2121 2122 1524
f 2119 1524 1522 1521
f 2122 2121 2123 2124
f 2122 2124 2125 1527
f 2122 1527 1525 1524
f 2125 2124 2126 2127
f 2125 2127 2128 1530
f 2125 1530 1528 1527
f 2128 2127 2129 2130
f 2128 2130 2131 1533
f 2128 1533 1531 1530
f 2131 2130 2132 2133
f 2131 2133 2134 1536
f 2131 1536 1534 1533
f 2134 2133 2135 2136
f 2134 2136 2137 1539
f 2134 1539 1537 1536
f 2137 2136 2138 2139
f 2137 2139 2140 1542
f 2137 1542 1540 1539
f 2140 2139 2141 2142
f 2140 2142 2143 1545
f 2140 1545 1543 1542
f 2143 2142 2144 2145
f 2143 2145 2146 1548
f 2143 1548 1546 1545
f 2146 2145 2147 2148
f 2146 2148 2149 1551
f 2146 1551 1549 1548
f 2149 2148 2150 2151
f 2149 2151 2152 1554
f 2149 1554 1552 1551
f 2152 2151 2153 2154
f 2152 2154 2155 1557
f 2152 1557 1555 1554
f 2155 2154 2156 2157
f 2155 2157 2158 1560
f 2155 1560 1558 1557
f 2158 2157 2159 2160
f 2158 2160 2161 1563
f 2158 1563 1561 1560
f 2161 2160 2162 2163
f 2161 2163 2164 1566
f 2161 1566 1564 1563
f 2164 2163 2165 2166
f 2164 2166 2167 1569
f 2164 1569 1567 1566
f 2167 2166 2168 2169
f 2167 2169 2170 1572
f 2167 1572 1570 1569
f 2170 2169 2171 2172
f 2170 2172 2173 1575
f 2170 1575 1573 1572
f 2173 2172 2174 2175
f 2173 2175 2176 1578
f 2173 1578 1576 1575
f 2176 2175 2177 2178
f 2176 2178 2179 1581
f 2176 1581 1579 1578
f 2179 2178 2180 2181
f 2179 2181 2182 1584
f 2179 1584 1582 1581
f 2182 2181 2183 2184
f 2182 2184 2185 1587
f 2182 1587 1585 1584
f 2185 2184 2186 2187
f 2185 2187 2188 1590
f 2185 1590 1588 1587
f 2188 2187 2189 2190
f 2188 2190 2191 1593
f 2188 1593 1591 1590
f 2191 2190 2192 2193
f 2191 2193 2194 1596
f 2191 1596 1594 1593
f 2194 2193 2195 2196
f 2194 2196 2197 1599
f 2194 1599 1597 1596
f 2197 2196 2198 2199
f 2197 2199 2200 1602
f 2197 1602 1600 1599
f 2200 2199 2201 2202
f 2200 2202 2203 1605
f 2200 1605 1603 1602
f 2203 2202 2204 2205
f 2203 2205 2206 1608
f 2203 1608 1606 1605
f 2206 2205 2207 2208
f 2206 2208 2209 1611
f 2206 1611 1609 1608
f 2209 2208 54 2210
f 2209 2210 2211 1614
f 2209 1614 1612 1611
f 2211 2210 2212 2213
f 2211 2213 1621 1617
f 2211 1617 1615 1614
f 2213 2212 2214 1625
f 2213 1625 1622 1621
f 2214 2212 47 46
f 2214 46 2215 1628
f 2214 1628 1626 1625
f 2215 46 45 2216
f 2215 2216 2217 1631
f 2215 1631 1629 1628
f 2217 2216 2218 2219
f 2217 2219 2220 1634
f 2217 1634 1632 1631
f 2220 2219 2221 2222
f 2220 2222 2223 2224
f 2220 2224 1635 1634
f 2224 2223 2225 2226
f 2224 2226 1636 1635
f 2226 2225 2227 2228
f 2226 2228 1638 1636
f 2228 2227 2229 2230
f 2228 2230 1640 1638
f 2230 2229 2231 2232
f 2230 2232 1642 1640
f 2232 2231 2233 2234
f 2232 2234 1644 1642
f 2234 2233 2235 2236
f 2234 2236 1646 1644
f 2236 2235 2237 2238
f 2236 2238 1648 1646
f 2238 2237 2239 2240
f 2238 2240 1650 1648
f 2240 2239 2241 2242
f 2240 2242 2243 1650
f 2243 1653 1651 1650
f 2243 2242 2244 2245
f 2243 2245 2246 1653
f 2246 1656 1654 1653
f 2246 2245 2247 2248
f 2246 2248 2249 1656
f 2249 1659 1657 1656
f 2249 2248 2250 2251
f 2249 2251 2252 1659
f 2252 1662 1660 1659
f 2252 2251 2253 2254
f 2252 2254 2255 1662
f 2255 1665 1663 1662
f 2255 2254 2256 2257
f 2255 2257 2258 1665
f 2258 1668 1666 1665
f 2258 2257 2259 2260
f 2258 2260 2261 1668
f 2261 1671 1669 1668
f 2261 2260 2262 2263
f 2261 2263 2264 1671
f 2264 1674 1672 1671
f 2264 2263 2265 2266
f 2264 2266 2267 1674
f 2267 1677 1675 1674
f 2267 2266 2268 2269
f 2267 2269 2270 1677
f 2270 1680 1678 1677
f 2270 2269 2271 2272
f 2270 2272 2273 1680
f 2273 1683 1681 1680
f 2273 2272 2274 2275
f 2273 2275 2276 1683
f 2276 1686 1684 1683
f 2276 2275 2277 2278
f 2276 2278 2279 1686
f 2279 1689 1687 1686
f 2279 2278 2280 2281
f 2279 2281 2282 1689
f 2282 1692 1690 1689
f 2282 2281 2283 2284
f 2282 2284 2285 1692
f 2285 1695 1693 1692
f 2285 2284 2286 2287
f 2285 2287 2288 1695
f 2288 1698 1696 1695
f 2288 2287 2289 2290
f 2288 2290 2291 1698
f 2291 1701 1699 1698
f 2291 2290 2292 2293
f 2291 2293 1708 1701
f 2293 2292 2294 2295
f 2293 2295 1709 1708
f 2295 2294 2296 2297
f 2295 2297 1710 1709
f 2297 2296 2298 1719
f 2297 1719 1712 1710
f 2298 1724 1720 1719
f 2298 2296 2299 2300
f 2298 2300 2301 1724
f 2301 1729 1725 1724
f 2301 2300 2302 2303
f 2301 2303 2304 1729
f 2304 1734 1730 1729
f 2304 2303 2305 2306
f 2304 2306 2307 1734
f 2307 1739 1735 1734
f 2307 2306 2308 2309
f 2307 2309 2310 1739
f 2310 1744 1740 1739
f 2310 2309 2311 2312
f 2310 2312 2313 1744
f 2313 1749 1745 1744
f 2313 2312 2314 2315
f 2313 2315 2316 1749
f 2316 1754 1750 1749
f 2316 2315 2317 2318
f 2316 2318 2319 1754
f 2319 1758 1755 1754
f 2319 2318 2320 2321
f 2319 2321 2322 1758
f 2322 1763 1759 1758
f 2322 2321 2323 2324
f 2322 2324 2325 1763
f 2325 1768 1764 1763
f 2325 2324 2326 2327
f 2325 2327 2328 1768
f 2328 1773 1769 1768
f 2328 2327 2329 2330
f 2328 2330 2331 1773
f 2331 1778 1774 1773
f 2331 2330 2332 2333
f 2331 2333 2334 1778
f 2334 1783 1779 1778
f 2334 2333 2335 2336
f 2334 2336 2337 1783
f 2337 1788 1784 1783
f 2337 2336 2338 2339
f 2337 2339 2340 1788
f 2340 1793 1789 1788
f 2340 2339 2341 2342
f 2340 2342 2343 1793
f 2343 1798 1794 1793
f 2343 2342 2344 2345
f 2343 2345 2346 1798
f 2346 1803 1799 1798
f 2346 2345 2347 2348
f 2346 2348 2349 1803
f 2349 1806 1804 1803
f 2349 2348 2350 2351
f 2349 2351 2352 1806
f 2352 1810 1807 1806
f 2352 2351 2353 2354
f 2352 2354 2355 1810
f 2355 1815 1811 1810
f 2355 2354 2356 2357
f 2355 2357 2358 1815
f 2358 1820 1816 1815
f 2358 2357 2359 2360
f 2358 2360 2361 1820
f 2361 1825 1821 1820
f 2361 2360 2362 2363
f 2361 2363 2364 1825
f 2364 1830 1826 1825
f 2364 2363 2365 2366
f 2364 2366 2367 1830
f 2367 1835 1831 1830
f 2367 2366 2368 2369
f 2367 2369 2370 1835
f 2370 1840 1836 1835
f 2370 2369 2371 2372
f 2370 2372 2373 1840
f 2373 1845 1841 1840
f 2373 2372 2374 2375
f 2373 2375 2376 1845
f 2376 1850 1846 1845
f 2376 2375 2377 2378
f 2376 2378 2379 1850
f 2379 1855 1851 1850
f 2379 2378 2380 2381
f 2379 2381 2382 1855
f 2382 1860 1856 1855
f 2382 2381 2383 2384
f 2382 2384 2385 1860
f 2385 1865 1861 1860
f 2385 2384 2386 2387
f 2385 2387 2388 1865
f 2388 1870 1866 1865
f 2388 2387 2389 2390
f 2388 2390 2391 1870
f 2391 1875 1871 1870
f 2391 2390 2392 2393
f 2391 2393 2394 1875
f 2394 1880 1876 1875
f 2394 2393 2395 2396
f 2394 2396 2397 1880
f 2397 1885 1881 1880
f 2397 2396 2398 2399
f 2397 2399 2400 1885
f 2400 1890 1886 1885
f 2400 2399 2401 2402
f 2400 2402 2403 1890
f 2403 1895 1891 1890
f 2403 2402 2404 2405
f 2403 2405 2406 1895
f 2406 1900 1896 1895
f 2406 2405 2407 2408
f 2406 2408 2409 1900
f 2409 1905 1901 1900
f 2409 2408 2410 2411
f 2409 2411 2412 1905
f 2412 1910 1906 1905
f 2412 2411 2413 2414
f 2412 2414 2415 1910
f 2415 1915 1911 1910
f 2415 2414 2416 2417
f 2415 2417 2418 1915
f 2418 1920 1916 1915
f 2418 2417 2419 2420
f 2418 2420 2421 1920
f 2421 1925 1921 1920
f 2421 2420 2422 2423
f 2421 2423 2424 1925
f 2424 1930 1926 1925
f 2424 2423 2425 2426
f 2424 2426 2427 1930
f 2427 1935 1931 1930
f 2427 2426 2428 2429
f 2427 2429 2430 1935
f 2430 1940 1936 1935
f 2430 2429 2431 2432
f 2430 2432 2433 1940
f 2433 1945 1941 1940
f 2433 2432 2434 2435
f 2433 2435 2436 1945
f 2436 1950 1946 1945
f 2436 2435 2437 2438
f 2436 2438 2439 1950
f 2439 1955 1951 1950
f 2439 2438 2440 2441
f 2439 2441 2442 1955
f 2442 1960 1956 1955
f 2442 2441 2443 2444
f 2442 2444 2445 1960
f 2445 1965 1961 1960
f 2445 2444 2446 2447
f 2445 2447 2448 1965
f 2448 1970 1966 1965
f 2448 2447 2449 2450
f 2448 2450 2451 1970
f 2451 1975 1971 1970
f 2451 2450 2452 2453
f 2451 2453 2454 1975
f 2454 1980 1976 1975
f 2454 2453 2455 2456
f 2454 2456 2457 1980
f 2457 1985 1981 1980
f 2457 2456 2458 2459
f 2457 2459 2460 1985
f 2460 1990 1986 1985
f 2460 2459 2461 1996
f 2460 1996 1994 1990
f 2461 2459 2458 2462
f 2461 2462 2463 2464
f 2461 2464 1997 1996
f 2464 2463 2465 2466
f 2464 2466 1998 1997
f 2466 2465 2467 2468
f 2466 2468 2000 1998
f 2468 2467 2469 2470
f 2468 2470 2002 2000
f 2470 2469 2471 2472
f 2470 2472 2004 2002
f 2472 2471 2473 2474
f 2472 2474 2006 2004
f 2474 2473 2475 2476
f 2474 2476 2008 2006
f 2476 2475 2477 2478
f 2476 2478 2010 2008
f 2478 2477 2479 2480
f 2478 2480 2012 2010
f 2480 2479 2481 2482
f 2480 2482 2014 2012
f 2482 2481 2483 2484
f 2482 2484 2485 2014
f 2485 2017 2015 2014
f 2485 2484 2486 2487
f 2485 2487 2488 2017
f 2488 2020 2018 2017
f 2488 2487 2489 2490
f 2488 2490 2491 2020
f 2491 2023 2021 2020
f 2491 2490 2492 2493
f 2491 2493 2494 2023
f 2494 2026 2024 2023
f 2494 2493 2495 2496
f 2494 2496 2497 2026
f 2497 2029 2027 2026
f 2497 2496 2498 2499
f 2497 2499 2500 2029
f 2500 2032 2030 2029
f 2500 2499 2501 2502
f 2500 2502 2503 2032
f 2503 2035 2033 2032
f 2503 2502 2504 2505
f 2503 2505 2506 2035
f 2506 2038 2036 2035
f 2506 2505 2507 2508
f 2506 2508 2509 2038
f 2509 2041 2039 2038
f 2509 2508 2510 2511
f 2509 2511 2512 2041
f 2512 2044 2042 2041
f 2512 2511 2513 2514
f 2512 2514 2515 2044
f 2515 2514 2516 2517
f 2515 2517 2518 2519
f 2515 2519 2045 2044
f 2519 2518 2520 2521
f 2519 2521 2046 2045
f 2521 2520 2522 2523
f 2521 2523 2048 2046
f 2523 2522 2524 2525
f 2523 2525 2050 2048
f 2525 2524 2526 2527
f 2525 2527 2528 2050
f 2528 2527 2529 2530
f 2528 2530 2531 2053
f 2528 2053 2051 2050
f 2531 2530 2532 2533
f 2531 2533 2534 2056
f 2531 2056 2054 2053
f 2534 2533 2535 2536
f 2534 2536 2537 2059
f 2534 2059 2057 2056
f 2537 2536 2538 2539
f 2537 2539 2540 2062
f 2537 2062 2060 2059
f 2540 2539 2541 2542
f 2540 2542 2067 2065
f 2540 2065 2063 2062
f 2542 2541 2543 2544
f 2542 2544 2069 2067
f 2544 2543 2545 2546
f 2544 2546 2071 2069
f 2546 2545 2547 2548
f 2546 2548 2073 2071
f 2548 2547 2549 2550
f 2548 2550 2075 2073
f 2550 2549 2551 2552
f 2550 2552 2077 2075
f 2552 2551 2553 2554
f 2552 2554 2079 2077
f 2554 2553 2555 2556
f 2554 2556 2081 2079
f 2556 2555 2557 2087
f 2556 2087 2085 2081
f 2557 2555 2558 2559
f 2557 2559 2560 2090
f 2557 2090 2088 2087
f 2560 2559 2561 2562
f 2560 2562 2563 2093
f 2560 2093 2091 2090
f 2563 2562 2564 2565
f 2563 2565 2566 2096
f 2563 2096 2094 2093
f 2566 2565 2567 2568
f 2566 2568 2569 2099
f 2566 2099 2097 2096
f 2569 2568 2570 2571
f 2569 2571 2572 2102
f 2569 2102 2100 2099
f 2572 2571 2573 2574
f 2572 2574 2575 2105
f 2572 2105 2103 2102
f 2575 2574 2576 2577
f 2575 2577 2578 2108
f 2575 2108 2106 2105
f 2578 2577 2579 2580
f 2578 2580 2581 2111
f 2578 2111 2109 2108
f 2581 2580 2582 2583
f 2581 2583 2584 2114
f 2581 2114 2112 2111
f 2584 2583 2585 2586
f 2584 2586 2587 2117
f 2584 2117 2115 2114
f 2587 2586 2588 2589
f 2587 2589 2590 2120
f 2587 2120 2118 2117
f 2590 2589 2591 2592
f 2590 2592 2593 2123
f 2590 2123 2121 2120
f 2593 2592 2594 2595
f 2593 2595 2596 2126
f 2593 2126 2124 2123
f 2596 2595 2597 2598
f 2596 2598 2599 2129
f 2596 2129 2127 2126
f 2599 2598 2600 2601
f 2599 2601 2602 2132
f 2599 2132 2130 2129
f 2602 2601 2603 2604
f 2602 2604 2605 2135
f 2602 2135 2133 2132
f 2605 2604 2606 2607
f 2605 2607 2608 2138
f 2605 2138 2136 2135
f 2608 2607 2609 2610
f 2608 2610 2611 2141
f 2608 2141 2139 2138
f 2611 2610 2612 2613
f 2611 2613 2614 2144
f 2611 2144 2142 2141
f 2614 2613 2615 2616
f 2614 2616 2617 2147
f 2614 2147 2145 2144
f 2617 2616 2618 2619
f 2617 2619 2620 2150
f 2617 2150 2148 2147
f 2620 2619 2621 2622
f 2620 2622 2623 2153
f 2620 2153 2151 2150
f 2623 2622 2624 2625
f 2623 2625 2626 2156
f 2623 2156 2154 2153
f 2626 2625 2627 2628
f 2626 2628 2629 2159
f 2626 2159 2157 2156
f 2629 2628 2630 2631
f 2629 2631 2632 2162
f 2629 2162 2160 2159
f 2632 2631 2633 2634
f 2632 2634 2635 2165
f 2632 2165 2163 2162
f 2635 2634 2636 2637
f 2635 2637 2638 2168
f 2635 2168 2166 2165
f 2638 2637 2639 2640
f 2638 2640 2641 2171
f 2638 2171 2169 2168
f 2641 2640 2642 2643
f 2641 2643 2644 2174
f 2641 2174 2172 2171
f 2644 2643 2645 2646
f 2644 2646 2647 2177
f 2644 2177 2175 2174
f 2647 2646 2648 2649
f 2647 2649 2650 2180
f 2647 2180 2178 2177
f 2650 2649 2651 2652
f 2650 2652 2653 2183
f 2650 2183 2181 2180
f 2653 2652 2654 2655
f 2653 2655 2656 2186
f 2653 2186 2184 2183
f 2656 2655 2657 2658
f 2656 2658 2659 2189
f 2656 2189 2187 2186
f 2659 2658 2660 2661
f 2659 2661 2662 2192
f 2659 2192 2190 2189
f 2662 2661 2663 2664
f 2662 2664 2665 2195
f 2662 2195 2193 2192
f 2665 2664 2666 2667
f 2665 2667 2668 2198
f 2665 2198 2196 2195
f 2668 2667 2669 2670
f 2668 2670 2671 2201
f 2668 2201 2199 2198
f 2671 2670 2672 2673
f 2671 2673 2674 2204
f 2671 2204 2202 2201
f 2674 2673 2675 53
f 2674 53 52 2207
f 2674 2207 2205 2204
f 2675 2676 2677 2678
f 2675 2678 50 53
f 2675 2673 2672 2676
f 2678 2677 2679 2680
f 2678 2680 51 50
f 2680 2679 2681 2682
f 2680 2682 2683 51
f 2683 2682 2684 2685
f 2683 2685 2686 2687
f 2683 2687 48 51
f 2687 2686 2688 2689
f 2687 2689 49 48
f 2689 2688 2690 2691
f 2689 2691 2218 49
f 2691 2690 2692 2221
f 2691 2221 2219 2218
f 2692 2690 2693 2694
f 2692 2694 2695 2696
f 2692 2696 2222 2221
f 2696 2695 2697 2698
f 2696 2698 2223 2222
f 2698 2697 2699 2700
f 2698 2700 2225 2223
f 2700 2699 2701 2702
f 2700 2702 2227 2225
f 2702 2701 2703 2704
f 2702 2704 2229 2227
f 2704 2703 2705 2706
f 2704 2706 2231 2229
f 2706 2705 2707 2708
f 2706 2708 2233 2231
f 2708 2707 2709 2710
f 2708 2710 2235 2233
f 2710 2709 2711 2712
f 2710 2712 2237 2235
f 2712 2711 2713 2714
f 2712 2714 2239 2237
f 2714 2713 2715 2716
f 2714 2716 2241 2239
f 2716 2715 2717 2718
f 2716 2718 2719 2241
f 2719 2244 2242 2241
f 2719 2718 2720 2721
f 2719 2721 2722 2244
f 2722 2247 2245 2244
f 2722 2721 2723 2724
f 2722 2724 2725 2247
f 2725 2250 2248 2247
f 2725 2724 2726 2727
f 2725 2727 2728 2250
f 2728 2253 2251 2250
f 2728 2727 2729 2730
f 2728 2730 2731 2253
f 2731 2256 2254 2253
f 2731 2730 2732 2733
f 2731 2733 2734 2256
f 2734 2259 2257 2256
f 2734 2733 2735 2736
f 2734 2736 2737 2259
f 2737 2262 2260 2259
f 2737 2736 2738 2739
f 2737 2739 2740 2262
f 2740 2265 2263 2262
f 2740 2739 2741 2742
f 2740 2742 2743 2265
f 2743 2268 2266 2265
f 2743 2742 2744 2745
f 2743 2745 2746 2268
f 2746 2271 2269 2268
f 2746 2745 2747 2748
f 2746 2748 2749 2271
f 2749 2274 2272 2271
f 2749 2748 2750 2751
f 2749 2751 2752 2274
f 2752 2277 2275 2274
f 2752 2751 2753 2754
f 2752 2754 2755 2277
f 2755 2280 2278 2277
f 2755 2754 2756 2757
f 2755 2757 2758 2280
f 2758 2283 2281 2280
f 2758 2757 2759 2760
f 2758 2760 2761 2283
f 2761 2286 2284 2283
f 2761 2760 2762 2763
f 2761 2763 2764 2286
f 2764 2289 2287 2286
f 2764 2763 2765 2766
f 2764 2766 2767 2289
f 2767 2292 2290 2289
f 2767 2766 2768 2769
f 2767 2769 2294 2292
f 2769 2768 2770 2299
f 2769 2299 2296 2294
f 2770 2768 2771 2772
f 2770 2772 2773 2302
f 2770 2302 2300 2299
f 2773 2305 2303 2302
f 2773 2772 2774 2775
f 2773 2775 2776 2305
f 2776 2308 2306 2305
f 2776 2775 2777 2778
f 2776 2778 2779 2308
f 2779 2311 2309 2308
f 2779 2778 2780 2781
f 2779 2781 2782 2311
f 2782 2314 2312 2311
f 2782 2781 2783 2784
f 2782 2784 2785 2314
f 2785 2317 2315 2314
f 2785 2784 2786 2787
f 2785 2787 2788 2317
f 2788 2320 2318 2317
f 2788 2787 2789 2790
f 2788 2790 2791 2320
f 2791 2323 2321 2320
f 2791 2790 2792 2793
f 2791 2793 2794 2323
f 2794 2326 2324 2323
f 2794 2793 2795 2796
f 2794 2796 2797 2326
f 2797 2329 2327 2326
f 2797 2796 2798 2799
f 2797 2799 2800 2329
f 2800 2332 2330 2329
f 2800 2799 2801 2802
f 2800 2802 2803 2332
f 2803 2335 2333 2332
f 2803 2802 2804 2805
f 2803 2805 2806 2335
f 2806 2338 2336 2335
f 2806 2805 2807 2808
f 2806 2808 2809 2338
f 2809 2341 2339 2338
f 2809 2808 2810 2811
f 2809 2811 2812 2341
f 2812 2344 2342 2341
f 2812 2811 2813 2814
f 2812 2814 2815 2344
f 2815 2347 2345 2344
f 2815 2814 2816 2817
f 2815 2817 2818 2347
f 2818 2350 2348 2347
f 2818 2817 2819 2820
f 2818 2820 2821 2350
f 2821 2353 2351 2350
f 2821 2820 2822 2823
f 2821 2823 2824 2353
f 2824 2356 2354 2353
f 2824 2823 2825 2826
f 2824 2826 2827 2356
f 2827 2359 2357 2356
f 2827 2826 2828 2829
f 2827 2829 2830 2359
f 2830 2362 2360 2359
f 2830 2829 2831 2832
f 2830 2832 2833 2362
f 2833 2365 2363 2362
f 2833 2832 2834 2835
f 2833 2835 2836 2365
f 2836 2368 2366 2365
f 2836 2835 2837 2838
f 2836 2838 2839 2368
f 2839 2371 2369 2368
f 2839 2838 2840 2841
f 2839 2841 2842 2371
f 2842 2374 2372 2371
f 2842 2841 2843 2844
f 2842 2844 2845 2374
f 2845 2377 2375 2374
f 2845 2844 2846 2847
f 2845 2847 2848 2377
f 2848 2380 2378 2377
f 2848 2847 2849 2850
f 2848 2850 2851 2380
f 2851 2383 2381 2380
f 2851 2850 2852 2853
f 2851 2853 2854 2383
f 2854 2386 2384 2383
f 2854 2853 2855 2856
f 2854 2856 2857 2386
f 2857 2389 2387 2386
f 2857 2856 2858 2859
f 2857 2859 2860 2389
f 2860 2392 2390 2389
f 2860 2859 2861 2862
f 2860 2862 2863 2392
f 2863 2395 2393 2392
f 2863 2862 2864 2865
f 2863 2865 2866 2395
f 2866 2398 2396 2395
f 2866 2865 2867 2868
f 2866 2868 2869 2398
f 2869 2401 2399 2398
f 2869 2868 2870 2871
f 2869 2871 2872 2401
f 2872 2404 2402 2401
f 2872 2871 2873 2874
f 2872 2874 2875 2404
f 2875 2407 2405 2404
f 2875 2874 2876 2877
f 2875 2877 2878 2407
f 2878 2410 2408 2407
f 2878 2877 2879 2880
f 2878 2880 2881 2410
f 2881 2413 2411 2410
f 2881 2880 2882 2883
f 2881 2883 2884 2413
f 2884 2416 2414 2413
f 2884 2883 2885 2886
f 2884 2886 2887 2416
f 2887 2419 2417 2416
f 2887 2886 2888 2889
f 2887 2889 2890 2419
f 2890 2422 2420 2419
f 2890 2889 2891 2892
f 2890 2892 2893 2422
f 2893 2425 2423 2422
f 2893 2892 2894 2895
f 2893 2895 2896 2425
f 2896 2428 2426 2425
f 2896 2895 2897 2898
f 2896 2898 2899 2428
f 2899 2431 2429 2428
f 2899 2898 2900 2901
f 2899 2901 2902 2431
f 2902 2434 2432 2431
f 2902 2901 2903 2904
f 2902 2904 2905 2434
f 2905 2437 2435 2434
f 2905 2904 2906 2907
f 2905 2907 2908 2437
f 2908 2440 2438 2437
f 2908 2907 2909 2910
f 2908 2910 2911 2440
f 2911 2443 2441 2440
f 2911 2910 2912 2913
f 2911 2913 2914 2443
f 2914 2446 2444 2443
f 2914 2913 2915 2916
f 2914 2916 2917 2446
f 2917 2449 2447 2446
f 2917 2916 2918 2919
f 2917 2919 2920 2449
f 2920 2452 2450 2449
f 2920 2919 2921 2922
f 2920 2922 2923 2452
f 2923 2455 2453 2452
f 2923 2922 2924 2925
f 2923 2925 2926 2455
f 2926 2458 2456 2455
f 2926 2925 2927 2928
f 2926 2928 2462 2458
f 2928 2927 2929 2930
f 2928 2930 2463 2462
f 2930 2929 2931 2932
f 2930 2932 2465 2463
f 2932 2931 2933 2934
f 2932 2934 2467 2465
f 2934 2933 2935 2936
f 2934 2936 2469 2467
f 2936 2935 2937 2938
f 2936 2938 2471 2469
f 2938 2937 2939 2940
f 2938 2940 2473 2471
f 2940 2939 2941 2942
f 2940 2942 2475 2473
f 2942 2941 2943 2944
f 2942 2944 2477 2475
f 2944 2943 2945 2946
f 2944 2946 2479 2477
f 2946 2945 2947 2948
f 2946 2948 2481 2479
f 2948 2947 2949 2950
f 2948 2950 2483 2481
f 2950 2949 2951 2952
f 2950 2952 2953 2483
f 2953 2486 2484 2483
f 2953 2952 2954 2955
f 2953 2955 2956 2486
f 2956 2489 2487 2486
f 2956 2955 2957 2958
f 2956 2958 2959 2489
f 2959 2492 2490 2489
f 2959 2958 2960 2961
f 2959 2961 2962 2492
f 2962 2495 2493 2492
f 2962 2961 2963 2964
f 2962 2964 2965 2495
f 2965 2498 2496 2495
f 2965 2964 2966 2967
f 2965 2967 2968 2498
f 2968 2501 2499 2498
f 2968 2967 2969 2970
f 2968 2970 2971 2501
f 2971 2504 2502 2501
f 2971 2970 2972 2973
f 2971 2973 2974 2504
f 2974 2507 2505 2504
f 2974 2973 2975 2976
f 2974 2976 2977 2507
f 2977 2510 2508 2507
f 2977 2976 2978 2979
f 2977 2979 2980 2510
f 2980 2513 2511 2510
f 2980 2979 2981 2982
f 2980 2982 2983 2513
f 2983 2516 2514 2513
f 2983 2982 2984 2985
f 2983 2985 2986 2516
f 2986 2985 140 2987
f 2986 2987 2988 2989
f 2986 2989 2517 2516
f 2989 2988 2990 2991
f 2989 2991 2518 2517
f 2991 2990 2992 2993
f 2991 2993 2520 2518
f 2993 2992 2994 2995
f 2993 2995 2522 2520
f 2995 2994 2996 2997
f 2995 2997 2524 2522
f 2997 2996 2998 2999
f 2997 2999 2526 2524
f 2999 2998 3000 3001
f 2999 3001 3002 2526
f 3002 3001 3003 3004
f 3002 3004 3005 2529
f 3002 2529 2527 2526
f 3005 3004 3006 3007
f 3005 3007 3008 2532
f 3005 2532 2530 2529
f 3008 3007 3009 3010
f 3008 3010 3011 2535
f 3008 2535 2533 2532
f 3011 3010 3012 3013
f 3011 3013 3014 2538
f 3011 2538 2536 2535
f 3014 3013 3015 3016
f 3014 3016 2543 2541
f 3014 2541 2539 2538
f 3016 3015 3017 3018
f 3016 3018 2545 2543
f 3018 3017 3019 3020
f 3018 3020 2547 2545
f 3020 3019 3021 3022
f 3020 3022 2549 2547
f 3022 3021 3023 3024
f 3022 3024 2551 2549
f 3024 3023 3025 3026
f 3024 3026 2553 2551
f 3026 3025 3027 2558
f 3026 2558 2555 2553
f 3027 3025 3028 3029
f 3027 3029 3030 2561
f 3027 2561 2559 2558
f 3030 3029 3031 3032
f 3030 3032 3033 2564
f 3030 2564 2562 2561
f 3033 3032 3034 3035
f 3033 3035 3036 2567
f 3033 2567 2565 2564
f 3036 3035 3037 3038
f 3036 3038 3039 2570
f 3036 2570 2568 2567
f 3039 3038 3040 3041
f 3039 3041 3042 2573
f 3039 2573 2571 2570
f 3042 3041 3043 3044
f 3042 3044 3045 2576
f 3042 2576 2574 2573
f 3045 3044 3046 3047
f 3045 3047 3048 2579
f 3045 2579 2577 2576
f 3048 3047 3049 3050
f 3048 3050 3051 2582
f 3048 2582 2580 2579
f 3051 3050 3052 3053
f 3051 3053 3054 2585
f 3051 2585 2583 2582
f 3054 3053 3055 3056
f 3054 3056 3057 2588
f 3054 2588 2586 2585
f 3057 3056 3058 3059
f 3057 3059 3060 2591
f 3057 2591 2589 2588
f 3060 3059 3061 3062
f 3060 3062 3063 2594
f 3060 2594 2592 2591
f 3063 3062 3064 3065
f 3063 3065 3066 2597
f 3063 2597 2595 2594
f 3066 3065 3067 3068
f 3066 3068 3069 2600
f 3066 2600 2598 2597
f 3069 3068 3070 3071
f 3069 3071 3072 2603
f 3069 2603 2601 2600
f 3072 3071 3073 3074
f 3072 3074 3075 2606
f 3072 2606 2604 2603
f 3075 3074 3076 3077
f 3075 3077 3078 2609
f 3075 2609 2607 2606
f 3078 3077 3079 3080
f 3078 3080 3081 2612
f 3078 2612 2610 2609
f 3081 3080 3082 3083
f 3081 3083 3084 2615
f 3081 2615 2613 2612
f 3084 3083 3085 3086
f 3084 3086 3087 2618
f 3084 2618 2616 2615
f 3087 3086 3088 3089
f 3087 3089 3090 2621
f 3087 2621 2619 2618
f 3090 3089 3091 3092
f 3090 3092 3093 2624
f 3090 2624 2622 2621
f 3093 3092 3094 3095
f 3093 3095 3096 2627
f 3093 2627 2625 2624
f 3096 3095 3097 3098
f 3096 3098 3099 2630
f 3096 2630 2628 2627
f 3099 3098 3100 3101
f 3099 3101 3102 2633
f 3099 2633 2631 2630
f 3102 3101 3103 3104
f 3102 3104 3105 2636
f 3102 2636 2634 2633
f 3105 3104 3106 3107
f 3105 3107 3108 2639
f 3105 2639 2637 2636
f 3108 3107 3109 3110
f 3108 3110 3111 2642
f 3108 2642 2640 2639
f 3111 3110 3112 3113
f 3111 3113 3114 2645
f 3111 2645 2643 2642
f 3114 3113 3115 3116
f 3114 3116 3117 2648
f 3114 2648 2646 2645
f 3117 3116 3118 3119
f 3117 3119 3120 2651
f 3117 2651 2649 2648
f 3120 3119 3121 3122
f 3120 3122 3123 2654
f 3120 2654 2652 2651
f 3123 3122 3124 3125
f 3123 3125 3126 2657
f 3123 2657 2655 2654
f 3126 3125 3127 3128
f 3126 3128 3129 2660
f 3126 2660 2658 2657
f 3129 3128 3130 3131
f 3129 3131 3132 2663
f 3129 2663 2661 2660
f 3132 3131 3133 3134
f 3132 3134 3135 2666
f 3132 2666 2664 2663
f 3135 3134 3136 3137
f 3135 3137 3138 2669
f 3135 2669 2667 2666
f 3138 3137 3139 3140
f 3138 3140 2676 2672
f 3138 2672 2670 2669
f 3140 3139 3141 3142
f 3140 3142 2677 2676
f 3142 3141 3143 3144
f 3142 3144 2679 2677
f 3144 3143 3145 3146
f 3144 3146 2681 2679
f 3146 3145 3147 3148
f 3146 3148 3149 2681
f 3149 3148 3150 3151
f 3149 3151 3152 2684
f 3149 2684 2682 2681
f 3152 3151 3153 3154
f 3152 3154 3155 3156
f 3152 3156 2685 2684
f 3156 3155 3157 3158
f 3156 3158 2686 2685
f 3158 3157 3159 3160
f 3158 3160 2688 2686
f 3160 3159 3161 2693
f 3160 2693 2690 2688
f 3161 3159 3162 3163
f 3161 3163 3164 3165
f 3161 3165 2694 2693
f 3165 3164 3166 3167
f 3165 3167 2695 2694
f 3167 3166 3168 3169
f 3167 3169 2697 2695
f 3169 3168 3170 3171
f 3169 3171 2699 2697
f 3171 3170 3172 3173
f 3171 3173 2701 2699
f 3173 3172 3174 3175
f 3173 3175 2703 2701
f 3175 3174 3176 3177
f 3175 3177 2705 2703
f 3177 3176 3178 3179
f 3177 3179 2707 2705
f 3179 3178 3180 3181
f 3179 3181 2709 2707
f 3181 3180 3182 3183
f 3181 3183 2711 2709
f 3183 3182 3184 3185
f 3183 3185 2713 2711
f 3185 3184 3186 3187
f 3185 3187 2715 2713
f 3187 3186 3188 3189
f 3187 3189 2717 2715
f 3189 3188 3190 3191
f 3189 3191 3192 2717
f 3192 3191 3193 3194
f 3192 3194 3195 2720
f 3192 2720 2718 2717
f 3195 2723 2721 2720
f 3195 3194 3196 3197
f 3195 3197 3198 2723
f 3198 2726 2724 2723
f 3198 3197 3199 3200
f 3198 3200 3201 2726
f 3201 2729 2727 2726
f 3201 3200 3202 3203
f 3201 3203 3204 2729
f 3204 2732 2730 2729
f 3204 3203 3205 3206
f 3204 3206 3207 2732
f 3207 2735 2733 2732
f 3207 3206 3208 3209
f 3207 3209 3210 2735
f 3210 2738 2736 2735
f 3210 3209 3211 3212
f 3210 3212 3213 2738
f 3213 2741 2739 2738
f 3213 3212 3214 3215
f 3213 3215 3216 2741
f 3216 2744 2742 2741
f 3216 3215 3217 3218
f 3216 3218 3219 2744
f 3219 2747 2745 2744
f 3219 3218 3220 3221
f 3219 3221 3222 2747
f 3222 2750 2748 2747
f 3222 3221 3223 3224
f 3222 3224 3225 2750
f 3225 2753 2751 2750
f 3225 3224 3226 3227
f 3225 3227 3228 2753
f 3228 2756 2754 2753
f 3228 3227 3229 3230
f 3228 3230 3231 2756
f 3231 2759 2757 2756
f 3231 3230 3232 3233
f 3231 3233 3234 2759
f 3234 2762 2760 2759
f 3234 3233 3235 3236
f 3234 3236 3237 2762
f 3237 2765 2763 2762
f 3237 3236 3238 3239
f 3237 3239 2771 2765
f 3239 3238 3240 2774
f 3239 2774 2772 2771
f 3240 3238 3241 3242
f 3240 3242 3243 2777
f 3240 2777 2775 2774
f 3243 2780 2778 2777
f 3243 3242 3244 3245
f 3243 3245 3246 2780
f 3246 2783 2781 2780
f 3246 3245 3247 3248
f 3246 3248 3249 2783
f 3249 2786 2784 2783
f 3249 3248 3250 3251
f 3249 3251 3252 2786
f 3252 2789 2787 2786
f 3252 3251 3253 3254
f 3252 3254 3255 2789
f 3255 2792 2790 2789
f 3255 3254 3256 3257
f 3255 3257 3258 2792
f 3258 2795 2793 2792
f 3258 3257 3259 3260
f 3258 3260 3261 2795
f 3261 2798 2796 2795
f 3261 3260 3262 3263
f 3261 3263 3264 2798
f 3264 2801 2799 2798
f 3264 3263 3265 3266
f 3264 3266 3267 2801
f 3267 2804 2802 2801
f 3267 3266 3268 3269
f 3267 3269 3270 2804
f 3270 2807 2805 2804
f 3270 3269 3271 3272
f 3270 3272 3273 2807
f 3273 2810 2808 2807
f 3273 3272 3274 3275
f 3273 3275 3276 2810
f 3276 2813 2811 2810
f 3276 3275 3277 3278
f 3276 3278 3279 2813
f 3279 2816 2814 2813
f 3279 3278 3280 3281
f 3279 3281 3282 2816
f 3282 2819 2817 2816
f 3282 3281 3283 3284
f 3282 3284 3285 2819
f 3285 2822 2820 2819
f 3285 3284 3286 3287
f 3285 3287 3288 2822
f 3288 2825 2823 2822
f 3288 3287 3289 3290
f 3288 3290 3291 2825
f 3291 2828 2826 2825
f 3291 3290 3292 3293
f 3291 3293 3294 2828
f 3294 2831 2829 2828
f 3294 3293 3295 3296
f 3294 3296 3297 2831
f 3297 2834 2832 2831
f 3297 3296 3298 3299
f 3297 3299 3300 2834
f 3300 2837 2835 2834
f 3300 3299 3301 3302
f 3300 3302 3303 2837
f 3303 2840 2838 2837
f 3303 3302 3304 3305
f 3303 3305 3306 2840
f 3306 2843 2841 2840
f 3306 3305 3307 3308
f 3306 3308 3309 2843
f 3309 2846 2844 2843
f 3309 3308 3310 3311
f 3309 3311 3312 2846
f 3312 2849 2847 2846
f 3312 3311 3313 3314
f 3312 3314 3315 2849
f 3315 2852 2850 2849
f 3315 3314 3316 3317
f 3315 3317 3318 2852
f 3318 2855 2853 2852
f 3318 3317 3319 3320
f 3318 3320 3321 2855
f 3321 2858 2856 2855
f 3321 3320 3322 3323
f 3321 3323 3324 2858
f 3324 2861 2859 2858
f 3324 3323 3325 3326
f 3324 3326 3327 2861
f 3327 2864 2862 2861
f 3327 3326 3328 3329
f 3327 3329 3330 2864
f 3330 2867 2865 2864
f 3330 3329 3331 3332
f 3330 3332 3333 2867
f 3333 2870 2868 2867
f 3333 3332 3334 3335
f 3333 3335 3336 2870
f 3336 2873 2871 2870
f 3336 3335 3337 3338
f 3336 3338 3339 2873
f 3339 2876 2874 2873
f 3339 3338 3340 3341
f 3339 3341 3342 2876
f 3342 2879 2877 2876
f 3342 3341 3343 3344
f 3342 3344 3345 2879
f 3345 2882 2880 2879
f 3345 3344 3346 3347
f 3345 3347 3348 2882
f 3348 2885 2883 2882
f 3348 3347 3349 3350
f 3348 3350 3351 2885
f 3351 2888 2886 2885
f 3351 3350 3352 3353
f 3351 3353 3354 2888
f 3354 2891 2889 2888
f 3354 3353 3355 3356
f 3354 3356 3357 2891
f 3357 2894 2892 2891
f 3357 3356 3358 3359
f 3357 3359 3360 2894
f 3360 2897 2895 2894
f 3360 3359 3361 3362
f 3360 3362 3363 2897
f 3363 2900 2898 2897
f 3363 3362 3364 3365
f 3363 3365 3366 2900
f 3366 2903 2901 2900
f 3366 3365 3367 3368
f 3366 3368 3369 2903
f 3369 2906 2904 2903
f 3369 3368 3370 3371
f 3369 3371 3372 2906
f 3372 2909 2907 2906
f 3372 3371 3373 3374
f 3372 3374 3375 2909
f 3375 2912 2910 2909
f 3375 3374 3376 3377
f 3375 3377 3378 2912
f 3378 2915 2913 2912
f 3378 3377 3379 3380
f 3378 3380 3381 2915
f 3381 2918 2916 2915
f 3381 3380 3382 3383
f 3381 3383 3384 2918
f 3384 2921 2919 2918
f 3384 3383 3385 3386
f 3384 3386 3387 2921
f 3387 2924 2922 2921
f 3387 3386 3388 3389
f 3387 3389 3390 2924
f 3390 2927 2925 2924
f 3390 3389 3391 3392
f 3390 3392 2929 2927
f 3392 3391 3393 3394
f 3392 3394 2931 2929
f 3394 3393 3395 3396
f 3394 3396 2933 2931
f 3396 3395 3397 3398
f 3396 3398 2935 2933
f 3398 3397 3399 3400
f 3398 3400 2937 2935
f 3400 3399 3401 3402
f 3400 3402 2939 2937
f 3402 3401 3403 3404
f 3402 3404 2941 2939
f 3404 3403 3405 3406
f 3404 3406 2943 2941
f 3406 3405 3407 3408
f 3406 3408 2945 2943
f 3408 3407 3409 3410
f 3408 3410 2947 2945
f 3410 3409 3411 3412
f 3410 3412 2949 2947
f 3412 3411 3413 3414
f 3412 3414 2951 2949
f 3414 3413 3415 3416
f 3414 3416 3417 2951
f 3417 2954 2952 2951
f 3417 3416 3418 3419
f 3417 3419 3420 2954
f 3420 2957 2955 2954
f 3420 3419 3421 3422
f 3420 3422 3423 2957
f 3423 2960 2958 2957
f 3423 3422 3424 3425
f 3423 3425 3426 2960
f 3426 2963 2961 2960
f 3426 3425 3427 3428
f 3426 3428 3429 2963
f 3429 2966 2964 2963
f 3429 3428 3430 3431
f 3429 3431 3432 2966
f 3432 2969 2967 2966
f 3432 3431 3433 3434
f 3432 3434 3435 2969
f 3435 2972 2970 2969
f 3435 3434 3436 3437
f 3435 3437 3438 2972
f 3438 2975 2973 2972
f 3438 3437 3439 3440
f 3438 3440 3441 2975
f 3441 2978 2976 2975
f 3441 3440 3442 3443
f 3441 3443 3444 2978
f 3444 2981 2979 2978
f 3444 3443 3445 3446
f 3444 3446 3447 2981
f 3447 2984 2982 2981
f 3447 3446 3448 142
f 3447 142 141 2984
f 3448 3446 3445 3449
f 3448 3449 3450 3451
f 3448 3451 143 142
f 3451 3450 3452 3453
f 3451 3453 144 143
f 3453 3452 3454 3455
f 3453 3455 3456 144
f 3456 3457 139 144
f 3456 3455 3458 3459
f 3456 3459 3460 3457
f 3460 2988 2987 3457
f 3460 3459 3461 3462
f 3460 3462 2990 2988
f 3462 3461 3463 3464
f 3462 3464 2992 2990
f 3464 3463 3465 3466
f 3464 3466 2994 2992
f 3466 3465 3467 3468
f 3466 3468 2996 2994
f 3468 3467 3469 3470
f 3468 3470 2998 2996
f 3470 3469 3471 3472
f 3470 3472 3000 2998
f 3472 3471 3473 3474
f 3472 3474 3475 3000
f 3475 3003 3001 3000
f 3475 3474 3476 3477
f 3475 3477 3478 3003
f 3478 3477 3479 3480
f 3478 3480 3481 3006
f 3478 3006 3004 3003
f 3481 3480 3482 3483
f 3481 3483 3484 3009
f 3481 3009 3007 3006
f 3484 3483 3485 3486
f 3484 3486 3487 3012
f 3484 3012 3010 3009
f 3487 3486 3488 3489
f 3487 3489 3017 3015
f 3487 3015 3013 3012
f 3489 3488 3490 3491
f 3489 3491 3019 3017
f 3491 3490 3492 3493
f 3491 3493 3021 3019
f 3493 3492 3494 3495
f 3493 3495 3023 3021
f 3495 3494 3496 3028
f 3495 3028 3025 3023
f 3496 3494 3497 3498
f 3496 3498 3499 3031
f 3496 3031 3029 3028
f 3499 3498 3500 3501
f 3499 3501 3502 3034
f 3499 3034 3032 3031
f 3502 3501 134 133
f 3502 133 137 3037
f 3502 3037 3035 3034
f 3501 3500 3503 134
f 3503 3500 3504 3505
f 3503 3505 3506 3507
f 3503 3507 135 134
f 3507 3506 3508 3509
f 3507 3509 138 135
f 3509 3508 3510 3511
f 3509 3511 3512 138
f 3512 3511 3513 3514
f 3512 3514 3043 3515
f 3512 3515 136 138
f 3515 3043 3041 3040
f 3515 3040 137 136
f 3514 3513 3516 3046
f 3514 3046 3044 3043
f 3516 3513 3517 3518
f 3516 3518 3519 3049
f 3516 3049 3047 3046
f 3519 3518 3520 3521
f 3519 3521 3522 3052
f 3519 3052 3050 3049
f 3522 3521 3523 3524
f 3522 3524 3525 3055
f 3522 3055 3053 3052
f 3525 3524 3526 3527
f 3525 3527 3528 3058
f 3525 3058 3056 3055
f 3528 3527 3529 3530
f 3528 3530 3531 3061
f 3528 3061 3059 3058
f 3531 3530 3532 3533
f 3531 3533 3534 3064
f 3531 3064 3062 3061
f 3534 3533 3535 3536
f 3534 3536 3537 3067
f 3534 3067 3065 3064
f 3537 3536 3538 3539
f 3537 3539 3540 3070
f 3537 3070 3068 3067
f 3540 3539 3541 3542
f 3540 3542 3543 3073
f 3540 3073 3071 3070
f 3543 3542 3544 3545
f 3543 3545 3546 3076
f 3543 3076 3074 3073
f 3546 3545 3547 3548
f 3546 3548 3549 3079
f 3546 3079 3077 3076
f 3549 3548 3550 3551
f 3549 3551 3552 3082
f 3549 3082 3080 3079
f 3552 3551 3553 3554
f 3552 3554 3555 3085
f 3552 3085 3083 3082
f 3555 3554 3556 3557
f 3555 3557 3558 3088
f 3555 3088 3086 3085
f 3558 3557 3559 3560
f 3558 3560 3561 3091
f 3558 3091 3089 3088
f 3561 3560 3562 3563
f 3561 3563 3564 3094
f 3561 3094 3092 3091
f 3564 3563 3565 3566
f 3564 3566 3567 3097
f 3564 3097 3095 3094
f 3567 3566 3568 3569
f 3567 3569 3570 3100
f 3567 3100 3098 3097
f 3570 3569 3571 3572
f 3570 3572 3573 3103
f 3570 3103 3101 3100
f 3573 3572 3574 3575
f 3573 3575 3576 3106
f 3573 3106 3104 3103
f 3576 3575 3577 3578
f 3576 3578 3579 3109
f 3576 3109 3107 3106
f 3579 3578 3580 3581
f 3579 3581 3582 3112
f 3579 3112 3110 3109
f 3582 3581 3583 3584
f 3582 3584 3585 3115
f 3582 3115 3113 3112
f 3585 3584 3586 3587
f 3585 3587 3588 3118
f 3585 3118 3116 3115
f 3588 3587 3589 3590
f 3588 3590 3591 3121
f 3588 3121 3119 3118
f 3591 3590 3592 3593
f 3591 3593 3594 3124
f 3591 3124 3122 3121
f 3594 3593 3595 3596
f 3594 3596 3597 3127
f 3594 3127 3125 3124
f 3597 3596 3598 3599
f 3597 3599 3600 3130
f 3597 3130 3128 3127
f 3600 3599 3601 3602
f 3600 3602 3603 3133
f 3600 3133 3131 3130
f 3603 3602 3604 3605
f 3603 3605 3606 3136
f 3603 3136 3134 3133
f 3606 3605 3607 3608
f 3606 3608 3141 3139
f 3606 3139 3137 3136
f 3608 3607 3609 3610
f 3608 3610 3143 3141
f 3610 3609 3611 3612
f 3610 3612 3145 3143
f 3612 3611 3613 3614
f 3612 3614 3147 3145
f 3614 3613 3615 3616
f 3614 3616 3617 3147
f 3617 3616 3618 3619
f 3617 3619 3620 3150
f 3617 3150 3148 3147
f 3620 3619 3621 3622
f 3620 3622 3623 3153
f 3620 3153 3151 3150
f 3623 3622 3624 3625
f 3623 3625 3626 3627
f 3623 3627 3154 3153
f 3627 3626 3628 3629
f 3627 3629 3155 3154
f 3629 3628 3630 3631
f 3629 3631 3157 3155
f 3631 3630 3632 3162
f 3631 3162 3159 3157
f 3632 3630 3633 3634
f 3632 3634 3635 3636
f 3632 3636 3163 3162
f 3636 3635 3637 3638
f 3636 3638 3164 3163
f 3638 3637 3639 3640
f 3638 3640 3166 3164
f 3640 3639 3641 3642
f 3640 3642 3168 3166
f 3642 3641 3643 3644
f 3642 3644 3170 3168
f 3644 3643 3645 3646
f 3644 3646 3172 3170
f 3646 3645 3647 3648
f 3646 3648 3174 3172
f 3648 3647 3649 3650
f 3648 3650 3176 3174
f 3650 3649 3651 3652
f 3650 3652 3178 3176
f 3652 3651 3653 3654
f 3652 3654 3180 3178
f 3654 3653 3655 3656
f 3654 3656 3182 3180
f 3656 3655 3657 3658
f 3656 3658 3184 3182
f 3658 3657 3659 3660
f 3658 3660 3186 3184
f 3660 3659 3661 3662
f 3660 3662 3188 3186
f 3662 3661 3663 3664
f 3662 3664 3190 3188
f 3664 3663 3665 3666
f 3664 3666 3667 3190
f 3667 3666 3668 3669
f 3667 3669 3670 3193
f 3667 3193 3191 3190
f 3670 3669 3671 3672
f 3670 3672 3673 3196
f 3670 3196 3194 3193
f 3673 3199 3197 3196
f 3673 3672 3674 3675
f 3673 3675 3676 3199
f 3676 3202 3200 3199
f 3676 3675 3677 3678
f 3676 3678 3679 3202
f 3679 3205 3203 3202
f 3679 3678 3680 3681
f 3679 3681 3682 3205
f 3682 3208 3206 3205
f 3682 3681 3683 3684
f 3682 3684 3685 3208
f 3685 3211 3209 3208
f 3685 3684 3686 3687
f 3685 3687 3688 3211
f 3688 3214 3212 3211
f 3688 3687 3689 3690
f 3688 3690 3691 3214
f 3691 3217 3215 3214
f 3691 3690 3692 3693
f 3691 3693 3694 3217
f 3694 3220 3218 3217
f 3694 3693 3695 3696
f 3694 3696 3697 3220
f 3697 3223 3221 3220
f 3697 3696 3698 3699
f 3697 3699 3700 3223
f 3700 3226 3224 3223
f 3700 3699 3701 3702
f 3700 3702 3703 3226
f 3703 3229 3227 3226
f 3703 3702 3704 3705
f 3703 3705 3706 3229
f 3706 3232 3230 3229
f 3706 3705 3707 3708
f 3706 3708 3709 3232
f 3709 3235 3233 3232
f 3709 3708 3710 3711
f 3709 3711 3241 3235
f 3711 3710 3712 3244
f 3711 3244 3242 3241
f 3712 3710 3713 3714
f 3712 3714 3715 3247
f 3712 3247 3245 3244
f 3715 3250 3248 3247
f 3715 3714 3716 3717
f 3715 3717 3718 3250
f 3718 3253 3251 3250
f 3718 3717 3719 3720
f 3718 3720 3721 3253
f 3721 3256 3254 3253
f 3721 3720 3722 3723
f 3721 3723 3724 3256
f 3724 3259 3257 3256
f 3724 3723 3725 3726
f 3724 3726 3727 3259
f 3727 3262 3260 3259
f 3727 3726 3728 3729
f 3727 3729 3730 3262
f 3730 3265 3263 3262
f 3730 3729 3731 3732
f 3730 3732 3733 3265
f 3733 3268 3266 3265
f 3733 3732 3734 3735
f 3733 3735 3736 3268
f 3736 3271 3269 3268
f 3736 3735 3737 3738
f 3736 3738 3739 3271
f 3739 3274 3272 3271
f 3739 3738 3740 3741
f 3739 3741 3742 3274
f 3742 3277 3275 3274
f 3742 3741 3743 3744
f 3742 3744 3745 3277
f 3745 3280 3278 3277
f 3745 3744 3746 3747
f 3745 3747 3748 3280
f 3748 3283 3281 3280
f 3748 3747 3749 3750
f 3748 3750 3751 3283
f 3751 3286 3284 3283
f 3751 3750 3752 3753
f 3751 3753 3754 3286
f 3754 3289 3287 3286
f 3754 3753 3755 3756
f 3754 3756 3757 3289
f 3757 3292 3290 3289
f 3757 3756 3758 3759
f 3757 3759 3760 3292
f 3760 3295 3293 3292
f 3760 3759 3761 3762
f 3760 3762 3763 3295
f 3763 3298 3296 3295
f 3763 3762 3764 3765
f 3763 3765 3766 3298
f 3766 3301 3299 3298
f 3766 3765 3767 3768
f 3766 3768 3769 3301
f 3769 3304 3302 3301
f 3769 3768 3770 3771
f 3769 3771 3772 3304
f 3772 3307 3305 3304
f 3772 3771 3773 3774
f 3772 3774 3775 3307
f 3775 3310 3308 3307
f 3775 3774 3776 3777
f 3775 3777 3778 3310
f 3778 3313 3311 3310
f 3778 3777 3779 3780
f 3778 3780 3781 3313
f 3781 3316 3314 3313
f 3781 3780 3782 3783
f 3781 3783 3784 3316
f 3784 3319 3317 3316
f 3784 3783 3785 3786
f 3784 3786 3787 3319
f 3787 3322 3320 3319
f 3787 3786 3788 3789
f 3787 3789 3790 3322
f 3790 3325 3323 3322
f 3790 3789 3791 3792
f 3790 3792 3793 3325
f 3793 3328 3326 3325
f 3793 3792 3794 3795
f 3793 3795 3796 3328
f 3796 3331 3329 3328
f 3796 3795 3797 3798
f 3796 3798 3799 3331
f 3799 3334 3332 3331
f 3799 3798 3800 3801
f 3799 3801 3802 3334
f 3802 3337 3335 3334
f 3802 3801 3803 3804
f 3802 3804 3805 3337
f 3805 3340 3338 3337
f 3805 3804 3806 3807
f 3805 3807 3808 3340
f 3808 3343 3341 3340
f 3808 3807 3809 3810
f 3808 3810 3811 3343
f 3811 3346 3344 3343
f 3811 3810 3812 3813
f 3811 3813 3814 3346
f 3814 3349 3347 3346
f 3814 3813 3815 3816
f 3814 3816 3817 3349
f 3817 3352 3350 3349
f 3817 3816 3818 3819
f 3817 3819 3820 3352
f 3820 3355 3353 3352
f 3820 3819 3821 3822
f 3820 3822 3823 3355
f 3823 3358 3356 3355
f 3823 3822 3824 3825
f 3823 3825 3826 3358
f 3826 3361 3359 3358
f 3826 3825 3827 3828
f 3826 3828 3829 3361
f 3829 3364 3362 3361
f 3829 3828 3830 3831
f 3829 3831 3832 3364
f 3832 3367 3365 3364
f 3832 3831 3833 3834
f 3832 3834 3835 3367
f 3835 3370 3368 3367
f 3835 3834 3836 3837
f 3835 3837 3838 3370
f 3838 3373 3371 3370
f 3838 3837 3839 3840
f 3838 3840 3841 3373
f 3841 3376 3374 3373
f 3841 3840 3842 3843
f 3841 3843 3844 3376
f 3844 3379 3377 3376
f 3844 3843 3845 3846
f 3844 3846 3847 3379
f 3847 3382 3380 3379
f 3847 3846 3848 3849
f 3847 3849 3850 3382
f 3850 3385 3383 3382
f 3850 3849 3851 3852
f 3850 3852 3853 3385
f 3853 3388 3386 3385
f 3853 3852 3854 3855
f 3853 3855 3856 3388
f 3856 3391 3389 3388
f 3856 3855 3857 3858
f 3856 3858 3393 3391
f 3858 3857 3859 3860
f 3858 3860 3395 3393
f 3860 3859 3861 3862
f 3860 3862 3397 3395
f 3862 3861 3863 3864
f 3862 3864 3399 3397
f 3864 3863 3865 3866
f 3864 3866 3401 3399
f 3866 3865 3867 3868
f 3866 3868 3403 3401
f 3868 3867 3869 3870
f 3868 3870 3405 3403
f 3870 3869 3871 3872
f 3870 3872 3407 3405
f 3872 3871 3873 3874
f 3872 3874 3409 3407
f 3874 3873 3875 3876
f 3874 3876 3411 3409
f 3876 3875 3877 3878
f 3876 3878 3413 3411
f 3878 3877 3879 3880
f 3878 3880 3415 3413
f 3880 3879 3881 3882
f 3880 3882 3883 3415
f 3883 3418 3416 3415
f 3883 3882 3884 3885
f 3883 3885 3886 3418
f 3886 3421 3419 3418
f 3886 3885 3887 3888
f 3886 3888 3889 3421
f 3889 3424 3422 3421
f 3889 3888 3890 3891
f 3889 3891 3892 3424
f 3892 3427 3425 3424
f 3892 3891 3893 3894
f 3892 3894 3895 3427
f 3895 3430 3428 3427
f 3895 3894 3896 3897
f 3895 3897 3898 3430
f 3898 3433 3431 3430
f 3898 3897 3899 3900
f 3898 3900 3901 3433
f 3901 3436 3434 3433
f 3901 3900 3902 3903
f 3901 3903 3904 3436
f 3904 3439 3437 3436
f 3904 3903 3905 3906
f 3904 3906 3907 3439
f 3907 3442 3440 3439
f 3907 3906 3908 3909
f 3907 3909 3910 3442
f 3910 3445 3443 3442
f 3910 3909 3911 3912
f 3910 3912 3449 3445
f 3912 3911 3913 3914
f 3912 3914 3450 3449
f 3914 3913 3915 3916
f 3914 3916 3452 3450
f 3916 3915 3917 3918
f 3916 3918 3454 3452
f 3918 3917 3919 3920
f 3918 3920 3921 3454
f 3921 3458 3455 3454
f 3921 3920 3922 3923
f 3921 3923 3924 3458
f 3924 3461 3459 3458
f 3924 3923 3925 3926
f 3924 3926 3463 3461
f 3926 3925 3927 3928
f 3926 3928 3465 3463
f 3928 3927 3929 3930
f 3928 3930 3467 3465
f 3930 3929 3931 3932
f 3930 3932 3469 3467
f 3932 3931 3933 3934
f 3932 3934 3471 3469
f 3934 3933 3935 3936
f 3934 3936 3473 3471
f 3936 3935 3937 3938
f 3936 3938 3939 3473
f 3939 3476 3474 3473
f 3939 3938 3940 3941
f 3939 3941 3942 3476
f 3942 3479 3477 3476
f 3942 3941 3943 3944
f 3942 3944 3945 3479
f 3945 3482 3480 3479
f 3945 3944 3946 3947
f 3945 3947 3948 3482
f 3948 3485 3483 3482
f 3948 3947 3949 3950
f 3948 3950 3951 3485
f 3951 3950 3952 3953
f 3951 3953 3490 3488
f 3951 3488 3486 3485
f 3953 3952 3954 3955
f 3953 3955 3492 3490
f 3955 3954 3504 3497
f 3955 3497 3494 3492
f 3954 3952 3956 3957
f 3954 3957 3505 3504
f 3957 3956 3958 3959
f 3957 3959 3506 3505
f 3959 3958 3960 3961
f 3959 3961 3508 3506
f 3961 3960 3962 3963
f 3961 3963 3510 3508
f 3963 3962 3964 3965
f 3963 3965 3517 3510
f 3965 3964 3966 3520
f 3965 3520 3518 3517
f 3966 3964 3967 3968
f 3966 3968 3969 3523
f 3966 3523 3521 3520
f 3969 3968 3970 3971
f 3969 3971 3972 3526
f 3969 3526 3524 3523
f 3972 3971 3973 3974
f 3972 3974 3975 3529
f 3972 3529 3527 3526
f 3975 3974 3976 3977
f 3975 3977 3978 3532
f 3975 3532 3530 3529
f 3978 3977 3979 3980
f 3978 3980 3981 3535
f 3978 3535 3533 3532
f 3981 3980 3982 3983
f 3981 3983 3984 3538
f 3981 3538 3536 3535
f 3984 3983 3985 3986
f 3984 3986 3987 3541
f 3984 3541 3539 3538
f 3987 3986 3988 3989
f 3987 3989 3990 3544
f 3987 3544 3542 3541
f 3990 3989 3991 3992
f 3990 3992 3993 3547
f 3990 3547 3545 3544
f 3993 3992 3994 3995
f 3993 3995 3996 3550
f 3993 3550 3548 3547
f 3996 3995 3997 3998
f 3996 3998 3999 3553
f 3996 3553 3551 3550
f 3999 3998 4000 4001
f 3999 4001 4002 3556
f 3999 3556 3554 3553
f 4002 4001 4003 4004
f 4002 4004 4005 3559
f 4002 3559 3557 3556
f 4005 4004 4006 4007
f 4005 4007 4008 3562
f 4005 3562 3560 3559
f 4008 4007 4009 4010
f 4008 4010 4011 3565
f 4008 3565 3563 3562
f 4011 4010 4012 4013
f 4011 4013 4014 3568
f 4011 3568 3566 3565
f 4014 4013 4015 4016
f 4014 4016 4017 3571
f 4014 3571 3569 3568
f 4017 4016 4018 4019
f 4017 4019 4020 3574
f 4017 3574 3572 3571
f 4020 4019 4021 4022
f 4020 4022 4023 3577
f 4020 3577 3575 3574
f 4023 4022 4024 4025
f 4023 4025 4026 3580
f 4023 3580 3578 3577
f 4026 4025 4027 4028
f 4026 4028 4029 3583
f 4026 3583 3581 3580
f 4029 4028 4030 4031
f 4029 4031 4032 3586
f 4029 3586 3584 3583
f 4032 4031 4033 4034
f 4032 4034 4035 3589
f 4032 3589 3587 3586
f 4035 4034 4036 4037
f 4035 4037 4038 3592
f 4035 3592 3590 3589
f 4038 4037 4039 4040
f 4038 4040 4041 3595
f 4038 3595 3593 3592
f 4041 4040 4042 4043
f 4041 4043 4044 3598
f 4041 3598 3596 3595
f 4044 4043 4045 4046
f 4044 4046 4047 3601
f 4044 3601 3599 3598
f 4047 4046 4048 4049
f 4047 4049 4050 3604
f 4047 3604 3602 3601
f 4050 4049 4051 4052
f 4050 4052 3609 3607
f 4050 3607 3605 3604
f 4052 4051 4053 4054
f 4052 4054 3611 3609
f 4054 4053 4055 4056
f 4054 4056 3613 3611
f 4056 4055 4057 4058
f 4056 4058 3615 3613
f 4058 4057 4059 4060
f 4058 4060 4061 3615
f 4061 4060 4062 4063
f 4061 4063 4064 3618
f 4061 3618 3616 3615
f 4064 4063 4065 4066
f 4064 4066 4067 3621
f 4064 3621 3619 3618
f 4067 4066 4068 4069
f 4067 4069 4070 3624
f 4067 3624 3622 3621
f 4070 4069 4071 4072
f 4070 4072 4073 4074
f 4070 4074 3625 3624
f 4074 4073 4075 4076
f 4074 4076 3626 3625
f 4076 4075 4077 4078
f 4076 4078 3628 3626
f 4078 4077 4079 3633
f 4078 3633 3630 3628
f 4079 4077 4080 4081
f 4079 4081 4082 4083
f 4079 4083 3634 3633
f 4083 4082 4084 4085
f 4083 4085 3635 3634
f 4085 4084 4086 4087
f 4085 4087 3637 3635
f 4087 4086 4088 4089
f 4087 4089 3639 3637
f 4089 4088 4090 4091
f 4089 4091 3641 3639
f 4091 4090 4092 4093
f 4091 4093 3643 3641
f 4093 4092 4094 4095
f 4093 4095 3645 3643
f 4095 4094 4096 4097
f 4095 4097 3647 3645
f 4097 4096 4098 4099
f 4097 4099 3649 3647
f 4099 4098 4100 4101
f 4099 4101 3651 3649
f 4101 4100 4102 4103
f 4101 4103 3653 3651
f 4103 4102 4104 4105
f 4103 4105 3655 3653
f 4105 4104 4106 4107
f 4105 4107 3657 3655
f 4107 4106 4108 4109
f 4107 4109 3659 3657
f 4109 4108 4110 4111
f 4109 4111 3661 3659
f 4111 4110 4112 4113
f 4111 4113 3663 3661
f 4113 4112 4114 4115
f 4113 4115 3665 3663
f 4115 4114 4116 4117
f 4115 4117 4118 3665
f 4118 4117 4119 4120
f 4118 4120 4121 3668
f 4118 3668 3666 3665
f 4121 4120 4122 4123
f 4121 4123 4124 3671
f 4121 3671 3669 3668
f 4124 3674 3672 3671
f 4124 4123 4125 4126
f 4124 4126 4127 3674
f 4127 3677 3675 3674
f 4127 4126 4128 4129
f 4127 4129 4130 3677
f 4130 3680 3678 3677
f 4130 4129 4131 4132
f 4130 4132 4133 3680
f 4133 3683 3681 3680
f 4133 4132 4134 4135
f 4133 4135 4136 3683
f 4136 3686 3684 3683
f 4136 4135 4137 4138
f 4136 4138 4139 3686
f 4139 3689 3687 3686
f 4139 4138 4140 4141
f 4139 4141 4142 3689
f 4142 3692 3690 3689
f 4142 4141 4143 4144
f 4142 4144 4145 3692
f 4145 3695 3693 3692
f 4145 4144 4146 4147
f 4145 4147 4148 3695
f 4148 3698 3696 3695
f 4148 4147 4149 4150
f 4148 4150 4151 3698
f 4151 3701 3699 3698
f 4151 4150 4152 4153
f 4151 4153 4154 3701
f 4154 3704 3702 3701
f 4154 4153 4155 4156
f 4154 4156 4157 3704
f 4157 3707 3705 3704
f 4157 4156 4158 4159
f 4157 4159 3713 3707
f 4159 4158 4160 3716
f 4159 3716 3714 3713
f 4160 4158 4161 4162
f 4160 4162 4163 3719
f 4160 3719 3717 3716
f 4163 3722 3720 3719
f 4163 4162 4164 4165
f 4163 4165 4166 3722
f 4166 3725 3723 3722
f 4166 4165 4167 4168
f 4166 4168 4169 3725
f 4169 3728 3726 3725
f 4169 4168 4170 4171
f 4169 4171 4172 3728
f 4172 3731 3729 3728
f 4172 4171 4173 4174
f 4172 4174 4175 3731
f 4175 3734 3732 3731
f 4175 4174 4176 4177
f 4175 4177 4178 3734
f 4178 3737 3735 3734
f 4178 4177 4179 4180
f 4178 4180 4181 3737
f 4181 3740 3738 3737
f 4181 4180 4182 4183
f 4181 4183 4184 3740
f 4184 3743 3741 3740
f 4184 4183 4185 4186
f 4184 4186 4187 3743
f 4187 3746 3744 3743
f 4187 4186 4188 4189
f 4187 4189 4190 3746
f 4190 3749 3747 3746
f 4190 4189 4191 4192
f 4190 4192 4193 3749
f 4193 3752 3750 3749
f 4193 4192 4194 4195
f 4193 4195 4196 3752
f 4196 3755 3753 3752
f 4196 4195 4197 4198
f 4196 4198 4199 3755
f 4199 3758 3756 3755
f 4199 4198 4200 4201
f 4199 4201 4202 3758
f 4202 3761 3759 3758
f 4202 4201 4203 4204
f 4202 4204 4205 3761
f 4205 3764 3762 3761
f 4205 4204 4206 4207
f 4205 4207 4208 3764
f 4208 3767 3765 3764
f 4208 4207 4209 4210
f 4208 4210 4211 3767
f 4211 3770 3768 3767
f 4211 4210 4212 4213
f 4211 4213 4214 3770
f 4214 3773 3771 3770
f 4214 4213 4215 4216
f 4214 4216 4217 3773
f 4217 3776 3774 3773
f 4217 4216 4218 4219
f 4217 4219 4220 3776
f 4220 3779 3777 3776
f 4220 4219 4221 4222
f 4220 4222 4223 3779
f 4223 3782 3780 3779
f 4223 4222 4224 4225
f 4223 4225 4226 3782
f 4226 3785 3783 3782
f 4226 4225 26 4227
f 4226 4227 4228 3785
f 4228 3788 3786 3785
f 4228 4227 25 4229
f 4228 4229 4230 3788
f 4230 3791 3789 3788
f 4230 4229 4231 4232
f 4230 4232 4233 3791
f 4233 3794 3792 3791
f 4233 4232 4234 4235
f 4233 4235 4236 3794
f 4236 3797 3795 3794
f 4236 4235 4237 4238
f 4236 4238 4239 3797
f 4239 3800 3798 3797
f 4239 4238 4240 4241
f 4239 4241 4242 3800
f 4242 3803 3801 3800
f 4242 4241 4243 4244
f 4242 4244 4245 3803
f 4245 3806 3804 3803
f 4245 4244 4246 4247
f 4245 4247 4248 3806
f 4248 3809 3807 3806
f 4248 4247 4249 4250
f 4248 4250 4251 3809
f 4251 3812 3810 3809
f 4251 4250 4252 4253
f 4251 4253 4254 3812
f 4254 3815 3813 3812
f 4254 4253 4255 4256
f 4254 4256 4257 3815
f 4257 3818 3816 3815
f 4257 4256 4258 4259
f 4257 4259 4260 3818
f 4260 3821 3819 3818
f 4260 4259 4261 4262
f 4260 4262 4263 3821
f 4263 3824 3822 3821
f 4263 4262 4264 4265
f 4263 4265 4266 3824
f 4266 3827 3825 3824
f 4266 4265 4267 4268
f 4266 4268 4269 3827
f 4269 3830 3828 3827
f 4269 4268 4270 4271
f 4269 4271 4272 3830
f 4272 3833 3831 3830
f 4272 4271 4273 4274
f 4272 4274 4275 3833
f 4275 3836 3834 3833
f 4275 4274 4276 4277
f 4275 4277 4278 3836
f 4278 3839 3837 3836
f 4278 4277 4279 4280
f 4278 4280 4281 3839
f 4281 3842 3840 3839
f 4281 4280 4282 4283
f 4281 4283 4284 3842
f 4284 3845 3843 3842
f 4284 4283 4285 4286
f 4284 4286 4287 3845
f 4287 3848 3846 3845
f 4287 4286 4288 4289
f 4287 4289 4290 3848
f 4290 3851 3849 3848
f 4290 4289 4291 4292
f 4290 4292 4293 3851
f 4293 3854 3852 3851
f 4293 4292 4294 4295
f 4293 4295 4296 3854
f 4296 3857 3855 3854
f 4296 4295 4297 4298
f 4296 4298 3859 3857
f 4298 4297 4299 4300
f 4298 4300 3861 3859
f 4300 4299 4301 4302
f 4300 4302 3863 3861
f 4302 4301 4303 4304
f 4302 4304 3865 3863
f 4304 4303 4305 4306
f 4304 4306 3867 3865
f 4306 4305 4307 4308
f 4306 4308 3869 3867
f 4308 4307 4309 4310
f 4308 4310 3871 3869
f 4310 4309 4311 4312
f 4310 4312 3873 3871
f 4312 4311 4313 4314
f 4312 4314 3875 3873
f 4314 4313 4315 4316
f 4314 4316 3877 3875
f 4316 4315 4317 4318
f 4316 4318 3879 3877
f 4318 4317 4319 4320
f 4318 4320 3881 3879
f 4320 4319 4321 4322
f 4320 4322 4323 3881
f 4323 3884 3882 3881
f 4323 4322 4324 4325
f 4323 4325 4326 3884
f 4326 3887 3885 3884
f 4326 4325 4327 4328
f 4326 4328 4329 3887
f 4329 3890 3888 3887
f 4329 4328 4330 4331
f 4329 4331 4332 3890
f 4332 3893 3891 3890
f 4332 4331 4333 4334
f 4332 4334 4335 3893
f 4335 3896 3894 3893
f 4335 4334 4336 4337
f 4335 4337 4338 3896
f 4338 3899 3897 3896
f 4338 4337 4339 4340
f 4338 4340 4341 3899
f 4341 3902 3900 3899
f 4341 4340 4342 4343
f 4341 4343 4344 3902
f 4344 3905 3903 3902
f 4344 4343 4345 4346
f 4344 4346 4347 3905
f 4347 3908 3906 3905
f 4347 4346 4348 4349
f 4347 4349 4350 3908
f 4350 3911 3909 3908
f 4350 4349 4351 4352
f 4350 4352 3913 3911
f 4352 4351 4353 4354
f 4352 4354 3915 3913
f 4354 4353 4355 4356
f 4354 4356 3917 3915
f 4356 4355 4357 4358
f 4356 4358 3919 3917
f 4358 4357 4359 4360
f 4358 4360 4361 3919
f 4361 3922 3920 3919
f 4361 4360 4362 4363
f 4361 4363 4364 3922
f 4364 3925 3923 3922
f 4364 4363 4365 4366
f 4364 4366 3927 3925
f 4366 4365 4367 4368
f 4366 4368 3929 3927
f 4368 4367 4369 4370
f 4368 4370 3931 3929
f 4370 4369 4371 4372
f 4370 4372 3933 3931
f 4372 4371 4373 4374
f 4372 4374 3935 3933
f 4374 4373 4375 4376
f 4374 4376 3937 3935
f 4376 4375 4377 4378
f 4376 4378 4379 3937
f 4379 3940 3938 3937
f 4379 4378 4380 4381
f 4379 4381 4382 3940
f 4382 3943 3941 3940
f 4382 4381 4383 4384
f 4382 4384 4385 3943
f 4385 3946 3944 3943
f 4385 4384 4386 4387
f 4385 4387 4388 3946
f 4388 3949 3947 3946
f 4388 4387 3960 3958
f 4388 3958 3956 3949
f 4387 4386 3962 3960
f 4386 4384 4383 3967
f 4386 3967 3964 3962
f 4383 4381 4380 3970
f 4383 3970 3968 3967
f 4380 4378 4377 3973
f 4380 3973 3971 3970
f 4377 4375 4389 3976
f 4377 3976 3974 3973
f 4389 4375 4373 4390
f 4389 4390 4391 3979
f 4389 3979 3977 3976
f 4391 4390 4392 4393
f 4391 4393 4394 3982
f 4391 3982 3980 3979
f 4394 4393 4395 4396
f 4394 4396 4397 3985
f 4394 3985 3983 3982
f 4397 4396 4398 4399
f 4397 4399 4400 3988
f 4397 3988 3986 3985
f 4400 4399 4401 4402
f 4400 4402 4403 3991
f 4400 3991 3989 3988
f 4403 4402 4404 4405
f 4403 4405 4406 3994
f 4403 3994 3992 3991
f 4406 4405 4407 4408
f 4406 4408 4409 3997
f 4406 3997 3995 3994
f 4409 4408 4410 4411
f 4409 4411 4412 4000
f 4409 4000 3998 3997
f 4412 4411 4413 4414
f 4412 4414 4415 4003
f 4412 4003 4001 4000
f 4415 4414 4416 4417
f 4415 4417 4418 4006
f 4415 4006 4004 4003
f 4418 4417 4419 4420
f 4418 4420 4421 4009
f 4418 4009 4007 4006
f 4421 4420 4422 4423
f 4421 4423 4424 4012
f 4421 4012 4010 4009
f 4424 4423 4425 4426
f 4424 4426 4427 4015
f 4424 4015 4013 4012
f 4427 4426 4428 4429
f 4427 4429 4430 4018
f 4427 4018 4016 4015
f 4430 4429 4431 4432
f 4430 4432 4433 4021
f 4430 4021 4019 4018
f 4433 4432 4434 4435
f 4433 4435 4436 4024
f 4433 4024 4022 4021
f 4436 4435 4437 4438
f 4436 4438 4439 4027
f 4436 4027 4025 4024
f 4439 4438 4440 4441
f 4439 4441 4442 4030
f 4439 4030 4028 4027
f 4442 4441 4443 4444
f 4442 4444 4445 4033
f 4442 4033 4031 4030
f 4445 4444 4446 4447
f 4445 4447 4448 4036
f 4445 4036 4034 4033
f 4448 4447 4449 4450
f 4448 4450 4451 4039
f 4448 4039 4037 4036
f 4451 4450 4452 4453
f 4451 4453 4454 4042
f 4451 4042 4040 4039
f 4454 4453 4455 4456
f 4454 4456 4457 4045
f 4454 4045 4043 4042
f 4457 4456 4458 4459
f 4457 4459 4460 4048
f 4457 4048 4046 4045
f 4460 4459 4461 4462
f 4460 4462 4053 4051
f 4460 4051 4049 4048
f 4462 4461 4463 4464
f 4462 4464 4055 4053
f 4464 4463 4465 4466
f 4464 4466 4057 4055
f 4466 4465 4467 4468
f 4466 4468 4059 4057
f 4468 4467 4469 4470
f 4468 4470 4471 4059
f 4471 4470 4472 4473
f 4471 4473 4474 4062
f 4471 4062 4060 4059
f 4474 4473 4475 4476
f 4474 4476 4477 4065
f 4474 4065 4063 4062
f 4477 4476 4478 4479
f 4477 4479 4480 4068
f 4477 4068 4066 4065
f 4480 4479 4481 4482
f 4480 4482 4483 4071
f 4480 4071 4069 4068
f 4483 4482 4484 4485
f 4483 4485 4486 4487
f 4483 4487 4072 4071
f 4487 4486 4488 4489
f 4487 4489 4073 4072
f 4489 4488 4490 4491
f 4489 4491 4075 4073
f 4491 4490 4492 4080
f 4491 4080 4077 4075
f 4492 4490 4493 4494
f 4492 4494 4495 4496
f 4492 4496 4081 4080
f 4496 4495 4497 4498
f 4496 4498 4082 4081
f 4498 4497 4499 4500
f 4498 4500 4084 4082
f 4500 4499 4501 4502
f 4500 4502 4086 4084
f 4502 4501 4503 4504
f 4502 4504 4088 4086
f 4504 4503 4505 4506
f 4504 4506 4090 4088
f 4506 4505 4507 4508
f 4506 4508 4092 4090
f 4508 4507 4509 4510
f 4508 4510 4094 4092
f 4510 4509 4511 4512
f 4510 4512 4096 4094
f 4512 4511 4513 4514
f 4512 4514 4098 4096
f 4514 4513 4515 4516
f 4514 4516 4100 4098
f 4516 4515 4517 4518
f 4516 4518 4102 4100
f 4518 4517 4519 4520
f 4518 4520 4104 4102
f 4520 4519 4521 4522
f 4520 4522 4106 4104
f 4522 4521 4523 4524
f 4522 4524 4108 4106
f 4524 4523 4525 4526
f 4524 4526 4110 4108
f 4526 4525 4527 4528
f 4526 4528 4112 4110
f 4528 4527 4529 4530
f 4528 4530 4114 4112
f 4530 4529 4531 4532
f 4530 4532 4116 4114
f 4532 4531 4533 4534
f 4532 4534 4535 4116
f 4535 4534 4536 4537
f 4535 4537 4538 4119
f 4535 4119 4117 4116
f 4538 4537 4539 4540
f 4538 4540 4541 4122
f 4538 4122 4120 4119
f 4541 4125 4123 4122
f 4541 4540 4542 4543
f 4541 4543 4544 4125
f 4544 4128 4126 4125
f 4544 4543 4545 4546
f 4544 4546 4547 4128
f 4547 4131 4129 4128
f 4547 4546 4548 4549
f 4547 4549 4550 4131
f 4550 4134 4132 4131
f 4550 4549 4551 4552
f 4550 4552 4553 4134
f 4553 4137 4135 4134
f 4553 4552 4554 4555
f 4553 4555 4556 4137
f 4556 4140 4138 4137
f 4556 4555 4557 4558
f 4556 4558 4559 4140
f 4559 4143 4141 4140
f 4559 4558 4560 4561
f 4559 4561 4562 4143
f 4562 4146 4144 4143
f 4562 4561 4563 4564
f 4562 4564 4565 4146
f 4565 4149 4147 4146
f 4565 4564 4566 4567
f 4565 4567 4568 4149
f 4568 4152 4150 4149
f 4568 4567 4569 4570
f 4568 4570 4571 4152
f 4571 4155 4153 4152
f 4571 4570 4572 4573
f 4571 4573 4161 4155
f 4573 4572 4574 4164
f 4573 4164 4162 4161
f 4574 4572 4575 4576
f 4574 4576 4577 4167
f 4574 4167 4165 4164
f 4577 4170 4168 4167
f 4577 4576 4578 4579
f 4577 4579 4580 4170
f 4580 4173 4171 4170
f 4580 4579 4581 4582
f 4580 4582 4583 4173
f 4583 4176 4174 4173
f 4583 4582 4584 4585
f 4583 4585 4586 4176
f 4586 4179 4177 4176
f 4586 4585 4587 4588
f 4586 4588 4589 4179
f 4589 4182 4180 4179
f 4589 4588 4590 4591
f 4589 4591 4592 4182
f 4592 4185 4183 4182
f 4592 4591 4593 4594
f 4592 4594 4595 4185
f 4595 4188 4186 4185
f 4595 4594 4596 4597
f 4595 4597 4598 4188
f 4598 4191 4189 4188
f 4598 4597 4599 4600
f 4598 4600 4601 4191
f 4601 4194 4192 4191
f 4601 4600 4602 4603
f 4601 4603 4604 4194
f 4604 4197 4195 4194
f 4604 4603 4605 4606
f 4604 4606 4607 4197
f 4607 4200 4198 4197
f 4607 4606 4608 4609
f 4607 4609 4610 4200
f 4610 4203 4201 4200
f 4610 4609 4611 4612
f 4610 4612 4613 4203
f 4613 4206 4204 4203
f 4613 4612 4614 4615
f 4613 4615 4616 4206
f 4616 4209 4207 4206
f 4616 4615 4617 4618
f 4616 4618 4619 4209
f 4619 4212 4210 4209
f 4619 4618 4620 4621
f 4619 4621 4622 4212
f 4622 4215 4213 4212
f 4622 4621 4623 4624
f 4622 4624 4625 4215
f 4625 4218 4216 4215
f 4625 4624 4626 4627
f 4625 4627 4628 4218
f 4628 4221 4219 4218
f 4628 4627 4629 4630
f 4628 4630 4631 4221
f 4631 4224 4222 4221
f 4631 4630 4632 4633
f 4631 4633 27 4224
f 4633 4632 4634 4635
f 4633 4635 20 27
f 4635 4634 4636 4637
f 4635 4637 21 20
f 4637 4636 4638 4639
f 4637 4639 4640 21
f 4640 4639 4641 4642
f 4640 4642 4643 4644
f 4640 4644 22 21
f 4644 4643 4645 4646
f 4644 4646 28 22
f 4646 4645 69 68
f 4646 68 4647 28
f 4647 4648 23 28
f 4647 68 63 4649
f 4647 4649 4650 4648
f 4650 4651 4652 4648
f 4650 4649 4653 4654
f 4650 4654 4655 4651
f 4655 4656 4657 4651
f 4655 4654 4658 4659
f 4655 4659 4660 4656
f 4660 4661 4662 4656
f 4660 4659 4663 4664
f 4660 4664 4665 4661
f 4665 4666 4667 4661
f 4665 4664 4668 4669
f 4665 4669 4670 4666
f 4670 4671 4672 4666
f 4670 4669 4673 4674
f 4670 4674 4675 4671
f 4675 4676 4677 4671
f 4675 4674 4678 4679
f 4675 4679 4680 4676
f 4680 4681 4682 4676
f 4680 4679 4683 4684
f 4680 4684 4685 4681
f 4685 4686 4687 4681
f 4685 4684 4688 4689
f 4685 4689 4690 4686
f 4690 4691 4692 4686
f 4690 4689 4693 4694
f 4690 4694 4695 4691
f 4695 4696 4697 4691
f 4695 4694 4698 4699
f 4695 4699 4700 4696
f 4700 4701 4702 4696
f 4700 4699 4703 4704
f 4700 4704 4705 4701
f 4705 4706 4707 4701
f 4705 4704 4708 4709
f 4705 4709 4710 4706
f 4710 4711 4712 4706
f 4710 4709 4713 4714
f 4710 4714 4715 4711
f 4715 4716 4717 4711
f 4715 4714 4718 4719
f 4715 4719 4720 4716
f 4720 4721 4722 4716
f 4720 4719 4723 4724
f 4720 4724 4725 4721
f 4725 4726 4727 4721
f 4725 4724 4728 4729
f 4725 4729 4730 4726
f 4730 4731 4732 4726
f 4730 4729 4733 4734
f 4730 4734 4735 4731
f 4735 4736 4737 4731
f 4735 4734 4738 4739
f 4735 4739 4740 4736
f 4740 4741 4742 4736
f 4740 4739 4743 4744
f 4740 4744 4745 4741
f 4745 4746 4747 4741
f 4745 4744 4748 4749
f 4745 4749 4750 4746
f 4750 4751 4752 4746
f 4750 4749 4753 4754
f 4750 4754 4755 4751
f 4755 4756 4757 4751
f 4755 4754 4758 4759
f 4755 4759 4760 4756
f 4760 4761 4762 4756
f 4760 4759 4763 4764
f 4760 4764 4765 4761
f 4765 4303 4301 4761
f 4765 4764 4766 4767
f 4765 4767 4305 4303
f 4767 4766 4768 4769
f 4767 4769 4307 4305
f 4769 4768 4770 4771
f 4769 4771 4309 4307
f 4771 4770 4772 4773
f 4771 4773 4311 4309
f 4773 4772 4774 4775
f 4773 4775 4313 4311
f 4775 4774 4776 4777
f 4775 4777 4315 4313
f 4777 4776 4778 4779
f 4777 4779 4317 4315
f 4779 4778 4780 4781
f 4779 4781 4319 4317
f 4781 4780 4782 4783
f 4781 4783 4321 4319
f 4783 4782 4784 4785
f 4783 4785 4786 4321
f 4786 4324 4322 4321
f 4786 4785 4787 4788
f 4786 4788 4789 4324
f 4789 4327 4325 4324
f 4789 4788 4790 4791
f 4789 4791 4792 4327
f 4792 4330 4328 4327
f 4792 4791 4793 4794
f 4792 4794 4795 4330
f 4795 4333 4331 4330
f 4795 4794 4796 4797
f 4795 4797 4798 4333
f 4798 4336 4334 4333
f 4798 4797 4799 4800
f 4798 4800 4801 4336
f 4801 4339 4337 4336
f 4801 4800 4802 4803
f 4801 4803 4804 4339
f 4804 4342 4340 4339
f 4804 4803 4805 4806
f 4804 4806 4807 4342
f 4807 4345 4343 4342
f 4807 4806 4808 4809
f 4807 4809 4810 4345
f 4810 4348 4346 4345
f 4810 4809 4811 4812
f 4810 4812 4813 4348
f 4813 4351 4349 4348
f 4813 4812 4814 4815
f 4813 4815 4353 4351
f 4815 4814 4816 4817
f 4815 4817 4355 4353
f 4817 4816 4818 4819
f 4817 4819 4357 4355
f 4819 4818 4820 4821
f 4819 4821 4359 4357
f 4821 4820 4822 4823
f 4821 4823 4824 4359
f 4824 4362 4360 4359
f 4824 4823 4825 4826
f 4824 4826 4827 4362
f 4827 4365 4363 4362
f 4827 4826 4828 4829
f 4827 4829 4367 4365
f 4829 4828 4395 4830
f 4829 4830 4369 4367
f 4830 4395 4393 4392
f 4830 4392 4371 4369
f 4828 4826 4825 4398
f 4828 4398 4396 4395
f 4825 4823 4822 4401
f 4825 4401 4399 4398
f 4822 4820 4831 4404
f 4822 4404 4402 4401
f 4831 4820 4818 4832
f 4831 4832 4833 4407
f 4831 4407 4405 4404
f 4833 4832 4834 4835
f 4833 4835 4836 4410
f 4833 4410 4408 4407
f 4836 4835 4837 4838
f 4836 4838 4839 4413
f 4836 4413 4411 4410
f 4839 4838 4840 4841
f 4839 4841 4842 4416
f 4839 4416 4414 4413
f 4842 4841 4843 4844
f 4842 4844 4845 4419
f 4842 4419 4417 4416
f 4845 4844 4846 4847
f 4845 4847 4848 4422
f 4845 4422 4420 4419
f 4848 4847 4849 4850
f 4848 4850 4851 4425
f 4848 4425 4423 4422
f 4851 4850 4852 4853
f 4851 4853 4854 4428
f 4851 4428 4426 4425
f 4854 4853 4855 4856
f 4854 4856 4857 4431
f 4854 4431 4429 4428
f 4857 4856 4858 4859
f 4857 4859 4860 4434
f 4857 4434 4432 4431
f 4860 4859 4861 4862
f 4860 4862 4863 4437
f 4860 4437 4435 4434
f 4863 4862 4864 4865
f 4863 4865 4866 4440
f 4863 4440 4438 4437
f 4866 4865 4867 4868
f 4866 4868 4869 4443
f 4866 4443 4441 4440
f 4869 4868 4870 4871
f 4869 4871 4872 4446
f 4869 4446 4444 4443
f 4872 4871 4873 4874
f 4872 4874 4875 4449
f 4872 4449 4447 4446
f 4875 4874 4876 4877
f 4875 4877 4878 4452
f 4875 4452 4450 4449
f 4878 4877 4879 4880
f 4878 4880 4881 4455
f 4878 4455 4453 4452
f 4881 4880 4882 4883
f 4881 4883 4884 4458
f 4881 4458 4456 4455
f 4884 4883 4885 4886
f 4884 4886 4463 4461
f 4884 4461 4459 4458
f 4886 4885 4887 4888
f 4886 4888 4465 4463
f 4888 4887 4889 4890
f 4888 4890 4467 4465
f 4890 4889 4891 4892
f 4890 4892 4469 4467
f 4892 4891 4893 4894
f 4892 4894 4895 4469
f 4895 4894 4896 4897
f 4895 4897 4898 4472
f 4895 4472 4470 4469
f 4898 4897 4899 4900
f 4898 4900 4901 4475
f 4898 4475 4473 4472
f 4901 4900 4902 4903
f 4901 4903 4904 4478
f 4901 4478 4476 4475
f 4904 4903 4905 4906
f 4904 4906 4907 4481
f 4904 4481 4479 4478
f 4907 4906 4908 4909
f 4907 4909 4910 4484
f 4907 4484 4482 4481
f 4910 4909 4911 4912
f 4910 4912 4913 4914
f 4910 4914 4485 4484
f 4914 4913 4915 4916
f 4914 4916 4486 4485
f 4916 4915 4917 4918
f 4916 4918 4488 4486
f 4918 4917 4919 4493
f 4918 4493 4490 4488
f 4919 4917 4920 4921
f 4919 4921 4922 4923
f 4919 4923 4494 4493
f 4923 4922 4924 4925
f 4923 4925 4495 4494
f 4925 4924 4926 4927
f 4925 4927 4497 4495
f 4927 4926 4928 4929
f 4927 4929 4499 4497
f 4929 4928 4930 4931
f 4929 4931 4501 4499
f 4931 4930 4932 4933
f 4931 4933 4503 4501
f 4933 4932 4934 4935
f 4933 4935 4505 4503
f 4935 4934 4936 4937
f 4935 4937 4507 4505
f 4937 4936 4938 4939
f 4937 4939 4509 4507
f 4939 4938 4940 4941
f 4939 4941 4511 4509
f 4941 4940 4942 4943
f 4941 4943 4513 4511
f 4943 4942 4944 4945
f 4943 4945 4515 4513
f 4945 4944 4946 4947
f 4945 4947 4517 4515
f 4947 4946 4948 4949
f 4947 4949 4519 4517
f 4949 4948 4950 4951
f 4949 4951 4521 4519
f 4951 4950 4952 4953
f 4951 4953 4523 4521
f 4953 4952 4954 4955
f 4953 4955 4525 4523
f 4955 4954 4956 4957
f 4955 4957 4527 4525
f 4957 4956 4958 4959
f 4957 4959 4529 4527
f 4959 4958 4960 4961
f 4959 4961 4531 4529
f 4961 4960 4962 4963
f 4961 4963 4533 4531
f 4963 4962 4964 4965
f 4963 4965 4966 4533
f 4966 4965 4967 4968
f 4966 4968 4969 4536
f 4966 4536 4534 4533
f 4969 4968 4970 4971
f 4969 4971 4972 4539
f 4969 4539 4537 4536
f 4972 4542 4540 4539
f 4972 4971 4973 4974
f 4972 4974 4975 4542
f 4975 4545 4543 4542
f 4975 4974 4976 4977
f 4975 4977 4978 4545
f 4978 4548 4546 4545
f 4978 4977 4979 4980
f 4978 4980 4981 4548
f 4981 4551 4549 4548
f 4981 4980 4982 4983
f 4981 4983 4984 4551
f 4984 4554 4552 4551
f 4984 4983 4985 4986
f 4984 4986 4987 4554
f 4987 4557 4555 4554
f 4987 4986 4988 4989
f 4987 4989 4990 4557
f 4990 4560 4558 4557
f 4990 4989 4991 4992
f 4990 4992 4993 4560
f 4993 4563 4561 4560
f 4993 4992 4994 4995
f 4993 4995 4996 4563
f 4996 4566 4564 4563
f 4996 4995 4997 4998
f 4996 4998 4999 4566
f 4999 4569 4567 4566
f 4999 4998 5000 5001
f 4999 5001 4575 4569
f 5001 5000 5002 4578
f 5001 4578 4576 4575
f 5002 4581 4579 4578
f 5002 5000 5003 5004
f 5002 5004 5005 4581
f 5005 4584 4582 4581
f 5005 5004 5006 5007
f 5005 5007 5008 4584
f 5008 4587 4585 4584
f 5008 5007 5009 5010
f 5008 5010 5011 4587
f 5011 4590 4588 4587
f 5011 5010 5012 5013
f 5011 5013 5014 4590
f 5014 4593 4591 4590
f 5014 5013 5015 5016
f 5014 5016 5017 4593
f 5017 4596 4594 4593
f 5017 5016 5018 5019
f 5017 5019 5020 4596
f 5020 4599 4597 4596
f 5020 5019 5021 5022
f 5020 5022 5023 4599
f 5023 4602 4600 4599
f 5023 5022 5024 5025
f 5023 5025 5026 4602
f 5026 4605 4603 4602
f 5026 5025 5027 5028
f 5026 5028 5029 4605
f 5029 4608 4606 4605
f 5029 5028 5030 5031
f 5029 5031 5032 4608
f 5032 4611 4609 4608
f 5032 5031 5033 5034
f 5032 5034 5035 4611
f 5035 4614 4612 4611
f 5035 5034 5036 5037
f 5035 5037 5038 4614
f 5038 4617 4615 4614
f 5038 5037 5039 5040
f 5038 5040 5041 4617
f 5041 4620 4618 4617
f 5041 5040 5042 5043
f 5041 5043 5044 4620
f 5044 4623 4621 4620
f 5044 5043 5045 5046
f 5044 5046 5047 4623
f 5047 4626 4624 4623
f 5047 5046 5048 5049
f 5047 5049 5050 4626
f 5050 4629 4627 4626
f 5050 5049 5051 5052
f 5050 5052 5053 4629
f 5053 4632 4630 4629
f 5053 5052 5054 5055
f 5053 5055 4634 4632
f 5055 5054 5056 5057
f 5055 5057 4636 4634
f 5057 5056 5058 5059
f 5057 5059 4638 4636
f 5059 5058 5060 5061
f 5059 5061 5062 4638
f 5062 4641 4639 4638
f 5062 5061 5063 5064
f 5062 5064 5065 4641
f 5065 5066 4642 4641
f 5065 5064 5067 5068
f 5065 5068 5069 5066
f 5069 5070 5071 5066
f 5069 5068 5072 76
f 5069 76 73 5070
f 5072 5068 5067 5073
f 5072 5073 5074 5075
f 5072 5075 74 76
f 5075 5074 5076 5077
f 5075 5077 75 74
f 5077 5076 5078 5079
f 5077 5079 5080 75
f 5080 5079 5081 5082
f 5080 5082 5083 5084
f 5080 5084 71 75
f 5084 5083 5085 5086
f 5084 5086 72 71
f 5086 5085 5087 5088
f 5086 5088 5089 72
f 5089 5090 5071 5070
f 5089 5070 73 72
f 5089 5088 70 5090
f 5090 4645 4643 5071
f 5090 70 69 4645
f 5088 5087 66 70
f 5087 5085 5091 5092
f 5087 5092 67 66
f 5092 5091 5093 5094
f 5092 5094 5095 67
f 5095 5094 5096 5097
f 5095 5097 5098 5099
f 5095 5099 64 67
f 5099 5098 5100 5101
f 5099 5101 65 64
f 5101 5100 5102 5103
f 5101 5103 5104 65
f 5104 5103 5105 5106
f 5104 5106 55 59
f 5104 59 61 65
f 5106 5105 5107 5108
f 5106 5108 56 55
f 5108 5109 5110 56
f 5108 5107 5111 5109
f 5111 5112 5113 5109
f 5111 5107 33 32
f 5111 32 5114 5112
f 5114 5115 5116 5112
f 5114 32 31 5117
f 5114 5117 5118 5115
f 5118 5119 5120 5115
f 5118 5117 5121 5122
f 5118 5122 5123 5119
f 5123 5124 5125 5119
f 5123 5122 5126 5127
f 5123 5127 5128 5124
f 5128 5129 5130 5124
f 5128 5127 5131 5132
f 5128 5132 5133 5129
f 5133 5134 5135 5129
f 5133 5132 5136 5137
f 5133 5137 5138 5134
f 5138 5139 5140 5134
f 5138 5137 5141 5142
f 5138 5142 5143 5139
f 5143 5144 5145 5139
f 5143 5142 5146 5147
f 5143 5147 5148 5144
f 5148 5149 5150 5144
f 5148 5147 5151 5152
f 5148 5152 5153 5149
f 5153 5154 5155 5149
f 5153 5152 5156 5157
f 5153 5157 5158 5154
f 5158 5159 5160 5154
f 5158 5157 5161 5162
f 5158 5162 5163 5159
f 5163 5164 5165 5159
f 5163 5162 5166 5167
f 5163 5167 5168 5164
f 5168 5169 5170 5164
f 5168 5167 5171 5172
f 5168 5172 5173 5169
f 5173 5174 5175 5169
f 5173 5172 5176 5177
f 5173 5177 5178 5174
f 5178 5179 5180 5174
f 5178 5177 5181 5182
f 5178 5182 5183 5179
f 5183 5184 5185 5179
f 5183 5182 5186 5187
f 5183 5187 5188 5184
f 5188 5189 5190 5184
f 5188 5187 5191 5192
f 5188 5192 5193 5189
f 5193 5194 5195 5189
f 5193 5192 5196 5197
f 5193 5197 5198 5194
f 5198 5199 5200 5194
f 5198 5197 5201 5202
f 5198 5202 5203 5199
f 5203 5204 5205 5199
f 5203 5202 5206 5207
f 5203 5207 5208 5204
f 5208 5209 5210 5204
f 5208 5207 5211 5212
f 5208 5212 5213 5209
f 5213 4772 4770 5209
f 5213 5212 5214 5215
f 5213 5215 4774 4772
f 5215 5214 5216 5217
f 5215 5217 4776 4774
f 5217 5216 5218 5219
f 5217 5219 4778 4776
f 5219 5218 5220 5221
f 5219 5221 4780 4778
f 5221 5220 5222 5223
f 5221 5223 4782 4780
f 5223 5222 4867 5224
f 5223 5224 4784 4782
f 5224 4867 4865 4864
f 5224 4864 5225 4784
f 5225 4787 4785 4784
f 5225 4864 4862 4861
f 5225 4861 5226 4787
f 5226 4790 4788 4787
f 5226 4861 4859 4858
f 5226 4858 5227 4790
f 5227 4793 4791 4790
f 5227 4858 4856 4855
f 5227 4855 5228 4793
f 5228 4796 4794 4793
f 5228 4855 4853 4852
f 5228 4852 5229 4796
f 5229 4799 4797 4796
f 5229 4852 4850 4849
f 5229 4849 5230 4799
f 5230 4802 4800 4799
f 5230 4849 4847 4846
f 5230 4846 5231 4802
f 5231 4805 4803 4802
f 5231 4846 4844 4843
f 5231 4843 5232 4805
f 5232 4808 4806 4805
f 5232 4843 4841 4840
f 5232 4840 5233 4808
f 5233 4811 4809 4808
f 5233 4840 4838 4837
f 5233 4837 5234 4811
f 5234 4814 4812 4811
f 5234 4837 4835 4834
f 5234 4834 4816 4814
f 5222 5220 5235 4870
f 5222 4870 4868 4867
f 5235 5220 5218 5236
f 5235 5236 5237 4873
f 5235 4873 4871 4870
f 5237 5236 5238 5239
f 5237 5239 5240 4876
f 5237 4876 4874 4873
f 5240 5239 5241 5242
f 5240 5242 5243 4879
f 5240 4879 4877 4876
f 5243 5242 5244 5245
f 5243 5245 5246 4882
f 5243 4882 4880 4879
f 5246 5245 5247 5248
f 5246 5248 4887 4885
f 5246 4885 4883 4882
f 5248 5247 5249 5250
f 5248 5250 4889 4887
f 5250 5249 5196 5251
f 5250 5251 4891 4889
f 5251 5196 5192 5191
f 5251 5191 4893 4891
f 5249 5201 5197 5196
f 5249 5247 5252 5201
f 5252 5206 5202 5201
f 5252 5247 5245 5244
f 5252 5244 5253 5206
f 5253 5211 5207 5206
f 5253 5244 5242 5241
f 5253 5241 5254 5211
f 5254 5214 5212 5211
f 5254 5241 5239 5238
f 5254 5238 5216 5214
f 5238 5236 5218 5216
f 5210 4768 4766 5255
f 5210 5255 5205 5204
f 5210 5209 4770 4768
f 5255 4766 4764 4763
f 5255 4763 5256 5205
f 5256 4763 4759 4758
f 5256 4758 5257 5200
f 5256 5200 5199 5205
f 5257 4758 4754 4753
f 5257 4753 5258 5195
f 5257 5195 5194 5200
f 5258 4753 4749 4748
f 5258 4748 5259 5190
f 5258 5190 5189 5195
f 5259 4748 4744 4743
f 5259 4743 5260 5185
f 5259 5185 5184 5190
f 5260 4743 4739 4738
f 5260 4738 5261 5180
f 5260 5180 5179 5185
f 5261 4738 4734 4733
f 5261 4733 5262 5175
f 5261 5175 5174 5180
f 5262 4733 4729 4728
f 5262 4728 5263 5170
f 5262 5170 5169 5175
f 5263 4728 4724 4723
f 5263 4723 5264 5165
f 5263 5165 5164 5170
f 5264 4723 4719 4718
f 5264 4718 5265 5160
f 5264 5160 5159 5165
f 5265 4718 4714 4713
f 5265 4713 5266 5155
f 5265 5155 5154 5160
f 5266 4713 4709 4708
f 5266 4708 5267 5150
f 5266 5150 5149 5155
f 5267 4708 4704 4703
f 5267 4703 5268 5145
f 5267 5145 5144 5150
f 5268 4703 4699 4698
f 5268 4698 5269 5140
f 5268 5140 5139 5145
f 5269 4698 4694 4693
f 5269 4693 5270 5135
f 5269 5135 5134 5140
f 5270 4693 4689 4688
f 5270 4688 5271 5130
f 5270 5130 5129 5135
f 5271 4688 4684 4683
f 5271 4683 5272 5125
f 5271 5125 5124 5130
f 5272 4683 4679 4678
f 5272 4678 5273 5120
f 5272 5120 5119 5125
f 5273 4678 4674 4673
f 5273 4673 5274 5116
f 5273 5116 5115 5120
f 5274 4673 4669 4668
f 5274 4668 5275 5113
f 5274 5113 5112 5116
f 5275 4668 4664 4663
f 5275 4663 5276 5110
f 5275 5110 5109 5113
f 5276 4663 4659 4658
f 5276 4658 60 57
f 5276 57 56 5110
f 5191 5187 5186 4893
f 5186 5182 5181 4896
f 5186 4896 4894 4893
f 5181 5177 5176 4899
f 5181 4899 4897 4896
f 5176 5172 5171 4902
f 5176 4902 4900 4899
f 5171 5167 5166 4905
f 5171 4905 4903 4902
f 5166 5162 5161 4908
f 5166 4908 4906 4905
f 5161 5157 5156 4911
f 5161 4911 4909 4908
f 5156 5152 5151 5277
f 5156 5277 4912 4911
f 5277 5151 5278 5279
f 5277 5279 4913 4912
f 5279 5278 5280 5281
f 5279 5281 4915 4913
f 5281 5280 5282 4920
f 5281 4920 4917 4915
f 5282 5280 5283 5284
f 5282 5284 5285 5286
f 5282 5286 4921 4920
f 5286 5285 5287 5288
f 5286 5288 4922 4921
f 5288 5287 5289 5290
f 5288 5290 4924 4922
f 5290 5289 5291 5292
f 5290 5292 4926 4924
f 5292 5291 5293 5294
f 5292 5294 4928 4926
f 5294 5293 5295 5296
f 5294 5296 4930 4928
f 5296 5295 5297 5298
f 5296 5298 4932 4930
f 5298 5297 5299 5300
f 5298 5300 4934 4932
f 5300 5299 5301 5302
f 5300 5302 4936 4934
f 5302 5301 5303 5304
f 5302 5304 4938 4936
f 5304 5303 5305 5306
f 5304 5306 4940 4938
f 5306 5305 5307 5308
f 5306 5308 4942 4940
f 5308 5307 5309 5310
f 5308 5310 4944 4942
f 5310 5309 5311 5312
f 5310 5312 4946 4944
f 5312 5311 5313 5314
f 5312 5314 4948 4946
f 5314 5313 5315 5316
f 5314 5316 4950 4948
f 5316 5315 5317 5318
f 5316 5318 4952 4950
f 5318 5317 5319 5320
f 5318 5320 4954 4952
f 5320 5319 5321 5322
f 5320 5322 4956 4954
f 5322 5321 5323 5324
f 5322 5324 4958 4956
f 5324 5323 5325 5326
f 5324 5326 4960 4958
f 5326 5325 5327 5328
f 5326 5328 4962 4960
f 5328 5327 5329 5330
f 5328 5330 4964 4962
f 5330 5329 5331 5332
f 5330 5332 5333 4964
f 5333 5332 5334 5335
f 5333 5335 5336 4967
f 5333 4967 4965 4964
f 5336 5335 5337 5338
f 5336 5338 5339 4970
f 5336 4970 4968 4967
f 5339 5338 109 113
f 5339 113 5340 4973
f 5339 4973 4971 4970
f 5340 4976 4974 4973
f 5340 113 112 5341
f 5340 5341 5342 4976
f 5342 4979 4977 4976
f 5342 5341 5343 5344
f 5342 5344 5345 4979
f 5345 4982 4980 4979
f 5345 5344 5346 5347
f 5345 5347 5348 4982
f 5348 4985 4983 4982
f 5348 5347 5349 5350
f 5348 5350 5351 4985
f 5351 4988 4986 4985
f 5351 5350 5352 5353
f 5351 5353 5354 4988
f 5354 4991 4989 4988
f 5354 5353 5355 5356
f 5354 5356 5357 4991
f 5357 5358 5359 4994
f 5357 4994 4992 4991
f 5357 5356 5360 5358
f 5360 5361 5362 5358
f 5360 5356 5355 5363
f 5360 5363 5364 5361
f 5364 5365 5366 5361
f 5364 5363 5367 5368
f 5364 5368 5369 5365
f 5369 5370 5371 5365
f 5369 5368 5372 5373
f 5369 5373 5374 5370
f 5374 5375 5376 5370
f 5374 5373 5377 5378
f 5374 5378 5379 5375
f 5379 5380 5381 5375
f 5379 5378 5382 5383
f 5379 5383 5384 5380
f 5384 5385 5386 5380
f 5384 5383 5387 5388
f 5384 5388 5389 5385
f 5389 5390 5391 5385
f 5389 5388 5392 5393
f 5389 5393 5394 5390
f 5394 5395 5396 5390
f 5394 5393 5397 5398
f 5394 5398 5399 5395
f 5399 5400 5401 5395
f 5399 5398 5402 5403
f 5399 5403 5404 5400
f 5404 5405 5406 5400
f 5404 5403 5407 5408
f 5404 5408 5409 5405
f 5409 5410 5411 5405
f 5409 5408 5412 5413
f 5409 5413 5414 5410
f 5414 5415 5416 5410
f 5414 5413 5417 5418
f 5414 5418 5419 5415
f 5419 5420 5421 5415
f 5419 5418 5422 5423
f 5419 5423 5424 5420
f 5424 5425 5426 5420
f 5424 5423 5427 5428
f 5424 5428 5429 5425
f 5429 5430 5431 5425
f 5429 5428 5432 5433
f 5429 5433 5434 5430
f 5434 5435 5436 5430
f 5434 5433 5437 5438
f 5434 5438 5439 5435
f 5439 5440 5441 5435
f 5439 5438 5442 5443
f 5439 5443 5444 5440
f 5444 5060 5058 5440
f 5444 5443 5445 5446
f 5444 5446 5447 5060
f 5447 5063 5061 5060
f 5447 5446 5448 5449
f 5447 5449 5450 5063
f 5450 5067 5064 5063
f 5450 5449 5451 5452
f 5450 5452 5073 5067
f 5452 5451 5453 5454
f 5452 5454 5074 5073
f 5454 5453 5455 5456
f 5454 5456 5076 5074
f 5456 5455 5457 5458
f 5456 5458 5078 5076
f 5458 5457 5459 5460
f 5458 5460 5461 5078
f 5461 5081 5079 5078
f 5461 5460 128 127
f 5461 127 131 5081
f 5460 5459 5462 128
f 5462 5459 5463 5464
f 5462 5464 5465 5466
f 5462 5466 129 128
f 5466 5465 5467 5468
f 5466 5468 132 129
f 5468 5467 5469 5470
f 5468 5470 5471 132
f 5471 5470 5472 5473
f 5471 5473 5474 5475
f 5471 5475 130 132
f 5475 5474 5476 5477
f 5475 5477 131 130
f 5477 5476 5083 5082
f 5477 5082 5081 131
f 5476 5474 5093 5091
f 5476 5091 5085 5083
f 5474 5473 5478 5093
f 5478 5473 5472 5479
f 5478 5479 5480 5096
f 5478 5096 5094 5093
f 5480 5479 5481 5482
f 5480 5482 5483 5484
f 5480 5484 5097 5096
f 5484 5483 5485 5486
f 5484 5486 5098 5097
f 5486 5485 5487 5488
f 5486 5488 5100 5098
f 5488 5487 5489 5490
f 5488 5490 5102 5100
f 5490 5489 38 35
f 5490 35 34 5102
f 5489 5487 5491 5492
f 5489 5492 5493 38
f 5493 5492 5494 5495
f 5493 5495 5496 5497
f 5493 5497 36 38
f 5497 5496 5498 5499
f 5497 5499 37 36
f 5499 5498 5500 5501
f 5499 5501 5502 37
f 5502 5503 29 37
f 5502 5501 5504 5505
f 5502 5505 5506 5503
f 5506 5507 5508 5503
f 5506 5505 5509 5510
f 5506 5510 5511 5507
f 5511 5512 5513 5507
f 5511 5510 5514 5515
f 5511 5515 5516 5512
f 5516 5517 5518 5512
f 5516 5515 5291 5289
f 5516 5289 5287 5517
f 5518 5519 5131 5520
f 5518 5520 5513 5512
f 5518 5517 5521 5519
f 5521 5522 5136 5519
f 5521 5517 5287 5285
f 5521 5285 5284 5522
f 5522 5141 5137 5136
f 5522 5284 5283 5141
f 5520 5131 5127 5126
f 5520 5126 5523 5513
f 5523 5126 5122 5121
f 5523 5121 30 5508
f 5523 5508 5507 5513
f 5519 5136 5132 5131
f 5515 5514 5293 5291
f 5514 5510 5509 5524
f 5514 5524 5295 5293
f 5524 5509 5525 5526
f 5524 5526 5297 5295
f 5526 5525 5527 5528
f 5526 5528 5299 5297
f 5528 5527 5529 5530
f 5528 5530 5301 5299
f 5530 5529 5531 5532
f 5530 5532 5303 5301
f 5532 5531 5533 5534
f 5532 5534 5305 5303
f 5534 5533 5535 5536
f 5534 5536 5307 5305
f 5536 5535 5537 5538
f 5536 5538 5309 5307
f 5538 5537 5539 5540
f 5538 5540 5311 5309
f 5540 5539 5541 5542
f 5540 5542 5313 5311
f 5542 5541 5543 5544
f 5542 5544 5315 5313
f 5544 5543 5545 5546
f 5544 5546 5317 5315
f 5546 5545 5547 5548
f 5546 5548 5319 5317
f 5548 5547 5549 5550
f 5548 5550 5321 5319
f 5550 5549 5551 5552
f 5550 5552 5323 5321
f 5552 5551 5553 5554
f 5552 5554 5325 5323
f 5554 5553 5555 5556
f 5554 5556 5327 5325
f 5556 5555 5557 5558
f 5556 5558 5329 5327
f 5558 5557 5559 5560
f 5558 5560 5331 5329
f 5560 5559 5561 5562
f 5560 5562 5563 5331
f 5563 5562 5564 5565
f 5563 5565 5566 5334
f 5563 5334 5332 5331
f 5566 5565 5567 5568
f 5566 5568 110 5337
f 5566 5337 5335 5334
f 5568 5567 5569 5570
f 5568 5570 111 110
f 5570 5569 5571 5572
f 5570 5572 114 111
f 5572 5571 5573 5574
f 5572 5574 5343 114
f 5574 5573 5575 5346
f 5574 5346 5344 5343
f 5575 5576 5577 5349
f 5575 5349 5347 5346
f 5575 5573 5578 5576
f 5578 5579 5580 5576
f 5578 5573 5571 5581
f 5578 5581 5582 5579
f 5582 5583 5584 5579
f 5582 5581 5585 5586
f 5582 5586 5587 5583
f 5587 5588 5589 5583
f 5587 5586 5590 5591
f 5587 5591 5592 5588
f 5592 5593 5594 5588
f 5592 5591 5595 5596
f 5592 5596 5597 5593
f 5597 5598 5599 5593
f 5597 5596 5600 5601
f 5597 5601 5602 5598
f 5602 5603 5604 5598
f 5602 5601 5605 5606
f 5602 5606 5607 5603
f 5607 5608 5609 5603
f 5607 5606 5610 5611
f 5607 5611 5612 5608
f 5612 5613 5614 5608
f 5612 5611 5615 5616
f 5612 5616 5617 5613
f 5617 5618 5619 5613
f 5617 5616 5620 5621
f 5617 5621 5622 5618
f 5622 5623 5624 5618
f 5622 5621 5625 5626
f 5622 5626 5627 5623
f 5627 5628 5629 5623
f 5627 5626 5630 5631
f 5627 5631 5632 5628
f 5632 5633 5634 5628
f 5632 5631 5635 5636
f 5632 5636 5637 5633
f 5637 5638 5639 5633
f 5637 5636 5640 5641
f 5637 5641 5642 5638
f 5642 5643 5644 5638
f 5642 5641 5645 5646
f 5642 5646 5647 5643
f 5647 5648 5649 5643
f 5647 5646 5650 5651
f 5647 5651 5652 5648
f 5652 5653 5654 5648
f 5652 5651 5655 5656
f 5652 5656 5657 5653
f 5657 5658 5659 5653
f 5657 5656 5660 5661
f 5657 5661 5662 5658
f 5662 5663 5664 5658
f 5662 5661 5665 5666
f 5662 5666 5667 5663
f 5667 5668 5669 5663
f 5667 5666 5670 5671
f 5667 5671 5463 5668
f 5671 5670 122 5672
f 5671 5672 5464 5463
f 5672 122 121 5673
f 5672 5673 5465 5464
f 5673 121 126 5674
f 5673 5674 5467 5465
f 5674 126 5675 5676
f 5674 5676 5469 5467
f 5676 5675 5677 5678
f 5676 5678 5679 5469
f 5679 5678 5680 5481
f 5679 5481 5479 5472
f 5679 5472 5470 5469
f 5680 5678 5677 5681
f 5680 5681 5682 5683
f 5680 5683 5482 5481
f 5683 5682 5684 5685
f 5683 5685 5483 5482
f 5685 5684 5686 5687
f 5685 5687 5485 5483
f 5687 5686 5688 5491
f 5687 5491 5487 5485
f 5688 5686 5689 5690
f 5688 5690 5691 5494
f 5688 5494 5492 5491
f 5691 5690 5692 5693
f 5691 5693 5694 5695
f 5691 5695 5495 5494
f 5695 5694 5696 5697
f 5695 5697 5496 5495
f 5697 5696 5698 5699
f 5697 5699 5498 5496
f 5699 5698 5700 5701
f 5699 5701 5500 5498
f 5701 5700 5702 5703
f 5701 5703 5704 5500
f 5704 5504 5501 5500
f 5704 5703 5529 5527
f 5704 5527 5525 5504
f 5703 5702 5531 5529
f 5702 5700 5705 5706
f 5702 5706 5533 5531
f 5706 5705 5707 5708
f 5706 5708 5535 5533
f 5708 5707 5709 5710
f 5708 5710 5537 5535
f 5710 5709 5711 5712
f 5710 5712 5539 5537
f 5712 5711 5713 5714
f 5712 5714 5541 5539
f 5714 5713 5715 5716
f 5714 5716 5543 5541
f 5716 5715 5717 5718
f 5716 5718 5545 5543
f 5718 5717 5719 5720
f 5718 5720 5547 5545
f 5720 5719 5721 5722
f 5720 5722 5549 5547
f 5722 5721 5723 5724
f 5722 5724 5551 5549
f 5724 5723 5725 5726
f 5724 5726 5553 5551
f 5726 5725 5727 5728
f 5726 5728 5555 5553
f 5728 5727 5729 5730
f 5728 5730 5557 5555
f 5730 5729 5731 5732
f 5730 5732 5559 5557
f 5732 5731 5600 5733
f 5732 5733 5561 5559
f 5733 5600 5596 5595
f 5733 5595 5734 5561
f 5734 5595 5591 5590
f 5734 5590 5735 5564
f 5734 5564 5562 5561
f 5735 5590 5586 5585
f 5735 5585 5569 5567
f 5735 5567 5565 5564
f 5731 5605 5601 5600
f 5731 5729 5736 5605
f 5736 5610 5606 5605
f 5736 5729 5727 5737
f 5736 5737 5738 5610
f 5738 5615 5611 5610
f 5738 5737 5739 5740
f 5738 5740 5741 5615
f 5741 5620 5616 5615
f 5741 5740 5742 5743
f 5741 5743 5744 5620
f 5744 5625 5621 5620
f 5744 5743 5745 5746
f 5744 5746 5747 5625
f 5747 5630 5626 5625
f 5747 5746 5748 5749
f 5747 5749 5750 5630
f 5750 5635 5631 5630
f 5750 5749 5751 5752
f 5750 5752 5753 5635
f 5753 5640 5636 5635
f 5753 5752 5754 5755
f 5753 5755 5756 5640
f 5756 5645 5641 5640
f 5756 5755 5757 5758
f 5756 5758 5759 5645
f 5759 5650 5646 5645
f 5759 5758 5760 5761
f 5759 5761 5762 5650
f 5762 5655 5651 5650
f 5762 5761 5763 5764
f 5762 5764 5765 5655
f 5765 5660 5656 5655
f 5765 5764 5766 5767
f 5765 5767 5768 5660
f 5768 5665 5661 5660
f 5768 5767 5769 5770
f 5768 5770 5771 5665
f 5771 5670 5666 5665
f 5771 5770 124 123
f 5771 123 122 5670
f 5770 5769 5772 124
f 5772 5769 5773 5774
f 5772 5774 5775 5776
f 5772 5776 125 124
f 5776 5775 5677 5675
f 5776 5675 126 125
f 5775 5774 5777 5778
f 5775 5778 5681 5677
f 5778 5777 5779 5780
f 5778 5780 5682 5681
f 5780 5779 5781 5782
f 5780 5782 5684 5682
f 5782 5781 5783 5689
f 5782 5689 5686 5684
f 5783 5781 5784 5785
f 5783 5785 5786 5692
f 5783 5692 5690 5689
f 5786 5785 5787 5788
f 5786 5788 5789 5790
f 5786 5790 5693 5692
f 5790 5789 5791 5792
f 5790 5792 5694 5693
f 5792 5791 5793 5794
f 5792 5794 5696 5694
f 5794 5793 5795 5796
f 5794 5796 5698 5696
f 5796 5795 5707 5705
f 5796 5705 5700 5698
f 5795 5793 5797 5798
f 5795 5798 5709 5707
f 5798 5797 5799 5800
f 5798 5800 5711 5709
f 5800 5799 5801 5802
f 5800 5802 5713 5711
f 5802 5801 5803 5804
f 5802 5804 5715 5713
f 5804 5803 5805 5806
f 5804 5806 5717 5715
f 5806 5805 5807 5808
f 5806 5808 5719 5717
f 5808 5807 5809 5810
f 5808 5810 5721 5719
f 5810 5809 5742 5811
f 5810 5811 5723 5721
f 5811 5742 5740 5739
f 5811 5739 5725 5723
f 5809 5745 5743 5742
f 5809 5807 5812 5745
f 5812 5748 5746 5745
f 5812 5807 5805 5813
f 5812 5813 5814 5748
f 5814 5751 5749 5748
f 5814 5813 5815 5816
f 5814 5816 5817 5751
f 5817 5754 5752 5751
f 5817 5816 5818 5819
f 5817 5819 5820 5754
f 5820 5757 5755 5754
f 5820 5819 5821 5822
f 5820 5822 5823 5757
f 5823 5760 5758 5757
f 5823 5822 5824 5825
f 5823 5825 5826 5760
f 5826 5763 5761 5760
f 5826 5825 5827 5828
f 5826 5828 5829 5763
f 5829 5766 5764 5763
f 5829 5828 5830 5831
f 5829 5831 5773 5766
f 5831 5830 5779 5777
f 5831 5777 5774 5773
f 5830 5828 5827 5784
f 5830 5784 5781 5779
f 5827 5825 5824 5787
f 5827 5787 5785 5784
f 5824 5822 5821 5832
f 5824 5832 5788 5787
f 5832 5821 5833 5834
f 5832 5834 5789 5788
f 5834 5833 5835 5836
f 5834 5836 5791 5789
f 5836 5835 5799 5797
f 5836 5797 5793 5791
f 5835 5833 5818 5837
f 5835 5837 5801 5799
f 5837 5818 5816 5815
f 5837 5815 5803 5801
f 5833 5821 5819 5818
f 5815 5813 5805 5803
f 5773 5769 5767 5766
f 5739 5737 5727 5725
f 5669 5455 5453 5838
f 5669 5838 5664 5663
f 5669 5668 5457 5455
f 5838 5453 5451 5839
f 5838 5839 5840 5664
f 5840 5839 5448 5841
f 5840 5841 5842 5659
f 5840 5659 5658 5664
f 5842 5841 5445 5843
f 5842 5843 5844 5654
f 5842 5654 5653 5659
f 5844 5843 5442 5845
f 5844 5845 5846 5649
f 5844 5649 5648 5654
f 5846 5845 5437 5847
f 5846 5847 5848 5644
f 5846 5644 5643 5649
f 5848 5847 5432 5849
f 5848 5849 5850 5639
f 5848 5639 5638 5644
f 5850 5849 5427 5851
f 5850 5851 5852 5634
f 5850 5634 5633 5639
f 5852 5851 5422 5853
f 5852 5853 5854 5629
f 5852 5629 5628 5634
f 5854 5853 5417 5855
f 5854 5855 5856 5624
f 5854 5624 5623 5629
f 5856 5855 5412 5857
f 5856 5857 5858 5619
f 5856 5619 5618 5624
f 5858 5857 5407 5859
f 5858 5859 5860 5614
f 5858 5614 5613 5619
f 5860 5859 5402 5861
f 5860 5861 5862 5609
f 5860 5609 5608 5614
f 5862 5861 5397 5863
f 5862 5863 5864 5604
f 5862 5604 5603 5609
f 5864 5863 5392 5865
f 5864 5865 5866 5599
f 5864 5599 5598 5604
f 5866 5865 5387 5867
f 5866 5867 5868 5594
f 5866 5594 5593 5599
f 5868 5867 5382 5869
f 5868 5869 5870 5589
f 5868 5589 5588 5594
f 5870 5869 5377 5871
f 5870 5871 5872 5584
f 5870 5584 5583 5589
f 5872 5871 5372 5873
f 5872 5873 5874 5580
f 5872 5580 5579 5584
f 5874 5873 5367 5875
f 5874 5875 5352 5577
f 5874 5577 5576 5580
f 5875 5367 5363 5355
f 5875 5355 5353 5352
f 5873 5372 5368 5367
f 5871 5377 5373 5372
f 5869 5382 5378 5377
f 5867 5387 5383 5382
f 5865 5392 5388 5387
f 5863 5397 5393 5392
f 5861 5402 5398 5397
f 5859 5407 5403 5402
f 5857 5412 5408 5407
f 5855 5417 5413 5412
f 5853 5422 5418 5417
f 5851 5427 5423 5422
f 5849 5432 5428 5427
f 5847 5437 5433 5432
f 5845 5442 5438 5437
f 5843 5445 5443 5442
f 5841 5448 5446 5445
f 5839 5451 5449 5448
f 5668 5463 5459 5457
f 5585 5581 5571 5569
f 5577 5352 5350 5349
f 5525 5509 5505 5504
f 5508 30 29 5503
f 5441 5056 5054 5876
f 5441 5876 5436 5435
f 5441 5440 5058 5056
f 5876 5054 5052 5051
f 5876 5051 5877 5436
f 5877 5051 5049 5048
f 5877 5048 5878 5431
f 5877 5431 5430 5436
f 5878 5048 5046 5045
f 5878 5045 5879 5426
f 5878 5426 5425 5431
f 5879 5045 5043 5042
f 5879 5042 5880 5421
f 5879 5421 5420 5426
f 5880 5042 5040 5039
f 5880 5039 5881 5416
f 5880 5416 5415 5421
f 5881 5039 5037 5036
f 5881 5036 5882 5411
f 5881 5411 5410 5416
f 5882 5036 5034 5033
f 5882 5033 5883 5406
f 5882 5406 5405 5411
f 5883 5033 5031 5030
f 5883 5030 5884 5401
f 5883 5401 5400 5406
f 5884 5030 5028 5027
f 5884 5027 5885 5396
f 5884 5396 5395 5401
f 5885 5027 5025 5024
f 5885 5024 5886 5391
f 5885 5391 5390 5396
f 5886 5024 5022 5021
f 5886 5021 5887 5386
f 5886 5386 5385 5391
f 5887 5021 5019 5018
f 5887 5018 5888 5381
f 5887 5381 5380 5386
f 5888 5018 5016 5015
f 5888 5015 5889 5376
f 5888 5376 5375 5381
f 5889 5015 5013 5012
f 5889 5012 5890 5371
f 5889 5371 5370 5376
f 5890 5012 5010 5009
f 5890 5009 5891 5366
f 5890 5366 5365 5371
f 5891 5009 5007 5006
f 5891 5006 5892 5362
f 5891 5362 5361 5366
f 5892 5006 5004 5003
f 5892 5003 4997 5359
f 5892 5359 5358 5362
f 5359 4997 4995 4994
f 5343 5341 112 114
f 5338 5337 110 109
f 5283 5146 5142 5141
f 5283 5280 5278 5146
f 5278 5151 5147 5146
f 5121 5117 31 30
f 5107 5105 34 33
f 5105 5103 5102 34
f 5071 4643 4642 5066
f 5003 5000 4998 4997
f 4834 4832 4818 4816
f 4762 4299 4297 5893
f 4762 5893 4757 4756
f 4762 4761 4301 4299
f 5893 4297 4295 4294
f 5893 4294 5894 4757
f 5894 4294 4292 4291
f 5894 4291 5895 4752
f 5894 4752 4751 4757
f 5895 4291 4289 4288
f 5895 4288 5896 4747
f 5895 4747 4746 4752
f 5896 4288 4286 4285
f 5896 4285 5897 4742
f 5896 4742 4741 4747
f 5897 4285 4283 4282
f 5897 4282 5898 4737
f 5897 4737 4736 4742
f 5898 4282 4280 4279
f 5898 4279 5899 4732
f 5898 4732 4731 4737
f 5899 4279 4277 4276
f 5899 4276 5900 4727
f 5899 4727 4726 4732
f 5900 4276 4274 4273
f 5900 4273 5901 4722
f 5900 4722 4721 4727
f 5901 4273 4271 4270
f 5901 4270 5902 4717
f 5901 4717 4716 4722
f 5902 4270 4268 4267
f 5902 4267 5903 4712
f 5902 4712 4711 4717
f 5903 4267 4265 4264
f 5903 4264 5904 4707
f 5903 4707 4706 4712
f 5904 4264 4262 4261
f 5904 4261 5905 4702
f 5904 4702 4701 4707
f 5905 4261 4259 4258
f 5905 4258 5906 4697
f 5905 4697 4696 4702
f 5906 4258 4256 4255
f 5906 4255 5907 4692
f 5906 4692 4691 4697
f 5907 4255 4253 4252
f 5907 4252 5908 4687
f 5907 4687 4686 4692
f 5908 4252 4250 4249
f 5908 4249 5909 4682
f 5908 4682 4681 4687
f 5909 4249 4247 4246
f 5909 4246 5910 4677
f 5909 4677 4676 4682
f 5910 4246 4244 4243
f 5910 4243 5911 4672
f 5910 4672 4671 4677
f 5911 4243 4241 4240
f 5911 4240 5912 4667
f 5911 4667 4666 4672
f 5912 4240 4238 4237
f 5912 4237 5913 4662
f 5912 4662 4661 4667
f 5913 4237 4235 4234
f 5913 4234 5914 4657
f 5913 4657 4656 4662
f 5914 4234 4232 4231
f 5914 4231 24 4652
f 5914 4652 4651 4657
f 4658 4654 4653 60
f 4653 4649 63 62
f 4653 62 58 60
f 4652 24 23 4648
f 4575 4572 4570 4569
f 4392 4390 4373 4371
f 4231 4229 25 24
f 4227 26 1 25
f 4225 4224 27 26
f 4161 4158 4156 4155
f 3956 3952 3950 3949
f 3713 3710 3708 3707
f 3517 3513 3511 3510
f 3504 3500 3498 3497
f 3457 2987 140 139
f 3241 3238 3236 3235
f 3040 3038 3037 137
f 2985 2984 141 140
f 2771 2768 2766 2765
f 2218 2216 45 49
f 2212 2210 54 47
f 2208 2207 52 54
f 1989 1389 1387 5915
f 1989 5915 1984 1983
f 1989 1988 1391 1389
f 5915 1387 1385 5916
f 5915 5916 5917 1984
f 5917 5916 5918 5919
f 5917 5919 5920 1979
f 5917 1979 1978 1984
f 5920 5919 5921 5922
f 5920 5922 5923 1974
f 5920 1974 1973 1979
f 5923 5922 5924 5925
f 5923 5925 5926 1969
f 5923 1969 1968 1974
f 5926 5925 5927 5928
f 5926 5928 5929 1964
f 5926 1964 1963 1969
f 5929 5928 5930 5931
f 5929 5931 5932 1959
f 5929 1959 1958 1964
f 5932 5931 5933 5934
f 5932 5934 5935 1954
f 5932 1954 1953 1959
f 5935 5934 5936 5937
f 5935 5937 5938 1949
f 5935 1949 1948 1954
f 5938 5937 5939 5940
f 5938 5940 5941 1944
f 5938 1944 1943 1949
f 5941 5940 5942 5943
f 5941 5943 5944 1939
f 5941 1939 1938 1944
f 5944 5943 5945 5946
f 5944 5946 5947 1934
f 5944 1934 1933 1939
f 5947 5946 5948 5949
f 5947 5949 5950 1929
f 5947 1929 1928 1934
f 5950 5949 5951 5952
f 5950 5952 5953 1924
f 5950 1924 1923 1929
f 5953 5952 5954 5955
f 5953 5955 5956 1919
f 5953 1919 1918 1924
f 5956 5955 5957 5958
f 5956 5958 5959 1914
f 5956 1914 1913 1919
f 5959 5958 5960 5961
f 5959 5961 5962 1909
f 5959 1909 1908 1914
f 5962 5961 5963 5964
f 5962 5964 5965 1904
f 5962 1904 1903 1909
f 5965 5964 5966 5967
f 5965 5967 5968 1899
f 5965 1899 1898 1904
f 5968 5967 5969 5970
f 5968 5970 5971 1894
f 5968 1894 1893 1899
f 5971 5970 5972 5973
f 5971 5973 5974 1889
f 5971 1889 1888 1894
f 5974 5973 5975 5976
f 5974 5976 5977 1884
f 5974 1884 1883 1889
f 5977 5976 5978 5979
f 5977 5979 5980 1879
f 5977 1879 1878 1884
f 5980 5979 5981 5982
f 5980 5982 5983 1874
f 5980 1874 1873 1879
f 5983 5982 5984 5985
f 5983 5985 5986 1869
f 5983 1869 1868 1874
f 5986 5985 5987 5988
f 5986 5988 5989 1864
f 5986 1864 1863 1869
f 5989 5988 5990 5991
f 5989 5991 5992 1859
f 5989 1859 1858 1864
f 5992 5991 5993 5994
f 5992 5994 5995 1854
f 5992 1854 1853 1859
f 5995 5994 5996 5997
f 5995 5997 5998 1849
f 5995 1849 1848 1854
f 5998 5997 5999 6000
f 5998 6000 6001 1844
f 5998 1844 1843 1849
f 6001 6000 6002 6003
f 6001 6003 6004 1839
f 6001 1839 1838 1844
f 6004 6003 6005 6006
f 6004 6006 6007 1834
f 6004 1834 1833 1839
f 6007 6006 6008 6009
f 6007 6009 6010 1829
f 6007 1829 1828 1834
f 6010 6009 6011 6012
f 6010 6012 6013 1824
f 6010 1824 1823 1829
f 6013 6012 6014 6015
f 6013 6015 6016 1819
f 6013 1819 1818 1824
f 6016 6015 6017 6018
f 6016 6018 92 1814
f 6016 1814 1813 1819
f 6018 6017 6019 6020
f 6018 6020 93 92
f 6020 6019 6021 6022
f 6020 6022 94 93
f 6022 6021 6023 6024
f 6022 6024 6025 94
f 6025 6024 6026 6027
f 6025 6027 6028 6029
f 6025 6029 95 94
f 6029 6028 6030 6031
f 6029 6031 96 95
f 6031 6030 6032 6033
f 6031 6033 6034 96
f 6034 6033 6035 6036
f 6034 6036 6037 6038
f 6034 6038 90 96
f 6038 6037 6039 6040
f 6038 6040 91 90
f 6040 6039 6041 6042
f 6040 6042 1802 91
f 6042 6041 6043 1797
f 6042 1797 1796 1802
f 6043 6041 6044 6045
f 6043 6045 6046 1792
f 6043 1792 1791 1797
f 6046 6045 6047 6048
f 6046 6048 6049 1787
f 6046 1787 1786 1792
f 6049 6048 6050 6051
f 6049 6051 6052 1782
f 6049 1782 1781 1787
f 6052 6051 6053 6054
f 6052 6054 6055 1777
f 6052 1777 1776 1782
f 6055 6054 6056 6057
f 6055 6057 6058 1772
f 6055 1772 1771 1777
f 6058 6057 6059 6060
f 6058 6060 6061 1767
f 6058 1767 1766 1772
f 6061 6060 6062 116
f 6061 116 115 1762
f 6061 1762 1761 1767
f 6062 6063 6064 6065
f 6062 6065 117 116
f 6062 6060 6059 6063
f 6065 6064 6066 6067
f 6065 6067 118 117
f 6067 6066 6068 6069
f 6067 6069 6070 118
f 6070 6069 6071 1748
f 6070 1748 1747 1753
f 6070 1753 119 118
f 6071 6069 6068 6072
f 6071 6072 6073 1743
f 6071 1743 1742 1748
f 6073 6072 6074 6075
f 6073 6075 6076 1738
f 6073 1738 1737 1743
f 6076 6075 6077 6078
f 6076 6078 6079 1733
f 6076 1733 1732 1738
f 6079 6078 6080 6081
f 6079 6081 6082 1728
f 6079 1728 1727 1733
f 6082 6081 6083 6084
f 6082 6084 6085 1723
f 6082 1723 1722 1728
f 6085 6084 6086 6087
f 6085 6087 6088 1718
f 6085 1718 1717 1723
f 6088 6087 6089 6090
f 6088 6090 6091 1715
f 6088 1715 1714 1718
f 6091 6090 6092 6093
f 6091 6093 80 79
f 6091 79 78 1715
f 6093 6092 6094 6095
f 6093 6095 6096 80
f 6096 6097 81 80
f 6096 6095 6098 6099
f 6096 6099 6032 6097
f 6099 6098 6100 6035
f 6099 6035 6033 6032
f 6100 6098 6101 6102
f 6100 6102 6103 6104
f 6100 6104 6036 6035
f 6104 6103 6105 6106
f 6104 6106 6037 6036
f 6106 6105 6107 6108
f 6106 6108 6039 6037
f 6108 6107 6109 6044
f 6108 6044 6041 6039
f 6109 6107 6110 6111
f 6109 6111 6112 6047
f 6109 6047 6045 6044
f 6112 6111 6113 6114
f 6112 6114 6115 6050
f 6112 6050 6048 6047
f 6115 6114 6116 6117
f 6115 6117 6118 6053
f 6115 6053 6051 6050
f 6118 6117 6119 6120
f 6118 6120 6121 6056
f 6118 6056 6054 6053
f 6121 6120 6122 6123
f 6121 6123 6063 6059
f 6121 6059 6057 6056
f 6123 6122 6124 6125
f 6123 6125 6064 6063
f 6125 6124 6126 6127
f 6125 6127 6066 6064
f 6127 6126 6128 6129
f 6127 6129 6068 6066
f 6129 6128 6130 6074
f 6129 6074 6072 6068
f 6130 6128 6131 6132
f 6130 6132 6133 6077
f 6130 6077 6075 6074
f 6133 6132 6134 6135
f 6133 6135 6136 6080
f 6133 6080 6078 6077
f 6136 6135 6137 6138
f 6136 6138 6139 6083
f 6136 6083 6081 6080
f 6139 6138 6140 6141
f 6139 6141 6142 6086
f 6139 6086 6084 6083
f 6142 6141 6143 6144
f 6142 6144 6145 6089
f 6142 6089 6087 6086
f 6145 6144 6146 6147
f 6145 6147 6094 6092
f 6145 6092 6090 6089
f 6147 6146 6148 6149
f 6147 6149 6101 6094
f 6149 6148 6150 6151
f 6149 6151 6102 6101
f 6151 6150 6152 6153
f 6151 6153 6103 6102
f 6153 6152 6154 6155
f 6153 6155 6105 6103
f 6155 6154 6156 6110
f 6155 6110 6107 6105
f 6156 6154 6157 6158
f 6156 6158 6159 6113
f 6156 6113 6111 6110
f 6159 6158 6160 6161
f 6159 6161 6162 6116
f 6159 6116 6114 6113
f 6162 6161 6163 6164
f 6162 6164 6165 6119
f 6162 6119 6117 6116
f 6165 6164 6166 6167
f 6165 6167 6124 6122
f 6165 6122 6120 6119
f 6167 6166 6168 6169
f 6167 6169 6126 6124
f 6169 6168 6170 6131
f 6169 6131 6128 6126
f 6170 6168 104 103
f 6170 103 107 6134
f 6170 6134 6132 6131
f 6168 6166 6171 104
f 6171 6172 105 104
f 6171 6166 6164 6163
f 6171 6163 6173 6172
f 6173 6174 6175 6172
f 6173 6163 6161 6160
f 6173 6160 6176 6174
f 6176 99 98 6174
f 6176 6160 6158 6157
f 6176 6157 102 99
f 6175 6177 6178 108
f 6175 108 105 6172
f 6175 6174 98 6177
f 6178 6177 6179 6180
f 6178 6180 6140 6181
f 6178 6181 106 108
f 6181 6140 6138 6137
f 6181 6137 107 106
f 6180 6179 6182 6143
f 6180 6143 6141 6140
f 6182 6179 97 101
f 6182 101 6148 6146
f 6182 6146 6144 6143
f 6179 6177 98 97
f 6157 6154 6152 102
f 6152 6150 100 102
f 6150 6148 101 100
f 6137 6135 6134 107
f 6101 6098 6095 6094
f 6097 6183 84 81
f 6097 6032 6030 6183
f 6183 6184 6185 84
f 6183 6030 6028 6184
f 6185 6186 1267 6187
f 6185 6187 85 84
f 6185 6184 6188 6186
f 6188 6189 1270 6186
f 6188 6184 6028 6027
f 6188 6027 6026 6189
f 6189 1273 1271 1270
f 6189 6026 6190 1273
f 6190 1276 1274 1273
f 6190 6026 6024 6023
f 6190 6023 6191 1276
f 6191 1279 1277 1276
f 6191 6023 6021 6192
f 6191 6192 6193 1279
f 6193 1282 1280 1279
f 6193 6192 6194 6195
f 6193 6195 6196 1282
f 6196 1285 1283 1282
f 6196 6195 6197 6198
f 6196 6198 6199 1285
f 6199 1288 1286 1285
f 6199 6198 6200 6201
f 6199 6201 6202 1288
f 6202 1291 1289 1288
f 6202 6201 6203 6204
f 6202 6204 6205 1291
f 6205 1294 1292 1291
f 6205 6204 6206 6207
f 6205 6207 6208 1294
f 6208 1297 1295 1294
f 6208 6207 6209 6210
f 6208 6210 6211 1297
f 6211 1300 1298 1297
f 6211 6210 6212 6213
f 6211 6213 6214 1300
f 6214 1303 1301 1300
f 6214 6213 6215 6216
f 6214 6216 6217 1303
f 6217 1306 1304 1303
f 6217 6216 6218 6219
f 6217 6219 6220 1306
f 6220 1309 1307 1306
f 6220 6219 6221 6222
f 6220 6222 6223 1309
f 6223 1312 1310 1309
f 6223 6222 6224 6225
f 6223 6225 6226 1312
f 6226 1315 1313 1312
f 6226 6225 6227 6228
f 6226 6228 6229 1315
f 6229 1318 1316 1315
f 6229 6228 6230 6231
f 6229 6231 6232 1318
f 6232 1321 1319 1318
f 6232 6231 6233 6234
f 6232 6234 6235 1321
f 6235 1324 1322 1321
f 6235 6234 6236 6237
f 6235 6237 6238 1324
f 6238 1327 1325 1324
f 6238 6237 6239 6240
f 6238 6240 6241 1327
f 6241 1330 1328 1327
f 6241 6240 6242 6243
f 6241 6243 6244 1330
f 6244 1333 1331 1330
f 6244 6243 6245 6246
f 6244 6246 6247 1333
f 6247 1336 1334 1333
f 6247 6246 6248 6249
f 6247 6249 6250 1336
f 6250 1339 1337 1336
f 6250 6249 6251 6252
f 6250 6252 6253 1339
f 6253 1342 1340 1339
f 6253 6252 6254 6255
f 6253 6255 6256 1342
f 6256 1345 1343 1342
f 6256 6255 6257 6258
f 6256 6258 6259 1345
f 6259 1348 1346 1345
f 6259 6258 6260 6261
f 6259 6261 6262 1348
f 6262 1351 1349 1348
f 6262 6261 6263 6264
f 6262 6264 6265 1351
f 6265 1354 1352 1351
f 6265 6264 6266 6267
f 6265 6267 6268 1354
f 6268 1357 1355 1354
f 6268 6267 6269 6270
f 6268 6270 6271 1357
f 6271 1360 1358 1357
f 6271 6270 6272 6273
f 6271 6273 1362 1360
f 6273 6272 6274 6275
f 6273 6275 1364 1362
f 6275 6274 5936 6276
f 6275 6276 1366 1364
f 6276 5936 5934 5933
f 6276 5933 1368 1366
f 6274 6272 6277 5939
f 6274 5939 5937 5936
f 6277 6272 6270 6269
f 6277 6269 6278 5942
f 6277 5942 5940 5939
f 6278 6269 6267 6266
f 6278 6266 6279 5945
f 6278 5945 5943 5942
f 6279 6266 6264 6263
f 6279 6263 6280 5948
f 6279 5948 5946 5945
f 6280 6263 6261 6260
f 6280 6260 6281 5951
f 6280 5951 5949 5948
f 6281 6260 6258 6257
f 6281 6257 6282 5954
f 6281 5954 5952 5951
f 6282 6257 6255 6254
f 6282 6254 6283 5957
f 6282 5957 5955 5954
f 6283 6254 6252 6251
f 6283 6251 6284 5960
f 6283 5960 5958 5957
f 6284 6251 6249 6248
f 6284 6248 6285 5963
f 6284 5963 5961 5960
f 6285 6248 6246 6245
f 6285 6245 6286 5966
f 6285 5966 5964 5963
f 6286 6245 6243 6242
f 6286 6242 6287 5969
f 6286 5969 5967 5966
f 6287 6242 6240 6239
f 6287 6239 6288 5972
f 6287 5972 5970 5969
f 6288 6239 6237 6236
f 6288 6236 6289 5975
f 6288 5975 5973 5972
f 6289 6236 6234 6233
f 6289 6233 6290 5978
f 6289 5978 5976 5975
f 6290 6233 6231 6230
f 6290 6230 6291 5981
f 6290 5981 5979 5978
f 6291 6230 6228 6227
f 6291 6227 6292 5984
f 6291 5984 5982 5981
f 6292 6227 6225 6224
f 6292 6224 6293 5987
f 6292 5987 5985 5984
f 6293 6224 6222 6221
f 6293 6221 6294 5990
f 6293 5990 5988 5987
f 6294 6221 6219 6218
f 6294 6218 6295 5993
f 6294 5993 5991 5990
f 6295 6218 6216 6215
f 6295 6215 6296 5996
f 6295 5996 5994 5993
f 6296 6215 6213 6212
f 6296 6212 6297 5999
f 6296 5999 5997 5996
f 6297 6212 6210 6209
f 6297 6209 6298 6002
f 6297 6002 6000 5999
f 6298 6209 6207 6206
f 6298 6206 6299 6005
f 6298 6005 6003 6002
f 6299 6206 6204 6203
f 6299 6203 6300 6008
f 6299 6008 6006 6005
f 6300 6203 6201 6200
f 6300 6200 6301 6011
f 6300 6011 6009 6008
f 6301 6200 6198 6197
f 6301 6197 6302 6014
f 6301 6014 6012 6011
f 6302 6197 6195 6194
f 6302 6194 6019 6017
f 6302 6017 6015 6014
f 6194 6192 6021 6019
f 6187 1267 1265 1264
f 6187 1264 86 85
f 6186 1270 1268 1267
f 5933 5931 5930 1368
f 5930 1371 1369 1368
f 5930 5928 5927 1371
f 5927 1374 1372 1371
f 5927 5925 5924 1374
f 5924 1377 1375 1374
f 5924 5922 5921 1377
f 5921 1380 1378 1377
f 5921 5919 5918 1380
f 5918 1383 1381 1380
f 5918 5916 1385 1383
f 1814 92 89 1809
f 1802 1801 87 91
f 1762 115 120 1757
f 1753 1752 120 119
f 1708 1704 1702 1701
f 1264 1262 1261 86
f 1178 1177 41 40
f 535 509 530 529
f 530 509 508 146
f 530 146 145 525
f 448 154 153 443
f 178 161 159 173
f 62 61 59 58

 